{
    "Nearest Neighbors": {
        "AVG-PR": 0.6060592945080214,
        "ROC-AUC": 0.7660992715496685,
        "Accuracy": 0.7971896955503512,
        "emission": 1.3686760379666355e-07
    },
    "Linear SVM": {
        "AVG-PR": 0.6065177846023364,
        "ROC-AUC": 0.7646406401439978,
        "Accuracy": 0.7976580796252928,
        "emission": 3.3574664038949906e-07
    },
    "RBF SVM": {
        "AVG-PR": 0.37792754941105355,
        "ROC-AUC": 0.5234001207673729,
        "Accuracy": 0.6627634660421545,
        "emission": 1.2130162754511045e-06
    },
    "Gaussian Process": {
        "AVG-PR": 0.3522248243559719,
        "ROC-AUC": 0.5,
        "Accuracy": 0.6477751756440281,
        "emission": 2.787009852095725e-05
    },
    "Decision Tree": {
        "AVG-PR": 0.5449119532027911,
        "ROC-AUC": 0.7256157597575421,
        "Accuracy": 0.7545667447306792,
        "emission": 5.516238602766695e-08
    },
    "Random Forest": {
        "AVG-PR": 0.4856046639095122,
        "ROC-AUC": 0.6286903278411101,
        "Accuracy": 0.726463700234192,
        "emission": 8.979993691045486e-07
    },
    "AdaBoost": {
        "AVG-PR": 0.5974081809447745,
        "ROC-AUC": 0.7638262295964677,
        "Accuracy": 0.7911007025761124,
        "emission": 5.726919004514581e-07
    },
    "Naive Bayes": {
        "AVG-PR": 0.4794314720920142,
        "ROC-AUC": 0.6422502153813018,
        "Accuracy": 0.7208430913348947,
        "emission": 9.892223429621128e-09
    },
    "QDA": {
        "AVG-PR": 0.5593202423035513,
        "ROC-AUC": 0.7281546630051845,
        "Accuracy": 0.7676814988290398,
        "emission": 8.515233879017933e-08
    },
    "PLS-DA": {
        "AVG-PR": 0.7466756158142733,
        "ROC-AUC": 0.847560037537884,
        "Accuracy": 0.7704918032786885,
        "emission": 1.081703072733836e-06
    },
    "DNN": {
        "AVG-PR": 0.8119272018784058,
        "ROC-AUC": 0.8851181135674836,
        "Accuracy": 0.8234192037470726,
        "emission": 0.00011644150161466252
    }
}