{
    "Nearest Neighbors": {
        "AVG-PR": 0.4676611523576993,
        "ROC-AUC": 0.6283912939800925,
        "Accuracy": 0.7142857142857143,
        "emission": 2.923384682133952e-07
    },
    "Linear SVM": {
        "AVG-PR": 0.5180976988827669,
        "ROC-AUC": 0.7047963685174075,
        "Accuracy": 0.7334894613583138,
        "emission": 4.610684572173383e-06
    },
    "RBF SVM": {
        "AVG-PR": 0.3723921221784842,
        "ROC-AUC": 0.5220828333410256,
        "Accuracy": 0.6594847775175644,
        "emission": 1.0577457571701251e-05
    },
    "Gaussian Process": {
        "AVG-PR": 0.5618120085623034,
        "ROC-AUC": 0.7269287203273795,
        "Accuracy": 0.7700234192037471,
        "emission": 0.00016366975497469642
    },
    "Decision Tree": {
        "AVG-PR": 0.45489564090308193,
        "ROC-AUC": 0.6225029230319533,
        "Accuracy": 0.7035128805620608,
        "emission": 1.3186606954079193e-07
    },
    "Random Forest": {
        "AVG-PR": 0.3522248243559719,
        "ROC-AUC": 0.5,
        "Accuracy": 0.6477751756440281,
        "emission": 8.286166393528098e-07
    },
    "AdaBoost": {
        "AVG-PR": 0.522501784960308,
        "ROC-AUC": 0.6884687350963832,
        "Accuracy": 0.746135831381733,
        "emission": 1.8109371025471058e-06
    },
    "Naive Bayes": {
        "AVG-PR": 0.36534323485485826,
        "ROC-AUC": 0.527529864925155,
        "Accuracy": 0.4346604215456675,
        "emission": 1.20970629751353e-07
    },
    "QDA": {
        "AVG-PR": 0.4292453005605734,
        "ROC-AUC": 0.6259158512945955,
        "Accuracy": 0.6210772833723653,
        "emission": 3.004361192001556e-06
    },
    "PLS-DA": {
        "AVG-PR": 0.7385533062254624,
        "ROC-AUC": 0.8246599090783219,
        "Accuracy": 0.776112412177986,
        "emission": 1.1961548933001955e-05
    },
    "DNN": {
        "AVG-PR": 0.69623000834101,
        "ROC-AUC": 0.8050573260411378,
        "Accuracy": 0.7601873536299766,
        "emission": 0.00011287843414221061
    }
}