{
    "Nearest Neighbors": {
        "AVG-PR": 0.08259345794392522,
        "ROC-AUC": 0.52114898989899,
        "Accuracy": 0.9112149532710281,
        "emission": 3.6261817102074937e-08
    },
    "Linear SVM": {
        "AVG-PR": 0.2467143691588785,
        "ROC-AUC": 0.6486742424242424,
        "Accuracy": 0.9345794392523364,
        "emission": 1.2047479062335789e-08
    },
    "RBF SVM": {
        "AVG-PR": 0.07476635514018691,
        "ROC-AUC": 0.5,
        "Accuracy": 0.9252336448598131,
        "emission": 3.750655638957851e-08
    },
    "Gaussian Process": {
        "AVG-PR": 0.07476635514018691,
        "ROC-AUC": 0.5,
        "Accuracy": 0.9252336448598131,
        "emission": 3.601072209552171e-06
    },
    "Decision Tree": {
        "AVG-PR": 0.09667056074766354,
        "ROC-AUC": 0.5473484848484849,
        "Accuracy": 0.9065420560747663,
        "emission": 8.831155070390823e-09
    },
    "Random Forest": {
        "AVG-PR": 0.07476635514018691,
        "ROC-AUC": 0.5,
        "Accuracy": 0.9252336448598131,
        "emission": 5.459268213166055e-07
    },
    "AdaBoost": {
        "AVG-PR": 0.1810747663551402,
        "ROC-AUC": 0.6148989898989898,
        "Accuracy": 0.9252336448598131,
        "emission": 7.700232419934844e-08
    },
    "Naive Bayes": {
        "AVG-PR": 0.14698385726423108,
        "ROC-AUC": 0.6073232323232324,
        "Accuracy": 0.9112149532710281,
        "emission": 5.4415174726736e-09
    },
    "QDA": {
        "AVG-PR": 0.09142857142857143,
        "ROC-AUC": 0.5984848484848485,
        "Accuracy": 0.2570093457943925,
        "emission": 8.321540835945423e-08
    },
    "PLS-DA": {
        "AVG-PR": 0.3872163179715715,
        "ROC-AUC": 0.7613636363636364,
        "Accuracy": 0.9252336448598131,
        "emission": 6.23130814737129e-07
    },
    "DNN": {
        "AVG-PR": 0.1797472185471108,
        "ROC-AUC": 0.7556818181818181,
        "Accuracy": 0.9252336448598131,
        "emission": 2.1271777868216552e-05
    }
}