{
    "Nearest Neighbors": {
        "AVG-PR": 0.18372982158028886,
        "ROC-AUC": 0.6095360824742267,
        "Accuracy": 0.9018691588785047,
        "emission": 1.3017188782747946e-08
    },
    "Linear SVM": {
        "AVG-PR": 0.2492092020129403,
        "ROC-AUC": 0.6595360824742268,
        "Accuracy": 0.9112149532710281,
        "emission": 1.1765455305820358e-08
    },
    "RBF SVM": {
        "AVG-PR": 0.09345794392523364,
        "ROC-AUC": 0.5,
        "Accuracy": 0.9065420560747663,
        "emission": 3.4988584277919626e-08
    },
    "Gaussian Process": {
        "AVG-PR": 0.15077881619937694,
        "ROC-AUC": 0.5474226804123712,
        "Accuracy": 0.9112149532710281,
        "emission": 3.43889459909793e-06
    },
    "Decision Tree": {
        "AVG-PR": 0.1890520694259012,
        "ROC-AUC": 0.5922680412371134,
        "Accuracy": 0.9112149532710281,
        "emission": 7.219010736867359e-09
    },
    "Random Forest": {
        "AVG-PR": 0.09345794392523364,
        "ROC-AUC": 0.5,
        "Accuracy": 0.9065420560747663,
        "emission": 5.470790003453713e-07
    },
    "AdaBoost": {
        "AVG-PR": 0.1203483432455395,
        "ROC-AUC": 0.554381443298969,
        "Accuracy": 0.883177570093458,
        "emission": 7.71098442839847e-08
    },
    "Naive Bayes": {
        "AVG-PR": 0.13630481667864847,
        "ROC-AUC": 0.5768041237113402,
        "Accuracy": 0.883177570093458,
        "emission": 6.065545361100413e-09
    },
    "QDA": {
        "AVG-PR": 0.10330677697768245,
        "ROC-AUC": 0.5523195876288659,
        "Accuracy": 0.22897196261682243,
        "emission": 6.900539096157635e-08
    },
    "PLS-DA": {
        "AVG-PR": 0.3389080105154359,
        "ROC-AUC": 0.7461340206185567,
        "Accuracy": 0.8925233644859814,
        "emission": 6.438540060841734e-07
    },
    "DNN": {
        "AVG-PR": 0.3916983801071121,
        "ROC-AUC": 0.7095360824742268,
        "Accuracy": 0.9065420560747663,
        "emission": 2.1011230532969846e-05
    }
}