{
    "Nearest Neighbors": {
        "AVG-PR": 0.285417811984607,
        "ROC-AUC": 0.6367647058823529,
        "Accuracy": 0.8504672897196262,
        "emission": 1.4879295379576171e-08
    },
    "Linear SVM": {
        "AVG-PR": 0.3022575324974729,
        "ROC-AUC": 0.6761437908496732,
        "Accuracy": 0.8364485981308412,
        "emission": 1.2457814885400868e-08
    },
    "RBF SVM": {
        "AVG-PR": 0.2083562396921385,
        "ROC-AUC": 0.5294117647058824,
        "Accuracy": 0.8504672897196262,
        "emission": 4.609495863195744e-08
    },
    "Gaussian Process": {
        "AVG-PR": 0.1588785046728972,
        "ROC-AUC": 0.5,
        "Accuracy": 0.8411214953271028,
        "emission": 4.292180273941293e-06
    },
    "Decision Tree": {
        "AVG-PR": 0.3000803484585782,
        "ROC-AUC": 0.6212418300653594,
        "Accuracy": 0.8644859813084113,
        "emission": 8.252406419075333e-09
    },
    "Random Forest": {
        "AVG-PR": 0.1588785046728972,
        "ROC-AUC": 0.5,
        "Accuracy": 0.8411214953271028,
        "emission": 5.328370054156995e-07
    },
    "AdaBoost": {
        "AVG-PR": 0.3151774009388083,
        "ROC-AUC": 0.6725490196078431,
        "Accuracy": 0.8504672897196262,
        "emission": 7.404402108439011e-08
    },
    "Naive Bayes": {
        "AVG-PR": 0.20633284466434548,
        "ROC-AUC": 0.5923202614379085,
        "Accuracy": 0.7757009345794392,
        "emission": 6.2243333287013735e-09
    },
    "QDA": {
        "AVG-PR": 0.1856300258104192,
        "ROC-AUC": 0.5852941176470587,
        "Accuracy": 0.32242990654205606,
        "emission": 6.508439708840538e-08
    },
    "PLS-DA": {
        "AVG-PR": 0.5679996561912551,
        "ROC-AUC": 0.8276960784313726,
        "Accuracy": 0.8691588785046729,
        "emission": 6.043075346700533e-07
    },
    "DNN": {
        "AVG-PR": 0.5814082216717977,
        "ROC-AUC": 0.8108660130718954,
        "Accuracy": 0.8785046728971962,
        "emission": 2.1029799978604734e-05
    }
}