{
    "Nearest Neighbors": {
        "AVG-PR": 0.24028529267092963,
        "ROC-AUC": 0.6662618083670716,
        "Accuracy": 0.9112149532710281,
        "emission": 1.4770545324958667e-08
    },
    "Linear SVM": {
        "AVG-PR": 0.20462370880472208,
        "ROC-AUC": 0.6906882591093118,
        "Accuracy": 0.8691588785046729,
        "emission": 1.0919432768960535e-08
    },
    "RBF SVM": {
        "AVG-PR": 0.1367437284800787,
        "ROC-AUC": 0.5263157894736842,
        "Accuracy": 0.9158878504672897,
        "emission": 3.570173197172469e-08
    },
    "Gaussian Process": {
        "AVG-PR": 0.08878504672897196,
        "ROC-AUC": 0.5,
        "Accuracy": 0.9112149532710281,
        "emission": 4.227274417908097e-06
    },
    "Decision Tree": {
        "AVG-PR": 0.20777755273284915,
        "ROC-AUC": 0.6585695006747638,
        "Accuracy": 0.897196261682243,
        "emission": 7.763849137735426e-09
    },
    "Random Forest": {
        "AVG-PR": 0.08878504672897196,
        "ROC-AUC": 0.5,
        "Accuracy": 0.9112149532710281,
        "emission": 5.50971001920512e-07
    },
    "AdaBoost": {
        "AVG-PR": 0.35165359798616935,
        "ROC-AUC": 0.745209176788124,
        "Accuracy": 0.9252336448598131,
        "emission": 7.564255756260526e-08
    },
    "Naive Bayes": {
        "AVG-PR": 0.24050887626883694,
        "ROC-AUC": 0.7035087719298245,
        "Accuracy": 0.8925233644859814,
        "emission": 8.107519233151615e-09
    },
    "QDA": {
        "AVG-PR": 0.1043956043956044,
        "ROC-AUC": 0.582051282051282,
        "Accuracy": 0.2383177570093458,
        "emission": 7.579268097053885e-08
    },
    "PLS-DA": {
        "AVG-PR": 0.5707826855068991,
        "ROC-AUC": 0.8963562753036437,
        "Accuracy": 0.9345794392523364,
        "emission": 6.495795818030908e-07
    },
    "DNN": {
        "AVG-PR": 0.4481232618365723,
        "ROC-AUC": 0.8145748987854251,
        "Accuracy": 0.9112149532710281,
        "emission": 2.1197440100156666e-05
    }
}