{
    "Nearest Neighbors": {
        "AVG-PR": 0.18864368177177412,
        "ROC-AUC": 0.6867857142857142,
        "Accuracy": 0.9112149532710281,
        "emission": 2.5989599362771666e-08
    },
    "Linear SVM": {
        "AVG-PR": 0.14196706720071206,
        "ROC-AUC": 0.6228571428571428,
        "Accuracy": 0.9158878504672897,
        "emission": 1.5413456892842478e-08
    },
    "RBF SVM": {
        "AVG-PR": 0.13217623497997327,
        "ROC-AUC": 0.5357142857142857,
        "Accuracy": 0.9392523364485982,
        "emission": 3.831601969016278e-08
    },
    "Gaussian Process": {
        "AVG-PR": 0.06542056074766354,
        "ROC-AUC": 0.5,
        "Accuracy": 0.9345794392523364,
        "emission": 3.937035295578397e-06
    },
    "Decision Tree": {
        "AVG-PR": 0.10085241860942795,
        "ROC-AUC": 0.5821428571428571,
        "Accuracy": 0.9018691588785047,
        "emission": 1.005363645192913e-08
    },
    "Random Forest": {
        "AVG-PR": 0.06542056074766354,
        "ROC-AUC": 0.5,
        "Accuracy": 0.9345794392523364,
        "emission": 6.352605017568018e-07
    },
    "AdaBoost": {
        "AVG-PR": 0.17941871212899252,
        "ROC-AUC": 0.6585714285714286,
        "Accuracy": 0.9205607476635514,
        "emission": 7.716766807206587e-08
    },
    "Naive Bayes": {
        "AVG-PR": 0.12283044058744992,
        "ROC-AUC": 0.5921428571428571,
        "Accuracy": 0.9205607476635514,
        "emission": 6.196955201409026e-09
    },
    "QDA": {
        "AVG-PR": 0.07326055953392403,
        "ROC-AUC": 0.5567857142857143,
        "Accuracy": 0.2336448598130841,
        "emission": 7.08369264041078e-08
    },
    "PLS-DA": {
        "AVG-PR": 0.45718011763216804,
        "ROC-AUC": 0.819642857142857,
        "Accuracy": 0.8878504672897196,
        "emission": 6.350240045865507e-07
    },
    "DNN": {
        "AVG-PR": 0.4189193222398616,
        "ROC-AUC": 0.8514285714285714,
        "Accuracy": 0.9392523364485982,
        "emission": 2.286739390330206e-05
    }
}