{
    "Nearest Neighbors": {
        "AVG-PR": 0.12159916926272066,
        "ROC-AUC": 0.6037940379403794,
        "Accuracy": 0.9532710280373832,
        "emission": 2.6805096586897606e-08
    },
    "Linear SVM": {
        "AVG-PR": 0.36591381100726894,
        "ROC-AUC": 0.7704607046070461,
        "Accuracy": 0.9672897196261683,
        "emission": 7.708987233437275e-09
    },
    "RBF SVM": {
        "AVG-PR": 0.04205607476635514,
        "ROC-AUC": 0.5,
        "Accuracy": 0.9579439252336449,
        "emission": 3.846887211082507e-08
    },
    "Gaussian Process": {
        "AVG-PR": 0.04205607476635514,
        "ROC-AUC": 0.5,
        "Accuracy": 0.9579439252336449,
        "emission": 4.0505641848660415e-06
    },
    "Decision Tree": {
        "AVG-PR": 0.27733273994956237,
        "ROC-AUC": 0.7149051490514905,
        "Accuracy": 0.9626168224299065,
        "emission": 7.25919211582966e-09
    },
    "Random Forest": {
        "AVG-PR": 0.04205607476635514,
        "ROC-AUC": 0.5,
        "Accuracy": 0.9579439252336449,
        "emission": 5.879069282439179e-07
    },
    "AdaBoost": {
        "AVG-PR": 0.2780373831775701,
        "ROC-AUC": 0.6642276422764227,
        "Accuracy": 0.9672897196261683,
        "emission": 8.478125189453548e-08
    },
    "Naive Bayes": {
        "AVG-PR": 0.46780893042575283,
        "ROC-AUC": 0.7222222222222222,
        "Accuracy": 0.9766355140186916,
        "emission": 6.659912685599199e-09
    },
    "QDA": {
        "AVG-PR": 0.052941176470588235,
        "ROC-AUC": 0.6073170731707317,
        "Accuracy": 0.24766355140186916,
        "emission": 1.0345493860127119e-07
    },
    "PLS-DA": {
        "AVG-PR": 0.6097699382380021,
        "ROC-AUC": 0.8067750677506775,
        "Accuracy": 0.9672897196261683,
        "emission": 6.27567339017581e-07
    },
    "DNN": {
        "AVG-PR": 0.47091359573629077,
        "ROC-AUC": 0.832791327913279,
        "Accuracy": 0.9579439252336449,
        "emission": 2.055173395419504e-05
    }
}