{
    "Nearest Neighbors": {
        "AVG-PR": 0.09306853582554517,
        "ROC-AUC": 0.5391914191419142,
        "Accuracy": 0.9439252336448598,
        "emission": 1.49824645960111e-08
    },
    "Linear SVM": {
        "AVG-PR": 0.22955607476635514,
        "ROC-AUC": 0.6225247524752475,
        "Accuracy": 0.9532710280373832,
        "emission": 8.298970860991265e-09
    },
    "RBF SVM": {
        "AVG-PR": 0.056074766355140186,
        "ROC-AUC": 0.5,
        "Accuracy": 0.9439252336448598,
        "emission": 3.747825911692649e-08
    },
    "Gaussian Process": {
        "AVG-PR": 0.056074766355140186,
        "ROC-AUC": 0.5,
        "Accuracy": 0.9439252336448598,
        "emission": 5.642148508823027e-06
    },
    "Decision Tree": {
        "AVG-PR": 0.13473520249221183,
        "ROC-AUC": 0.5416666666666666,
        "Accuracy": 0.9485981308411215,
        "emission": 8.532503820267541e-09
    },
    "Random Forest": {
        "AVG-PR": 0.056074766355140186,
        "ROC-AUC": 0.5,
        "Accuracy": 0.9439252336448598,
        "emission": 6.760767232668935e-07
    },
    "AdaBoost": {
        "AVG-PR": 0.14919893190921227,
        "ROC-AUC": 0.6150990099009901,
        "Accuracy": 0.9392523364485982,
        "emission": 9.477389110304027e-08
    },
    "Naive Bayes": {
        "AVG-PR": 0.09306853582554517,
        "ROC-AUC": 0.5391914191419142,
        "Accuracy": 0.9439252336448598,
        "emission": 6.391633110512449e-09
    },
    "QDA": {
        "AVG-PR": 0.06857142857142857,
        "ROC-AUC": 0.5965346534653465,
        "Accuracy": 0.2383177570093458,
        "emission": 7.370809468292731e-08
    },
    "PLS-DA": {
        "AVG-PR": 0.38465295139318817,
        "ROC-AUC": 0.8737623762376238,
        "Accuracy": 0.9439252336448598,
        "emission": 6.561154352514731e-07
    },
    "DNN": {
        "AVG-PR": 0.37489515935198564,
        "ROC-AUC": 0.8683993399339934,
        "Accuracy": 0.9439252336448598,
        "emission": 2.1214567340786154e-05
    }
}