{
    "Nearest Neighbors": {
        "AVG-PR": 0.09875389408099688,
        "ROC-AUC": 0.530820770519263,
        "Accuracy": 0.9299065420560748,
        "emission": 3.409510815988319e-08
    },
    "Linear SVM": {
        "AVG-PR": 0.11607476635514019,
        "ROC-AUC": 0.5824120603015075,
        "Accuracy": 0.9112149532710281,
        "emission": 9.093266269031186e-09
    },
    "RBF SVM": {
        "AVG-PR": 0.07009345794392523,
        "ROC-AUC": 0.5,
        "Accuracy": 0.9299065420560748,
        "emission": 3.7963104102301755e-08
    },
    "Gaussian Process": {
        "AVG-PR": 0.07009345794392523,
        "ROC-AUC": 0.5,
        "Accuracy": 0.9299065420560748,
        "emission": 3.47071294925634e-06
    },
    "Decision Tree": {
        "AVG-PR": 0.18473520249221184,
        "ROC-AUC": 0.6232830820770519,
        "Accuracy": 0.9299065420560748,
        "emission": 8.724583675213358e-09
    },
    "Random Forest": {
        "AVG-PR": 0.07009345794392523,
        "ROC-AUC": 0.5,
        "Accuracy": 0.9299065420560748,
        "emission": 4.974450071579966e-07
    },
    "AdaBoost": {
        "AVG-PR": 0.09037729318103149,
        "ROC-AUC": 0.5490787269681742,
        "Accuracy": 0.9065420560747663,
        "emission": 7.365035119701793e-08
    },
    "Naive Bayes": {
        "AVG-PR": 0.07653167185877466,
        "ROC-AUC": 0.5207705192629816,
        "Accuracy": 0.9112149532710281,
        "emission": 5.801902962864939e-09
    },
    "QDA": {
        "AVG-PR": 0.08241758241758242,
        "ROC-AUC": 0.5804020100502513,
        "Accuracy": 0.21962616822429906,
        "emission": 9.273389425580828e-08
    },
    "PLS-DA": {
        "AVG-PR": 0.3763672051330967,
        "ROC-AUC": 0.8,
        "Accuracy": 0.9205607476635514,
        "emission": 5.899559645150673e-07
    },
    "DNN": {
        "AVG-PR": 0.3936380183602406,
        "ROC-AUC": 0.8204355108877721,
        "Accuracy": 0.9299065420560748,
        "emission": 2.0632084448227672e-05
    }
}