{
    "Nearest Neighbors": {
        "AVG-PR": 0.5233644859813084,
        "ROC-AUC": 0.75,
        "Accuracy": 0.9766355140186916,
        "emission": 1.738833703142014e-08
    },
    "Linear SVM": {
        "AVG-PR": 0.7204569055036345,
        "ROC-AUC": 0.8975490196078432,
        "Accuracy": 0.985981308411215,
        "emission": 9.403752506367504e-09
    },
    "RBF SVM": {
        "AVG-PR": 0.04672897196261682,
        "ROC-AUC": 0.49754901960784315,
        "Accuracy": 0.9485981308411215,
        "emission": 3.8369015957860564e-08
    },
    "Gaussian Process": {
        "AVG-PR": 0.532977303070761,
        "ROC-AUC": 0.7975490196078432,
        "Accuracy": 0.9766355140186916,
        "emission": 1.8589649847963437e-06
    },
    "Decision Tree": {
        "AVG-PR": 0.5584631360332295,
        "ROC-AUC": 0.8450980392156863,
        "Accuracy": 0.9766355140186916,
        "emission": 5.579954095801321e-09
    },
    "Random Forest": {
        "AVG-PR": 0.04672897196261682,
        "ROC-AUC": 0.5,
        "Accuracy": 0.9532710280373832,
        "emission": 5.018533269660578e-07
    },
    "AdaBoost": {
        "AVG-PR": 0.5584631360332295,
        "ROC-AUC": 0.8450980392156863,
        "Accuracy": 0.9766355140186916,
        "emission": 7.42069269834175e-08
    },
    "Naive Bayes": {
        "AVG-PR": 0.5584631360332295,
        "ROC-AUC": 0.8450980392156863,
        "Accuracy": 0.9766355140186916,
        "emission": 6.912402725450307e-09
    },
    "QDA": {
        "AVG-PR": 0.056818181818181816,
        "ROC-AUC": 0.5931372549019608,
        "Accuracy": 0.22429906542056074,
        "emission": 8.7335814382179e-08
    },
    "PLS-DA": {
        "AVG-PR": 0.8134578544061302,
        "ROC-AUC": 0.8950980392156862,
        "Accuracy": 0.9766355140186916,
        "emission": 6.076438964178373e-07
    },
    "DNN": {
        "AVG-PR": 0.7993643699565487,
        "ROC-AUC": 0.9073529411764706,
        "Accuracy": 0.9672897196261683,
        "emission": 2.0507224249601458e-05
    }
}