{
    "Nearest Neighbors": {
        "AVG-PR": 0.04205607476635514,
        "ROC-AUC": 0.5,
        "Accuracy": 0.9579439252336449,
        "emission": 4.494991681070322e-08
    },
    "Linear SVM": {
        "AVG-PR": 0.12159916926272066,
        "ROC-AUC": 0.6037940379403794,
        "Accuracy": 0.9532710280373832,
        "emission": 1.146696286267526e-08
    },
    "RBF SVM": {
        "AVG-PR": 0.04205607476635514,
        "ROC-AUC": 0.5,
        "Accuracy": 0.9579439252336449,
        "emission": 3.852365155162054e-08
    },
    "Gaussian Process": {
        "AVG-PR": 0.14849428868120457,
        "ROC-AUC": 0.5555555555555556,
        "Accuracy": 0.9626168224299065,
        "emission": 7.108810881341929e-06
    },
    "Decision Tree": {
        "AVG-PR": 0.09293873312564901,
        "ROC-AUC": 0.5531165311653117,
        "Accuracy": 0.9579439252336449,
        "emission": 6.847818027183207e-09
    },
    "Random Forest": {
        "AVG-PR": 0.04205607476635514,
        "ROC-AUC": 0.5,
        "Accuracy": 0.9579439252336449,
        "emission": 5.055752792667192e-07
    },
    "AdaBoost": {
        "AVG-PR": 0.24558670820353062,
        "ROC-AUC": 0.7124661246612466,
        "Accuracy": 0.9579439252336449,
        "emission": 7.606360096970628e-08
    },
    "Naive Bayes": {
        "AVG-PR": 0.17089452603471295,
        "ROC-AUC": 0.656910569105691,
        "Accuracy": 0.9532710280373832,
        "emission": 6.2188721705423645e-09
    },
    "QDA": {
        "AVG-PR": 0.047254400855609655,
        "ROC-AUC": 0.5566395663956639,
        "Accuracy": 0.2523364485981308,
        "emission": 9.813717222851225e-08
    },
    "PLS-DA": {
        "AVG-PR": 0.3722046671957196,
        "ROC-AUC": 0.7831978319783198,
        "Accuracy": 0.9626168224299065,
        "emission": 6.148381291178378e-07
    },
    "DNN": {
        "AVG-PR": 0.2655980825909541,
        "ROC-AUC": 0.6953929539295393,
        "Accuracy": 0.9579439252336449,
        "emission": 2.0762554363945166e-05
    }
}