{
    "Nearest Neighbors": {
        "AVG-PR": 0.14205607476635515,
        "ROC-AUC": 0.55,
        "Accuracy": 0.9579439252336449,
        "emission": 1.532114103906387e-08
    },
    "Linear SVM": {
        "AVG-PR": 0.14521028037383177,
        "ROC-AUC": 0.6377450980392156,
        "Accuracy": 0.9439252336448598,
        "emission": 8.74640649356503e-09
    },
    "RBF SVM": {
        "AVG-PR": 0.04672897196261682,
        "ROC-AUC": 0.5,
        "Accuracy": 0.9532710280373832,
        "emission": 3.885239302484848e-08
    },
    "Gaussian Process": {
        "AVG-PR": 0.04672897196261682,
        "ROC-AUC": 0.5,
        "Accuracy": 0.9532710280373832,
        "emission": 6.104811509550454e-06
    },
    "Decision Tree": {
        "AVG-PR": 0.0945260347129506,
        "ROC-AUC": 0.5877450980392156,
        "Accuracy": 0.9392523364485982,
        "emission": 8.673483132843965e-09
    },
    "Random Forest": {
        "AVG-PR": 0.04672897196261682,
        "ROC-AUC": 0.5,
        "Accuracy": 0.9532710280373832,
        "emission": 5.310881916544289e-07
    },
    "AdaBoost": {
        "AVG-PR": 0.14521028037383177,
        "ROC-AUC": 0.6377450980392156,
        "Accuracy": 0.9439252336448598,
        "emission": 7.552441428550093e-08
    },
    "Naive Bayes": {
        "AVG-PR": 0.06705607476635514,
        "ROC-AUC": 0.5426470588235295,
        "Accuracy": 0.9439252336448598,
        "emission": 6.8392463386320296e-09
    },
    "QDA": {
        "AVG-PR": 0.05291005291005291,
        "ROC-AUC": 0.5612745098039216,
        "Accuracy": 0.16355140186915887,
        "emission": 9.549067418017855e-08
    },
    "PLS-DA": {
        "AVG-PR": 0.3088882379107943,
        "ROC-AUC": 0.8029411764705883,
        "Accuracy": 0.9485981308411215,
        "emission": 6.183116670920823e-07
    },
    "DNN": {
        "AVG-PR": 0.18587161798504812,
        "ROC-AUC": 0.7122549019607843,
        "Accuracy": 0.9532710280373832,
        "emission": 2.0803417064346594e-05
    }
}