{
    "Nearest Neighbors": {
        "AVG-PR": 0.29162480332126406,
        "ROC-AUC": 0.6534948741845293,
        "Accuracy": 0.8785046728971962,
        "emission": 1.6137213562527477e-08
    },
    "Linear SVM": {
        "AVG-PR": 0.3674971801482436,
        "ROC-AUC": 0.7525629077353215,
        "Accuracy": 0.8738317757009346,
        "emission": 1.2423711183777294e-08
    },
    "RBF SVM": {
        "AVG-PR": 0.13551401869158877,
        "ROC-AUC": 0.5,
        "Accuracy": 0.8644859813084113,
        "emission": 3.560094069515047e-08
    },
    "Gaussian Process": {
        "AVG-PR": 0.25775814676499026,
        "ROC-AUC": 0.6335507921714818,
        "Accuracy": 0.8691588785046729,
        "emission": 5.629723449344607e-06
    },
    "Decision Tree": {
        "AVG-PR": 0.2633472983134601,
        "ROC-AUC": 0.6663560111835973,
        "Accuracy": 0.8504672897196262,
        "emission": 6.779776569087315e-09
    },
    "Random Forest": {
        "AVG-PR": 0.13551401869158877,
        "ROC-AUC": 0.5,
        "Accuracy": 0.8644859813084113,
        "emission": 5.155385879646746e-07
    },
    "AdaBoost": {
        "AVG-PR": 0.40027020997050006,
        "ROC-AUC": 0.7488350419384903,
        "Accuracy": 0.8925233644859814,
        "emission": 7.33896933329933e-08
    },
    "Naive Bayes": {
        "AVG-PR": 0.2695947894227997,
        "ROC-AUC": 0.6964585274930102,
        "Accuracy": 0.8271028037383178,
        "emission": 6.1162531941210045e-09
    },
    "QDA": {
        "AVG-PR": 0.15057012604692088,
        "ROC-AUC": 0.5574091332712022,
        "Accuracy": 0.2850467289719626,
        "emission": 7.43641249136932e-08
    },
    "PLS-DA": {
        "AVG-PR": 0.4984543506028248,
        "ROC-AUC": 0.8199440820130475,
        "Accuracy": 0.8644859813084113,
        "emission": 6.051139392941968e-07
    },
    "DNN": {
        "AVG-PR": 0.4527509413354761,
        "ROC-AUC": 0.7862068965517242,
        "Accuracy": 0.8691588785046729,
        "emission": 2.0729756306883817e-05
    }
}