{
    "Nearest Neighbors": {
        "AVG-PR": 0.22148470688190314,
        "ROC-AUC": 0.6058238636363636,
        "Accuracy": 0.9065420560747663,
        "emission": 1.8140703860451972e-08
    },
    "Linear SVM": {
        "AVG-PR": 0.28056853582554514,
        "ROC-AUC": 0.7161458333333334,
        "Accuracy": 0.8878504672897196,
        "emission": 1.189265720079115e-08
    },
    "RBF SVM": {
        "AVG-PR": 0.102803738317757,
        "ROC-AUC": 0.5,
        "Accuracy": 0.897196261682243,
        "emission": 3.6226463746866757e-08
    },
    "Gaussian Process": {
        "AVG-PR": 0.2659303313508921,
        "ROC-AUC": 0.5909090909090909,
        "Accuracy": 0.9158878504672897,
        "emission": 4.659063478986814e-06
    },
    "Decision Tree": {
        "AVG-PR": 0.13423959218351741,
        "ROC-AUC": 0.5525568181818181,
        "Accuracy": 0.883177570093458,
        "emission": 9.809947995318043e-09
    },
    "Random Forest": {
        "AVG-PR": 0.102803738317757,
        "ROC-AUC": 0.5,
        "Accuracy": 0.897196261682243,
        "emission": 5.107401767761847e-07
    },
    "AdaBoost": {
        "AVG-PR": 0.16693140260795686,
        "ROC-AUC": 0.6174242424242424,
        "Accuracy": 0.8551401869158879,
        "emission": 7.412858155466481e-08
    },
    "Naive Bayes": {
        "AVG-PR": 0.15258504043550775,
        "ROC-AUC": 0.6070075757575758,
        "Accuracy": 0.8364485981308412,
        "emission": 7.171703302823176e-09
    },
    "QDA": {
        "AVG-PR": 0.10762589267262165,
        "ROC-AUC": 0.5248579545454546,
        "Accuracy": 0.21962616822429906,
        "emission": 7.786050722272869e-08
    },
    "PLS-DA": {
        "AVG-PR": 0.45600003561172786,
        "ROC-AUC": 0.8330965909090909,
        "Accuracy": 0.9065420560747663,
        "emission": 6.046886565118047e-07
    },
    "DNN": {
        "AVG-PR": 0.39032988187281115,
        "ROC-AUC": 0.8229166666666667,
        "Accuracy": 0.9018691588785047,
        "emission": 2.0607371121605745e-05
    }
}