{
    "Nearest Neighbors": {
        "AVG-PR": 0.16607973271931012,
        "ROC-AUC": 0.5738675165035283,
        "Accuracy": 0.8878504672897196,
        "emission": 1.506315996450166e-08
    },
    "Linear SVM": {
        "AVG-PR": 0.2279717438189604,
        "ROC-AUC": 0.6755064875938994,
        "Accuracy": 0.8644859813084113,
        "emission": 1.0954043151678253e-08
    },
    "RBF SVM": {
        "AVG-PR": 0.10747663551401869,
        "ROC-AUC": 0.4973821989528796,
        "Accuracy": 0.8878504672897196,
        "emission": 3.5178323023444846e-08
    },
    "Gaussian Process": {
        "AVG-PR": 0.11149939049167006,
        "ROC-AUC": 0.5112679262463009,
        "Accuracy": 0.8785046728971962,
        "emission": 1.7563277504944998e-06
    },
    "Decision Tree": {
        "AVG-PR": 0.22173174245502564,
        "ROC-AUC": 0.6173457773730936,
        "Accuracy": 0.897196261682243,
        "emission": 8.411180237315591e-09
    },
    "Random Forest": {
        "AVG-PR": 0.10747663551401869,
        "ROC-AUC": 0.5,
        "Accuracy": 0.8925233644859814,
        "emission": 5.17591915411046e-07
    },
    "AdaBoost": {
        "AVG-PR": 0.2752776649058648,
        "ROC-AUC": 0.7050990211700432,
        "Accuracy": 0.883177570093458,
        "emission": 7.68476556348724e-08
    },
    "Naive Bayes": {
        "AVG-PR": 0.20629012596505486,
        "ROC-AUC": 0.6537673571591167,
        "Accuracy": 0.8598130841121495,
        "emission": 7.271512521236992e-09
    },
    "QDA": {
        "AVG-PR": 0.12169312169312169,
        "ROC-AUC": 0.5654450261780104,
        "Accuracy": 0.22429906542056074,
        "emission": 8.122369674035712e-08
    },
    "PLS-DA": {
        "AVG-PR": 0.36261832619899925,
        "ROC-AUC": 0.7680400637377647,
        "Accuracy": 0.8878504672897196,
        "emission": 6.132722178382384e-07
    },
    "DNN": {
        "AVG-PR": 0.33976692086781235,
        "ROC-AUC": 0.7338948326883679,
        "Accuracy": 0.883177570093458,
        "emission": 2.1380800974146054e-05
    }
}