{
    "Nearest Neighbors": {
        "AVG-PR": 0.3841121495327103,
        "ROC-AUC": 0.6639928698752228,
        "Accuracy": 0.9112149532710281,
        "emission": 1.6504154419929805e-08
    },
    "Linear SVM": {
        "AVG-PR": 0.32373754855582476,
        "ROC-AUC": 0.6849871261635968,
        "Accuracy": 0.8925233644859814,
        "emission": 1.2183464317697941e-08
    },
    "RBF SVM": {
        "AVG-PR": 0.1261682242990654,
        "ROC-AUC": 0.5,
        "Accuracy": 0.8738317757009346,
        "emission": 3.765441589875277e-08
    },
    "Gaussian Process": {
        "AVG-PR": 0.32035306334371755,
        "ROC-AUC": 0.6111111111111112,
        "Accuracy": 0.9018691588785047,
        "emission": 4.282770028997006e-06
    },
    "Decision Tree": {
        "AVG-PR": 0.4727414330218069,
        "ROC-AUC": 0.7644087938205586,
        "Accuracy": 0.9205607476635514,
        "emission": 7.204693045507761e-09
    },
    "Random Forest": {
        "AVG-PR": 0.1261682242990654,
        "ROC-AUC": 0.5,
        "Accuracy": 0.8738317757009346,
        "emission": 5.300943280735728e-07
    },
    "AdaBoost": {
        "AVG-PR": 0.2784700588438906,
        "ROC-AUC": 0.6742919389978214,
        "Accuracy": 0.8738317757009346,
        "emission": 7.633733267331032e-08
    },
    "Naive Bayes": {
        "AVG-PR": 0.23376023999076956,
        "ROC-AUC": 0.6477520301049713,
        "Accuracy": 0.8551401869158879,
        "emission": 6.8073039016863395e-09
    },
    "QDA": {
        "AVG-PR": 0.14673913043478262,
        "ROC-AUC": 0.5802139037433155,
        "Accuracy": 0.26635514018691586,
        "emission": 7.911629386002795e-08
    },
    "PLS-DA": {
        "AVG-PR": 0.6317457027289775,
        "ROC-AUC": 0.9283026341849872,
        "Accuracy": 0.9018691588785047,
        "emission": 6.209956170693311e-07
    },
    "DNN": {
        "AVG-PR": 0.708463325173014,
        "ROC-AUC": 0.8946326005149534,
        "Accuracy": 0.9065420560747663,
        "emission": 2.1549314911696827e-05
    }
}