{
    "Nearest Neighbors": {
        "AVG-PR": 0.29510403446021305,
        "ROC-AUC": 0.6242820360467418,
        "Accuracy": 0.897196261682243,
        "emission": 1.4962418754579178e-08
    },
    "Linear SVM": {
        "AVG-PR": 0.3647167416637822,
        "ROC-AUC": 0.7456922162804516,
        "Accuracy": 0.8878504672897196,
        "emission": 1.1499796504730477e-08
    },
    "RBF SVM": {
        "AVG-PR": 0.1261682242990654,
        "ROC-AUC": 0.5,
        "Accuracy": 0.8738317757009346,
        "emission": 3.7943553895905794e-08
    },
    "Gaussian Process": {
        "AVG-PR": 0.1261682242990654,
        "ROC-AUC": 0.5,
        "Accuracy": 0.8738317757009346,
        "emission": 2.8398605934851735e-06
    },
    "Decision Tree": {
        "AVG-PR": 0.363216799353871,
        "ROC-AUC": 0.7325212913448208,
        "Accuracy": 0.8925233644859814,
        "emission": 6.9870763677930995e-09
    },
    "Random Forest": {
        "AVG-PR": 0.1261682242990654,
        "ROC-AUC": 0.5,
        "Accuracy": 0.8738317757009346,
        "emission": 5.159404368265572e-07
    },
    "AdaBoost": {
        "AVG-PR": 0.35111803392177227,
        "ROC-AUC": 0.7298474945533769,
        "Accuracy": 0.8878504672897196,
        "emission": 7.282651339361358e-08
    },
    "Naive Bayes": {
        "AVG-PR": 0.24713102750485927,
        "ROC-AUC": 0.663596751832046,
        "Accuracy": 0.8551401869158879,
        "emission": 6.483213090984383e-09
    },
    "QDA": {
        "AVG-PR": 0.14376754740202297,
        "ROC-AUC": 0.5697167755991285,
        "Accuracy": 0.2757009345794392,
        "emission": 8.550603192863173e-08
    },
    "PLS-DA": {
        "AVG-PR": 0.6540658465359097,
        "ROC-AUC": 0.8526440879382056,
        "Accuracy": 0.9205607476635514,
        "emission": 5.993498594619672e-07
    },
    "DNN": {
        "AVG-PR": 0.645129699541087,
        "ROC-AUC": 0.8835412953060011,
        "Accuracy": 0.8925233644859814,
        "emission": 2.0250570741188097e-05
    }
}