{
    "Nearest Neighbors": {
        "AVG-PR": 0.3408402561439945,
        "ROC-AUC": 0.7107456140350877,
        "Accuracy": 0.9065420560747663,
        "emission": 2.5663777117924985e-08
    },
    "Linear SVM": {
        "AVG-PR": 0.43268107476635514,
        "ROC-AUC": 0.7888157894736841,
        "Accuracy": 0.9158878504672897,
        "emission": 1.252185616985228e-08
    },
    "RBF SVM": {
        "AVG-PR": 0.14914330218068536,
        "ROC-AUC": 0.5208333333333334,
        "Accuracy": 0.8925233644859814,
        "emission": 3.733695110815147e-08
    },
    "Gaussian Process": {
        "AVG-PR": 0.20456905503634476,
        "ROC-AUC": 0.5780701754385965,
        "Accuracy": 0.897196261682243,
        "emission": 5.889982080738495e-06
    },
    "Decision Tree": {
        "AVG-PR": 0.29690204222914507,
        "ROC-AUC": 0.687280701754386,
        "Accuracy": 0.897196261682243,
        "emission": 6.689642204005465e-09
    },
    "Random Forest": {
        "AVG-PR": 0.11214953271028037,
        "ROC-AUC": 0.5,
        "Accuracy": 0.8878504672897196,
        "emission": 5.089326645560323e-07
    },
    "AdaBoost": {
        "AVG-PR": 0.3408402561439945,
        "ROC-AUC": 0.7107456140350877,
        "Accuracy": 0.9065420560747663,
        "emission": 7.309430095273328e-08
    },
    "Naive Bayes": {
        "AVG-PR": 0.19286517826237454,
        "ROC-AUC": 0.6168859649122808,
        "Accuracy": 0.8691588785046729,
        "emission": 6.239811869656183e-09
    },
    "QDA": {
        "AVG-PR": 0.12903225806451613,
        "ROC-AUC": 0.5736842105263158,
        "Accuracy": 0.24299065420560748,
        "emission": 1.0269790076201338e-07
    },
    "PLS-DA": {
        "AVG-PR": 0.564929610065419,
        "ROC-AUC": 0.8866228070175439,
        "Accuracy": 0.9158878504672897,
        "emission": 6.138404084148549e-07
    },
    "DNN": {
        "AVG-PR": 0.5260704290809577,
        "ROC-AUC": 0.8458333333333333,
        "Accuracy": 0.897196261682243,
        "emission": 2.0555468446611358e-05
    }
}