{
    "Nearest Neighbors": {
        "AVG-PR": 0.20524802300503237,
        "ROC-AUC": 0.5769230769230769,
        "Accuracy": 0.9485981308411215,
        "emission": 1.6118536165289326e-08
    },
    "Linear SVM": {
        "AVG-PR": 0.1456300708637157,
        "ROC-AUC": 0.6054343666283964,
        "Accuracy": 0.9345794392523364,
        "emission": 1.0432310356902702e-08
    },
    "RBF SVM": {
        "AVG-PR": 0.06074766355140187,
        "ROC-AUC": 0.5,
        "Accuracy": 0.9392523364485982,
        "emission": 3.764744347369634e-08
    },
    "Gaussian Process": {
        "AVG-PR": 0.06074766355140187,
        "ROC-AUC": 0.5,
        "Accuracy": 0.9392523364485982,
        "emission": 5.838661756984672e-06
    },
    "Decision Tree": {
        "AVG-PR": 0.16211358734723222,
        "ROC-AUC": 0.6079219288174512,
        "Accuracy": 0.9392523364485982,
        "emission": 9.238088042210141e-09
    },
    "Random Forest": {
        "AVG-PR": 0.06074766355140187,
        "ROC-AUC": 0.5,
        "Accuracy": 0.9392523364485982,
        "emission": 5.012169546295635e-07
    },
    "AdaBoost": {
        "AVG-PR": 0.12832494608195544,
        "ROC-AUC": 0.5719479525449674,
        "Accuracy": 0.9392523364485982,
        "emission": 7.16158638742834e-08
    },
    "Naive Bayes": {
        "AVG-PR": 0.09535791311492246,
        "ROC-AUC": 0.5644852659778032,
        "Accuracy": 0.9252336448598131,
        "emission": 6.0243892461664925e-09
    },
    "QDA": {
        "AVG-PR": 0.07386363636363637,
        "ROC-AUC": 0.5945273631840796,
        "Accuracy": 0.2383177570093458,
        "emission": 8.428806692424205e-08
    },
    "PLS-DA": {
        "AVG-PR": 0.35473635011876137,
        "ROC-AUC": 0.8197474167623422,
        "Accuracy": 0.9439252336448598,
        "emission": 5.885431184495581e-07
    },
    "DNN": {
        "AVG-PR": 0.3317084564626164,
        "ROC-AUC": 0.7351703023344814,
        "Accuracy": 0.9439252336448598,
        "emission": 2.0554596179801544e-05
    }
}