{
    "Nearest Neighbors": {
        "AVG-PR": 0.037383177570093455,
        "ROC-AUC": 0.49029126213592233,
        "Accuracy": 0.9439252336448598,
        "emission": 1.6023376341039464e-08
    },
    "Linear SVM": {
        "AVG-PR": 0.2108644859813084,
        "ROC-AUC": 0.6802184466019418,
        "Accuracy": 0.9626168224299065,
        "emission": 9.00374129564832e-09
    },
    "RBF SVM": {
        "AVG-PR": 0.037383177570093455,
        "ROC-AUC": 0.5,
        "Accuracy": 0.9626168224299065,
        "emission": 3.8354843468882785e-08
    },
    "Gaussian Process": {
        "AVG-PR": 0.1530373831775701,
        "ROC-AUC": 0.6201456310679613,
        "Accuracy": 0.9626168224299065,
        "emission": 7.83115791721862e-06
    },
    "Decision Tree": {
        "AVG-PR": 0.1483644859813084,
        "ROC-AUC": 0.6729368932038835,
        "Accuracy": 0.9485981308411215,
        "emission": 1.0012222353900161e-08
    },
    "Random Forest": {
        "AVG-PR": 0.037383177570093455,
        "ROC-AUC": 0.5,
        "Accuracy": 0.9626168224299065,
        "emission": 5.126638087925862e-07
    },
    "AdaBoost": {
        "AVG-PR": 0.1639894859813084,
        "ROC-AUC": 0.6753640776699029,
        "Accuracy": 0.9532710280373832,
        "emission": 7.240978710233466e-08
    },
    "Naive Bayes": {
        "AVG-PR": 0.2108644859813084,
        "ROC-AUC": 0.6802184466019418,
        "Accuracy": 0.9626168224299065,
        "emission": 5.708595208552354e-09
    },
    "QDA": {
        "AVG-PR": 0.04419889502762431,
        "ROC-AUC": 0.5800970873786409,
        "Accuracy": 0.19158878504672897,
        "emission": 8.075576794673628e-08
    },
    "PLS-DA": {
        "AVG-PR": 0.33581078152549454,
        "ROC-AUC": 0.7257281553398058,
        "Accuracy": 0.9626168224299065,
        "emission": 6.023461452873291e-07
    },
    "DNN": {
        "AVG-PR": 0.17619969202504182,
        "ROC-AUC": 0.7688106796116505,
        "Accuracy": 0.9626168224299065,
        "emission": 2.1265929199324896e-05
    }
}