{
    "Nearest Neighbors": {
        "AVG-PR": 0.09332814122533747,
        "ROC-AUC": 0.5201247165532881,
        "Accuracy": 0.9065420560747663,
        "emission": 2.61044831900577e-08
    },
    "Linear SVM": {
        "AVG-PR": 0.32330607476635514,
        "ROC-AUC": 0.7321428571428571,
        "Accuracy": 0.9252336448598131,
        "emission": 1.0163888723380991e-08
    },
    "RBF SVM": {
        "AVG-PR": 0.08411214953271028,
        "ROC-AUC": 0.5,
        "Accuracy": 0.9158878504672897,
        "emission": 3.378316965215545e-08
    },
    "Gaussian Process": {
        "AVG-PR": 0.17009345794392522,
        "ROC-AUC": 0.5782312925170069,
        "Accuracy": 0.9205607476635514,
        "emission": 3.0514620253972315e-06
    },
    "Decision Tree": {
        "AVG-PR": 0.13032191069574245,
        "ROC-AUC": 0.550453514739229,
        "Accuracy": 0.9158878504672897,
        "emission": 6.925317258259776e-09
    },
    "Random Forest": {
        "AVG-PR": 0.08411214953271028,
        "ROC-AUC": 0.5,
        "Accuracy": 0.9158878504672897,
        "emission": 5.060763221437177e-07
    },
    "AdaBoost": {
        "AVG-PR": 0.16418599284642899,
        "ROC-AUC": 0.5983560090702948,
        "Accuracy": 0.9112149532710281,
        "emission": 7.66458597558355e-08
    },
    "Naive Bayes": {
        "AVG-PR": 0.13790815737856238,
        "ROC-AUC": 0.6057256235827664,
        "Accuracy": 0.8785046728971962,
        "emission": 5.400862657934125e-09
    },
    "QDA": {
        "AVG-PR": 0.09337762402253547,
        "ROC-AUC": 0.5538548752834467,
        "Accuracy": 0.22897196261682243,
        "emission": 9.542914348672549e-08
    },
    "PLS-DA": {
        "AVG-PR": 0.4019413150224189,
        "ROC-AUC": 0.7244897959183674,
        "Accuracy": 0.9018691588785047,
        "emission": 6.08879373018161e-07
    },
    "DNN": {
        "AVG-PR": 0.3276960974630074,
        "ROC-AUC": 0.8092403628117915,
        "Accuracy": 0.9112149532710281,
        "emission": 2.1022784653494048e-05
    }
}