{
    "Nearest Neighbors": {
        "AVG-PR": 0.24391523814283572,
        "ROC-AUC": 0.6637802329053449,
        "Accuracy": 0.9252336448598131,
        "emission": 1.5927766789475557e-08
    },
    "Linear SVM": {
        "AVG-PR": 0.1548653106102254,
        "ROC-AUC": 0.6024186324275904,
        "Accuracy": 0.9112149532710281,
        "emission": 1.0844172515412277e-08
    },
    "RBF SVM": {
        "AVG-PR": 0.0794392523364486,
        "ROC-AUC": 0.5,
        "Accuracy": 0.9205607476635514,
        "emission": 3.647523140613735e-08
    },
    "Gaussian Process": {
        "AVG-PR": 0.1536558548653106,
        "ROC-AUC": 0.5806210809196776,
        "Accuracy": 0.9205607476635514,
        "emission": 3.777261261241441e-06
    },
    "Decision Tree": {
        "AVG-PR": 0.14105081284850388,
        "ROC-AUC": 0.5780830098536878,
        "Accuracy": 0.9158878504672897,
        "emission": 6.890233153537094e-09
    },
    "Random Forest": {
        "AVG-PR": 0.0794392523364486,
        "ROC-AUC": 0.5,
        "Accuracy": 0.9205607476635514,
        "emission": 5.130317214456706e-07
    },
    "AdaBoost": {
        "AVG-PR": 0.17862378596298334,
        "ROC-AUC": 0.6292923260674829,
        "Accuracy": 0.9112149532710281,
        "emission": 7.351230772784032e-08
    },
    "Naive Bayes": {
        "AVG-PR": 0.12424409015942825,
        "ROC-AUC": 0.5730068677217081,
        "Accuracy": 0.9065420560747663,
        "emission": 6.359200363451421e-09
    },
    "QDA": {
        "AVG-PR": 0.0913978494623656,
        "ROC-AUC": 0.5710659898477157,
        "Accuracy": 0.2102803738317757,
        "emission": 9.66094840543208e-08
    },
    "PLS-DA": {
        "AVG-PR": 0.448069495183084,
        "ROC-AUC": 0.876978202448492,
        "Accuracy": 0.9205607476635514,
        "emission": 6.26097385213256e-07
    },
    "DNN": {
        "AVG-PR": 0.35342777141463433,
        "ROC-AUC": 0.835771872200657,
        "Accuracy": 0.9205607476635514,
        "emission": 2.0887614476210137e-05
    }
}