{
    "Nearest Neighbors": {
        "AVG-PR": 0.0875586854460094,
        "ROC-AUC": 0.5852216748768473,
        "Accuracy": 0.9342723004694836,
        "emission": 1.5239813219247017e-08
    },
    "Linear SVM": {
        "AVG-PR": 0.11468203158344001,
        "ROC-AUC": 0.6302955665024631,
        "Accuracy": 0.9295774647887324,
        "emission": 1.1136795473522203e-08
    },
    "RBF SVM": {
        "AVG-PR": 0.046948356807511735,
        "ROC-AUC": 0.4975369458128079,
        "Accuracy": 0.9483568075117371,
        "emission": 3.6947078052305983e-08
    },
    "Gaussian Process": {
        "AVG-PR": 0.046948356807511735,
        "ROC-AUC": 0.5,
        "Accuracy": 0.9530516431924883,
        "emission": 2.9696251263222285e-06
    },
    "Decision Tree": {
        "AVG-PR": 0.046948356807511735,
        "ROC-AUC": 0.49507389162561577,
        "Accuracy": 0.9436619718309859,
        "emission": 9.636903912214036e-09
    },
    "Random Forest": {
        "AVG-PR": 0.046948356807511735,
        "ROC-AUC": 0.5,
        "Accuracy": 0.9530516431924883,
        "emission": 5.309052199183416e-07
    },
    "AdaBoost": {
        "AVG-PR": 0.1453638497652582,
        "ROC-AUC": 0.6376847290640394,
        "Accuracy": 0.9436619718309859,
        "emission": 7.405645263234133e-08
    },
    "Naive Bayes": {
        "AVG-PR": 0.046948356807511735,
        "ROC-AUC": 0.49507389162561577,
        "Accuracy": 0.9436619718309859,
        "emission": 6.437229801634614e-09
    },
    "QDA": {
        "AVG-PR": 0.05124655981868221,
        "ROC-AUC": 0.5435960591133004,
        "Accuracy": 0.22065727699530516,
        "emission": 8.492128980942749e-08
    },
    "PLS-DA": {
        "AVG-PR": 0.2147893338815126,
        "ROC-AUC": 0.8073891625615764,
        "Accuracy": 0.9342723004694836,
        "emission": 6.07567302532784e-07
    },
    "DNN": {
        "AVG-PR": 0.2120760403797928,
        "ROC-AUC": 0.8103448275862069,
        "Accuracy": 0.9530516431924883,
        "emission": 2.0515685924908682e-05
    }
}