{
    "Nearest Neighbors": {
        "AVG-PR": 0.15610185561424894,
        "ROC-AUC": 0.5408604598224448,
        "Accuracy": 0.897196261682243,
        "emission": 2.615537060341388e-08
    },
    "Linear SVM": {
        "AVG-PR": 0.371306669762582,
        "ROC-AUC": 0.7069201001593444,
        "Accuracy": 0.9205607476635514,
        "emission": 1.4286643883604589e-08
    },
    "RBF SVM": {
        "AVG-PR": 0.10747663551401869,
        "ROC-AUC": 0.5,
        "Accuracy": 0.8925233644859814,
        "emission": 3.734268585160819e-08
    },
    "Gaussian Process": {
        "AVG-PR": 0.22389272653392928,
        "ROC-AUC": 0.5652173913043478,
        "Accuracy": 0.9065420560747663,
        "emission": 4.638764471582146e-06
    },
    "Decision Tree": {
        "AVG-PR": 0.20488509639261365,
        "ROC-AUC": 0.5982244479854314,
        "Accuracy": 0.897196261682243,
        "emission": 7.460907982189829e-09
    },
    "Random Forest": {
        "AVG-PR": 0.10747663551401869,
        "ROC-AUC": 0.5,
        "Accuracy": 0.8925233644859814,
        "emission": 5.255756674700075e-07
    },
    "AdaBoost": {
        "AVG-PR": 0.20791852905323038,
        "ROC-AUC": 0.6286137036193945,
        "Accuracy": 0.883177570093458,
        "emission": 7.45815735300265e-08
    },
    "Naive Bayes": {
        "AVG-PR": 0.16639577407557904,
        "ROC-AUC": 0.5990211700432507,
        "Accuracy": 0.8644859813084113,
        "emission": 7.460371814559867e-09
    },
    "QDA": {
        "AVG-PR": 0.10307681552651471,
        "ROC-AUC": 0.47587070339175963,
        "Accuracy": 0.20093457943925233,
        "emission": 8.241911764321979e-08
    },
    "PLS-DA": {
        "AVG-PR": 0.5323930287107247,
        "ROC-AUC": 0.8213066241748235,
        "Accuracy": 0.9065420560747663,
        "emission": 6.199857460257164e-07
    },
    "DNN": {
        "AVG-PR": 0.4130865474471613,
        "ROC-AUC": 0.8183473708172093,
        "Accuracy": 0.8925233644859814,
        "emission": 2.137065957628083e-05
    }
}