{
    "Nearest Neighbors": {
        "AVG-PR": 0.15854472630173563,
        "ROC-AUC": 0.599642857142857,
        "Accuracy": 0.9345794392523364,
        "emission": 2.2559299084845225e-08
    },
    "Linear SVM": {
        "AVG-PR": 0.16960709517451839,
        "ROC-AUC": 0.6560714285714285,
        "Accuracy": 0.9158878504672897,
        "emission": 9.33641578570718e-09
    },
    "RBF SVM": {
        "AVG-PR": 0.06542056074766354,
        "ROC-AUC": 0.4975,
        "Accuracy": 0.9299065420560748,
        "emission": 3.527759380409941e-08
    },
    "Gaussian Process": {
        "AVG-PR": 0.06542056074766354,
        "ROC-AUC": 0.5,
        "Accuracy": 0.9345794392523364,
        "emission": 2.5364059975169955e-06
    },
    "Decision Tree": {
        "AVG-PR": 0.07805278833316216,
        "ROC-AUC": 0.5439285714285713,
        "Accuracy": 0.8925233644859814,
        "emission": 1.237015938140495e-08
    },
    "Random Forest": {
        "AVG-PR": 0.06542056074766354,
        "ROC-AUC": 0.5,
        "Accuracy": 0.9345794392523364,
        "emission": 5.807966595090007e-07
    },
    "AdaBoost": {
        "AVG-PR": 0.08464619492656876,
        "ROC-AUC": 0.5514285714285714,
        "Accuracy": 0.9065420560747663,
        "emission": 7.805233085353391e-08
    },
    "Naive Bayes": {
        "AVG-PR": 0.08204879232916616,
        "ROC-AUC": 0.5489285714285714,
        "Accuracy": 0.9018691588785047,
        "emission": 7.844007018324603e-09
    },
    "QDA": {
        "AVG-PR": 0.07567567567567568,
        "ROC-AUC": 0.5725,
        "Accuracy": 0.20093457943925233,
        "emission": 7.670877553289175e-08
    },
    "PLS-DA": {
        "AVG-PR": 0.4124660139184293,
        "ROC-AUC": 0.8735714285714286,
        "Accuracy": 0.9345794392523364,
        "emission": 6.237277584018986e-07
    },
    "DNN": {
        "AVG-PR": 0.38097006901872765,
        "ROC-AUC": 0.8092857142857143,
        "Accuracy": 0.9392523364485982,
        "emission": 2.1176680661859113e-05
    }
}