{
    "Nearest Neighbors": {
        "AVG-PR": 0.34012016021361813,
        "ROC-AUC": 0.7118702553485162,
        "Accuracy": 0.9766355140186916,
        "emission": 1.5815997709350154e-08
    },
    "Linear SVM": {
        "AVG-PR": 0.4472630173564753,
        "ROC-AUC": 0.7142857142857143,
        "Accuracy": 0.9813084112149533,
        "emission": 6.478180140811732e-09
    },
    "RBF SVM": {
        "AVG-PR": 0.17089452603471295,
        "ROC-AUC": 0.5714285714285714,
        "Accuracy": 0.9719626168224299,
        "emission": 3.448049908502305e-08
    },
    "Gaussian Process": {
        "AVG-PR": 0.03271028037383177,
        "ROC-AUC": 0.5,
        "Accuracy": 0.9672897196261683,
        "emission": 3.5797512630056187e-06
    },
    "Decision Tree": {
        "AVG-PR": 0.34012016021361813,
        "ROC-AUC": 0.7118702553485162,
        "Accuracy": 0.9766355140186916,
        "emission": 6.935392099530713e-09
    },
    "Random Forest": {
        "AVG-PR": 0.03271028037383177,
        "ROC-AUC": 0.5,
        "Accuracy": 0.9672897196261683,
        "emission": 5.062780063256754e-07
    },
    "AdaBoost": {
        "AVG-PR": 0.20236505817280181,
        "ROC-AUC": 0.704623878536922,
        "Accuracy": 0.9626168224299065,
        "emission": 7.790559684632209e-08
    },
    "Naive Bayes": {
        "AVG-PR": 0.34012016021361813,
        "ROC-AUC": 0.7118702553485162,
        "Accuracy": 0.9766355140186916,
        "emission": 6.009169102664937e-09
    },
    "QDA": {
        "AVG-PR": 0.0338936764170409,
        "ROC-AUC": 0.5179434092477571,
        "Accuracy": 0.20093457943925233,
        "emission": 8.120487336828156e-08
    },
    "PLS-DA": {
        "AVG-PR": 0.545706592485555,
        "ROC-AUC": 0.790200138026225,
        "Accuracy": 0.9766355140186916,
        "emission": 6.129482092925973e-07
    },
    "DNN": {
        "AVG-PR": 0.4835061979570862,
        "ROC-AUC": 0.8247066942719117,
        "Accuracy": 0.9672897196261683,
        "emission": 2.0440861425586723e-05
    }
}