{
    "Nearest Neighbors": {
        "AVG-PR": 0.22274143302180682,
        "ROC-AUC": 0.619949494949495,
        "Accuracy": 0.9345794392523364,
        "emission": 1.6937943884113883e-08
    },
    "Linear SVM": {
        "AVG-PR": 0.39568444200109953,
        "ROC-AUC": 0.7948232323232323,
        "Accuracy": 0.9392523364485982,
        "emission": 1.2045098036175394e-08
    },
    "RBF SVM": {
        "AVG-PR": 0.07476635514018691,
        "ROC-AUC": 0.5,
        "Accuracy": 0.9252336448598131,
        "emission": 3.711550984181292e-08
    },
    "Gaussian Process": {
        "AVG-PR": 0.24824766355140188,
        "ROC-AUC": 0.59375,
        "Accuracy": 0.9392523364485982,
        "emission": 5.494189995795098e-06
    },
    "Decision Tree": {
        "AVG-PR": 0.22501298026998962,
        "ROC-AUC": 0.6461489898989898,
        "Accuracy": 0.9299065420560748,
        "emission": 1.0209102509082867e-08
    },
    "Random Forest": {
        "AVG-PR": 0.07476635514018691,
        "ROC-AUC": 0.5,
        "Accuracy": 0.9252336448598131,
        "emission": 5.229194342068339e-07
    },
    "AdaBoost": {
        "AVG-PR": 0.3491165303738318,
        "ROC-AUC": 0.7635732323232323,
        "Accuracy": 0.9345794392523364,
        "emission": 7.453965304481202e-08
    },
    "Naive Bayes": {
        "AVG-PR": 0.21219496365524404,
        "ROC-AUC": 0.6909722222222222,
        "Accuracy": 0.9065420560747663,
        "emission": 6.192534355521832e-09
    },
    "QDA": {
        "AVG-PR": 0.07416060920733818,
        "ROC-AUC": 0.49558080808080807,
        "Accuracy": 0.17289719626168223,
        "emission": 8.774145147524475e-08
    },
    "PLS-DA": {
        "AVG-PR": 0.48491539808526396,
        "ROC-AUC": 0.7307449494949494,
        "Accuracy": 0.9392523364485982,
        "emission": 6.031813141820749e-07
    },
    "DNN": {
        "AVG-PR": 0.3420378431905551,
        "ROC-AUC": 0.6379419191919191,
        "Accuracy": 0.9252336448598131,
        "emission": 2.0272794646794938e-05
    }
}