{
    "Nearest Neighbors": {
        "AVG-PR": 0.15854472630173563,
        "ROC-AUC": 0.599642857142857,
        "Accuracy": 0.9345794392523364,
        "emission": 1.5943727465752295e-08
    },
    "Linear SVM": {
        "AVG-PR": 0.26527036048064084,
        "ROC-AUC": 0.6710714285714285,
        "Accuracy": 0.9439252336448598,
        "emission": 8.77889498652186e-09
    },
    "RBF SVM": {
        "AVG-PR": 0.06542056074766354,
        "ROC-AUC": 0.4975,
        "Accuracy": 0.9299065420560748,
        "emission": 3.460402059750458e-08
    },
    "Gaussian Process": {
        "AVG-PR": 0.13217623497997327,
        "ROC-AUC": 0.5357142857142857,
        "Accuracy": 0.9392523364485982,
        "emission": 2.8774638472348117e-06
    },
    "Decision Tree": {
        "AVG-PR": 0.26527036048064084,
        "ROC-AUC": 0.6710714285714285,
        "Accuracy": 0.9439252336448598,
        "emission": 8.431840610770801e-09
    },
    "Random Forest": {
        "AVG-PR": 0.06542056074766354,
        "ROC-AUC": 0.5,
        "Accuracy": 0.9345794392523364,
        "emission": 6.674215457837722e-07
    },
    "AdaBoost": {
        "AVG-PR": 0.27530040053404536,
        "ROC-AUC": 0.6403571428571427,
        "Accuracy": 0.9485981308411215,
        "emission": 7.494605385608344e-08
    },
    "Naive Bayes": {
        "AVG-PR": 0.09689109288575243,
        "ROC-AUC": 0.5589285714285713,
        "Accuracy": 0.9205607476635514,
        "emission": 6.640692438926385e-09
    },
    "QDA": {
        "AVG-PR": 0.0623028097053054,
        "ROC-AUC": 0.47285714285714286,
        "Accuracy": 0.20093457943925233,
        "emission": 7.37610481181309e-08
    },
    "PLS-DA": {
        "AVG-PR": 0.45560615999685444,
        "ROC-AUC": 0.7571428571428571,
        "Accuracy": 0.9485981308411215,
        "emission": 6.026906781267272e-07
    },
    "DNN": {
        "AVG-PR": 0.5721872711374673,
        "ROC-AUC": 0.8128571428571428,
        "Accuracy": 0.9392523364485982,
        "emission": 2.0763055929781034e-05
    }
}