{
    "Nearest Neighbors": {
        "AVG-PR": 0.3483060747663551,
        "ROC-AUC": 0.7111742424242424,
        "Accuracy": 0.9439252336448598,
        "emission": 1.6476569000185726e-08
    },
    "Linear SVM": {
        "AVG-PR": 0.3752596053997923,
        "ROC-AUC": 0.7922979797979798,
        "Accuracy": 0.9345794392523364,
        "emission": 1.0203399819483957e-08
    },
    "RBF SVM": {
        "AVG-PR": 0.13259345794392524,
        "ROC-AUC": 0.53125,
        "Accuracy": 0.9299065420560748,
        "emission": 3.701939091146177e-08
    },
    "Gaussian Process": {
        "AVG-PR": 0.07476635514018691,
        "ROC-AUC": 0.5,
        "Accuracy": 0.9252336448598131,
        "emission": 3.86117397513978e-06
    },
    "Decision Tree": {
        "AVG-PR": 0.28738317757009346,
        "ROC-AUC": 0.7297979797979798,
        "Accuracy": 0.9252336448598131,
        "emission": 9.920737451408233e-09
    },
    "Random Forest": {
        "AVG-PR": 0.07476635514018691,
        "ROC-AUC": 0.5,
        "Accuracy": 0.9252336448598131,
        "emission": 5.204004120055497e-07
    },
    "AdaBoost": {
        "AVG-PR": 0.2726772952171523,
        "ROC-AUC": 0.7272727272727273,
        "Accuracy": 0.9205607476635514,
        "emission": 7.41313636537392e-08
    },
    "Naive Bayes": {
        "AVG-PR": 0.25127442650807136,
        "ROC-AUC": 0.6748737373737373,
        "Accuracy": 0.9299065420560748,
        "emission": 7.364622316135968e-09
    },
    "QDA": {
        "AVG-PR": 0.09589853655002535,
        "ROC-AUC": 0.6133207070707071,
        "Accuracy": 0.4439252336448598,
        "emission": 8.959887804104784e-08
    },
    "PLS-DA": {
        "AVG-PR": 0.5552733318673958,
        "ROC-AUC": 0.8317550505050505,
        "Accuracy": 0.9532710280373832,
        "emission": 6.1323990169286e-07
    },
    "DNN": {
        "AVG-PR": 0.5584162337442244,
        "ROC-AUC": 0.8440656565656566,
        "Accuracy": 0.9252336448598131,
        "emission": 2.068126141034063e-05
    }
}