{
    "Nearest Neighbors": {
        "AVG-PR": 0.03271028037383177,
        "ROC-AUC": 0.4975845410628019,
        "Accuracy": 0.9626168224299065,
        "emission": 2.5222006863431483e-08
    },
    "Linear SVM": {
        "AVG-PR": 0.03271028037383177,
        "ROC-AUC": 0.5,
        "Accuracy": 0.9672897196261683,
        "emission": 9.170472839302582e-09
    },
    "RBF SVM": {
        "AVG-PR": 0.03271028037383177,
        "ROC-AUC": 0.5,
        "Accuracy": 0.9672897196261683,
        "emission": 3.696523433362583e-08
    },
    "Gaussian Process": {
        "AVG-PR": 0.03271028037383177,
        "ROC-AUC": 0.5,
        "Accuracy": 0.9672897196261683,
        "emission": 3.0758240264904435e-06
    },
    "Decision Tree": {
        "AVG-PR": 0.03271028037383177,
        "ROC-AUC": 0.49516908212560384,
        "Accuracy": 0.9579439252336449,
        "emission": 6.978071464059629e-09
    },
    "Random Forest": {
        "AVG-PR": 0.03271028037383177,
        "ROC-AUC": 0.5,
        "Accuracy": 0.9672897196261683,
        "emission": 5.035597475521125e-07
    },
    "AdaBoost": {
        "AVG-PR": 0.03271028037383177,
        "ROC-AUC": 0.5,
        "Accuracy": 0.9672897196261683,
        "emission": 7.222123584498473e-08
    },
    "Naive Bayes": {
        "AVG-PR": 0.03271028037383177,
        "ROC-AUC": 0.4975845410628019,
        "Accuracy": 0.9626168224299065,
        "emission": 6.68690102472397e-09
    },
    "QDA": {
        "AVG-PR": 0.040229885057471264,
        "ROC-AUC": 0.5966183574879227,
        "Accuracy": 0.21962616822429906,
        "emission": 9.14810419558503e-08
    },
    "PLS-DA": {
        "AVG-PR": 0.05335476552929306,
        "ROC-AUC": 0.4934437543133195,
        "Accuracy": 0.9672897196261683,
        "emission": 5.965569562390447e-07
    },
    "DNN": {
        "AVG-PR": 0.026021137834128055,
        "ROC-AUC": 0.3077984817115252,
        "Accuracy": 0.9672897196261683,
        "emission": 2.0865473537779228e-05
    }
}