{
    "Nearest Neighbors": {
        "AVG-PR": 0.14849428868120457,
        "ROC-AUC": 0.5555555555555556,
        "Accuracy": 0.9626168224299065,
        "emission": 1.781715524007088e-08
    },
    "Linear SVM": {
        "AVG-PR": 0.14849428868120457,
        "ROC-AUC": 0.5555555555555556,
        "Accuracy": 0.9626168224299065,
        "emission": 9.665852189716072e-09
    },
    "RBF SVM": {
        "AVG-PR": 0.04205607476635514,
        "ROC-AUC": 0.5,
        "Accuracy": 0.9579439252336449,
        "emission": 3.744449795613904e-08
    },
    "Gaussian Process": {
        "AVG-PR": 0.04205607476635514,
        "ROC-AUC": 0.5,
        "Accuracy": 0.9579439252336449,
        "emission": 5.97257631807642e-06
    },
    "Decision Tree": {
        "AVG-PR": 0.09293873312564901,
        "ROC-AUC": 0.5531165311653117,
        "Accuracy": 0.9579439252336449,
        "emission": 6.776561326606227e-09
    },
    "Random Forest": {
        "AVG-PR": 0.04205607476635514,
        "ROC-AUC": 0.5,
        "Accuracy": 0.9579439252336449,
        "emission": 7.029029221078234e-07
    },
    "AdaBoost": {
        "AVG-PR": 0.12159916926272066,
        "ROC-AUC": 0.6037940379403794,
        "Accuracy": 0.9532710280373832,
        "emission": 7.7598659833311e-08
    },
    "Naive Bayes": {
        "AVG-PR": 0.04205607476635514,
        "ROC-AUC": 0.4975609756097561,
        "Accuracy": 0.9532710280373832,
        "emission": 6.53156729010104e-09
    },
    "QDA": {
        "AVG-PR": 0.04712041884816754,
        "ROC-AUC": 0.5560975609756098,
        "Accuracy": 0.14953271028037382,
        "emission": 7.557781243078542e-08
    },
    "PLS-DA": {
        "AVG-PR": 0.2503983156506092,
        "ROC-AUC": 0.8428184281842818,
        "Accuracy": 0.9579439252336449,
        "emission": 6.113039498173327e-07
    },
    "DNN": {
        "AVG-PR": 0.24773330605926122,
        "ROC-AUC": 0.7907859078590784,
        "Accuracy": 0.9579439252336449,
        "emission": 2.0809974439428768e-05
    }
}