{
    "Nearest Neighbors": {
        "AVG-PR": 0.04205607476635514,
        "ROC-AUC": 0.4975609756097561,
        "Accuracy": 0.9532710280373832,
        "emission": 1.703776251759206e-08
    },
    "Linear SVM": {
        "AVG-PR": 0.059605399792315675,
        "ROC-AUC": 0.54579945799458,
        "Accuracy": 0.9439252336448598,
        "emission": 1.0585692426183318e-08
    },
    "RBF SVM": {
        "AVG-PR": 0.04205607476635514,
        "ROC-AUC": 0.5,
        "Accuracy": 0.9579439252336449,
        "emission": 3.4240392951769564e-08
    },
    "Gaussian Process": {
        "AVG-PR": 0.04205607476635514,
        "ROC-AUC": 0.5,
        "Accuracy": 0.9579439252336449,
        "emission": 6.275530153280672e-06
    },
    "Decision Tree": {
        "AVG-PR": 0.05325619344310933,
        "ROC-AUC": 0.5409214092140922,
        "Accuracy": 0.9345794392523364,
        "emission": 7.2751377134560165e-09
    },
    "Random Forest": {
        "AVG-PR": 0.04205607476635514,
        "ROC-AUC": 0.5,
        "Accuracy": 0.9579439252336449,
        "emission": 5.090059149037128e-07
    },
    "AdaBoost": {
        "AVG-PR": 0.09293873312564901,
        "ROC-AUC": 0.5531165311653117,
        "Accuracy": 0.9579439252336449,
        "emission": 7.283116337241713e-08
    },
    "Naive Bayes": {
        "AVG-PR": 0.06516095534787122,
        "ROC-AUC": 0.5482384823848239,
        "Accuracy": 0.9485981308411215,
        "emission": 6.6866833599053296e-09
    },
    "QDA": {
        "AVG-PR": 0.04484866618558999,
        "ROC-AUC": 0.532249322493225,
        "Accuracy": 0.205607476635514,
        "emission": 8.378963494327632e-08
    },
    "PLS-DA": {
        "AVG-PR": 0.2581109555086444,
        "ROC-AUC": 0.675880758807588,
        "Accuracy": 0.9626168224299065,
        "emission": 5.915303734623498e-07
    },
    "DNN": {
        "AVG-PR": 0.14072656419470145,
        "ROC-AUC": 0.7810298102981029,
        "Accuracy": 0.9579439252336449,
        "emission": 2.06762685884351e-05
    }
}