{
    "Nearest Neighbors": {
        "AVG-PR": 0.46580288870008496,
        "ROC-AUC": 0.736111111111111,
        "Accuracy": 0.897196261682243,
        "emission": 1.643774662625807e-08
    },
    "Linear SVM": {
        "AVG-PR": 0.48908860577957314,
        "ROC-AUC": 0.7508169934640522,
        "Accuracy": 0.9018691588785047,
        "emission": 1.2880632537247419e-08
    },
    "RBF SVM": {
        "AVG-PR": 0.18361737218251786,
        "ROC-AUC": 0.5147058823529411,
        "Accuracy": 0.8457943925233645,
        "emission": 3.6618055722715025e-08
    },
    "Gaussian Process": {
        "AVG-PR": 0.41943925233644863,
        "ROC-AUC": 0.7277777777777777,
        "Accuracy": 0.883177570093458,
        "emission": 1.052330873309874e-06
    },
    "Decision Tree": {
        "AVG-PR": 0.4605827377680044,
        "ROC-AUC": 0.7241830065359477,
        "Accuracy": 0.897196261682243,
        "emission": 9.253478063205463e-09
    },
    "Random Forest": {
        "AVG-PR": 0.1588785046728972,
        "ROC-AUC": 0.5,
        "Accuracy": 0.8411214953271028,
        "emission": 5.080282393661215e-07
    },
    "AdaBoost": {
        "AVG-PR": 0.4855886279745543,
        "ROC-AUC": 0.7718954248366013,
        "Accuracy": 0.897196261682243,
        "emission": 7.679778092808976e-08
    },
    "Naive Bayes": {
        "AVG-PR": 0.3852886201209456,
        "ROC-AUC": 0.7102941176470589,
        "Accuracy": 0.8738317757009346,
        "emission": 6.1536237992309545e-09
    },
    "QDA": {
        "AVG-PR": 0.18085106382978725,
        "ROC-AUC": 0.5722222222222222,
        "Accuracy": 0.2803738317757009,
        "emission": 8.579444222091496e-08
    },
    "PLS-DA": {
        "AVG-PR": 0.6920301959498252,
        "ROC-AUC": 0.8445261437908497,
        "Accuracy": 0.9018691588785047,
        "emission": 6.322009344608705e-07
    },
    "DNN": {
        "AVG-PR": 0.6948731279947672,
        "ROC-AUC": 0.8536764705882354,
        "Accuracy": 0.9018691588785047,
        "emission": 2.0965930971970836e-05
    }
}