{
    "Nearest Neighbors": {
        "AVG-PR": 0.23759457053849575,
        "ROC-AUC": 0.5989035087719298,
        "Accuracy": 0.9018691588785047,
        "emission": 1.62230498675827e-08
    },
    "Linear SVM": {
        "AVG-PR": 0.18348201642594164,
        "ROC-AUC": 0.588377192982456,
        "Accuracy": 0.883177570093458,
        "emission": 1.274734623234003e-08
    },
    "RBF SVM": {
        "AVG-PR": 0.14914330218068536,
        "ROC-AUC": 0.5208333333333334,
        "Accuracy": 0.8925233644859814,
        "emission": 3.784945671095118e-08
    },
    "Gaussian Process": {
        "AVG-PR": 0.18613707165109034,
        "ROC-AUC": 0.5416666666666666,
        "Accuracy": 0.897196261682243,
        "emission": 3.5353367709027e-06
    },
    "Decision Tree": {
        "AVG-PR": 0.18613707165109034,
        "ROC-AUC": 0.5416666666666666,
        "Accuracy": 0.897196261682243,
        "emission": 7.066867406391177e-09
    },
    "Random Forest": {
        "AVG-PR": 0.11214953271028037,
        "ROC-AUC": 0.5,
        "Accuracy": 0.8878504672897196,
        "emission": 5.303118079221302e-07
    },
    "AdaBoost": {
        "AVG-PR": 0.19286517826237454,
        "ROC-AUC": 0.6168859649122808,
        "Accuracy": 0.8691588785046729,
        "emission": 7.552314694736589e-08
    },
    "Naive Bayes": {
        "AVG-PR": 0.18411214953271027,
        "ROC-AUC": 0.6013157894736841,
        "Accuracy": 0.8738317757009346,
        "emission": 6.104169378475415e-09
    },
    "QDA": {
        "AVG-PR": 0.12850248521124297,
        "ROC-AUC": 0.5712719298245614,
        "Accuracy": 0.27102803738317754,
        "emission": 9.141464689553281e-08
    },
    "PLS-DA": {
        "AVG-PR": 0.4234905503565061,
        "ROC-AUC": 0.7643640350877192,
        "Accuracy": 0.8925233644859814,
        "emission": 6.128331488118413e-07
    },
    "DNN": {
        "AVG-PR": 0.3749936297436035,
        "ROC-AUC": 0.7827850877192982,
        "Accuracy": 0.8878504672897196,
        "emission": 2.0930367100827744e-05
    }
}