{
    "Nearest Neighbors": {
        "AVG-PR": 0.11986997155627795,
        "ROC-AUC": 0.5277714545868426,
        "Accuracy": 0.8738317757009346,
        "emission": 1.7158766676324326e-08
    },
    "Linear SVM": {
        "AVG-PR": 0.16181911503667742,
        "ROC-AUC": 0.5964033689961302,
        "Accuracy": 0.8598130841121495,
        "emission": 1.540133497190686e-08
    },
    "RBF SVM": {
        "AVG-PR": 0.1462819991873222,
        "ROC-AUC": 0.5217391304347826,
        "Accuracy": 0.897196261682243,
        "emission": 3.655422068197196e-08
    },
    "Gaussian Process": {
        "AVG-PR": 0.14160910199106055,
        "ROC-AUC": 0.5382426587753243,
        "Accuracy": 0.8925233644859814,
        "emission": 7.183180392904478e-06
    },
    "Decision Tree": {
        "AVG-PR": 0.11729649194094541,
        "ROC-AUC": 0.5165035283405417,
        "Accuracy": 0.8878504672897196,
        "emission": 9.031790033190776e-09
    },
    "Random Forest": {
        "AVG-PR": 0.10747663551401869,
        "ROC-AUC": 0.5,
        "Accuracy": 0.8925233644859814,
        "emission": 5.051681069065873e-07
    },
    "AdaBoost": {
        "AVG-PR": 0.20008604823481607,
        "ROC-AUC": 0.6259959025722741,
        "Accuracy": 0.8785046728971962,
        "emission": 7.876824886738001e-08
    },
    "Naive Bayes": {
        "AVG-PR": 0.12672817910625267,
        "ROC-AUC": 0.563168677441384,
        "Accuracy": 0.7663551401869159,
        "emission": 6.6575854968766605e-09
    },
    "QDA": {
        "AVG-PR": 0.11917098445595854,
        "ROC-AUC": 0.5549738219895288,
        "Accuracy": 0.205607476635514,
        "emission": 8.629391008672463e-08
    },
    "PLS-DA": {
        "AVG-PR": 0.3415529388052655,
        "ROC-AUC": 0.6755064875938994,
        "Accuracy": 0.8738317757009346,
        "emission": 6.055230154124183e-07
    },
    "DNN": {
        "AVG-PR": 0.27039690351498635,
        "ROC-AUC": 0.671864329615297,
        "Accuracy": 0.8878504672897196,
        "emission": 2.0536742329483525e-05
    }
}