{
    "Nearest Neighbors": {
        "AVG-PR": 0.04205607476635514,
        "ROC-AUC": 0.5,
        "Accuracy": 0.9579439252336449,
        "emission": 1.6443264492844564e-08
    },
    "Linear SVM": {
        "AVG-PR": 0.04205607476635514,
        "ROC-AUC": 0.4878048780487805,
        "Accuracy": 0.9345794392523364,
        "emission": 9.847966594484954e-09
    },
    "RBF SVM": {
        "AVG-PR": 0.04205607476635514,
        "ROC-AUC": 0.4975609756097561,
        "Accuracy": 0.9532710280373832,
        "emission": 3.893948437327944e-08
    },
    "Gaussian Process": {
        "AVG-PR": 0.04205607476635514,
        "ROC-AUC": 0.5,
        "Accuracy": 0.9579439252336449,
        "emission": 3.923896076259591e-06
    },
    "Decision Tree": {
        "AVG-PR": 0.04205607476635514,
        "ROC-AUC": 0.4975609756097561,
        "Accuracy": 0.9532710280373832,
        "emission": 9.532415162958581e-09
    },
    "Random Forest": {
        "AVG-PR": 0.04205607476635514,
        "ROC-AUC": 0.5,
        "Accuracy": 0.9579439252336449,
        "emission": 4.977908790047265e-07
    },
    "AdaBoost": {
        "AVG-PR": 0.04205607476635514,
        "ROC-AUC": 0.48292682926829267,
        "Accuracy": 0.9252336448598131,
        "emission": 7.16615586684962e-08
    },
    "Naive Bayes": {
        "AVG-PR": 0.04205607476635514,
        "ROC-AUC": 0.4878048780487805,
        "Accuracy": 0.9345794392523364,
        "emission": 7.831568071954952e-09
    },
    "QDA": {
        "AVG-PR": 0.05,
        "ROC-AUC": 0.5829268292682928,
        "Accuracy": 0.20093457943925233,
        "emission": 8.157700701031414e-08
    },
    "PLS-DA": {
        "AVG-PR": 0.06102028994803567,
        "ROC-AUC": 0.5685636856368564,
        "Accuracy": 0.9579439252336449,
        "emission": 5.882362745099449e-07
    },
    "DNN": {
        "AVG-PR": 0.0462412559901646,
        "ROC-AUC": 0.5002710027100271,
        "Accuracy": 0.9579439252336449,
        "emission": 2.088419784288748e-05
    }
}