{
    "Nearest Neighbors": {
        "AVG-PR": 0.11378504672897197,
        "ROC-AUC": 0.5224226804123712,
        "Accuracy": 0.9065420560747663,
        "emission": 1.970379019486456e-08
    },
    "Linear SVM": {
        "AVG-PR": 0.12443925233644859,
        "ROC-AUC": 0.5569587628865978,
        "Accuracy": 0.8878504672897196,
        "emission": 1.1992983216592042e-08
    },
    "RBF SVM": {
        "AVG-PR": 0.09345794392523364,
        "ROC-AUC": 0.5,
        "Accuracy": 0.9065420560747663,
        "emission": 3.384036505866684e-08
    },
    "Gaussian Process": {
        "AVG-PR": 0.15077881619937694,
        "ROC-AUC": 0.5474226804123712,
        "Accuracy": 0.9112149532710281,
        "emission": 3.041586056633184e-06
    },
    "Decision Tree": {
        "AVG-PR": 0.13411214953271028,
        "ROC-AUC": 0.5448453608247423,
        "Accuracy": 0.9065420560747663,
        "emission": 9.991847009590896e-09
    },
    "Random Forest": {
        "AVG-PR": 0.09345794392523364,
        "ROC-AUC": 0.5,
        "Accuracy": 0.9065420560747663,
        "emission": 5.189836992480529e-07
    },
    "AdaBoost": {
        "AVG-PR": 0.11158210947930573,
        "ROC-AUC": 0.5466494845360824,
        "Accuracy": 0.8691588785046729,
        "emission": 7.172044218055137e-08
    },
    "Naive Bayes": {
        "AVG-PR": 0.13588293162813575,
        "ROC-AUC": 0.5889175257731959,
        "Accuracy": 0.8644859813084113,
        "emission": 5.537843307457287e-09
    },
    "QDA": {
        "AVG-PR": 0.10087121812133694,
        "ROC-AUC": 0.5402061855670104,
        "Accuracy": 0.24766355140186916,
        "emission": 8.592079562838816e-08
    },
    "PLS-DA": {
        "AVG-PR": 0.2140857854684508,
        "ROC-AUC": 0.6724226804123712,
        "Accuracy": 0.8925233644859814,
        "emission": 5.949392199484886e-07
    },
    "DNN": {
        "AVG-PR": 0.32375325115366016,
        "ROC-AUC": 0.8201030927835051,
        "Accuracy": 0.9065420560747663,
        "emission": 2.0436581326417534e-05
    }
}