{
    "Nearest Neighbors": {
        "AVG-PR": 0.4532350352112676,
        "ROC-AUC": 0.7605932203389831,
        "Accuracy": 0.8779342723004695,
        "emission": 1.621461594808552e-08
    },
    "Linear SVM": {
        "AVG-PR": 0.4465819306080384,
        "ROC-AUC": 0.7853107344632768,
        "Accuracy": 0.863849765258216,
        "emission": 1.287016739703422e-08
    },
    "RBF SVM": {
        "AVG-PR": 0.23826291079812206,
        "ROC-AUC": 0.5416666666666666,
        "Accuracy": 0.8450704225352113,
        "emission": 3.773663050378834e-08
    },
    "Gaussian Process": {
        "AVG-PR": 0.4335403099601191,
        "ROC-AUC": 0.7467043314500942,
        "Accuracy": 0.8732394366197183,
        "emission": 2.5819121899738764e-06
    },
    "Decision Tree": {
        "AVG-PR": 0.47371603357518854,
        "ROC-AUC": 0.8102636534839927,
        "Accuracy": 0.8685446009389671,
        "emission": 7.03200102871997e-09
    },
    "Random Forest": {
        "AVG-PR": 0.16901408450704225,
        "ROC-AUC": 0.5,
        "Accuracy": 0.8309859154929577,
        "emission": 5.287472248149889e-07
    },
    "AdaBoost": {
        "AVG-PR": 0.35289514866979654,
        "ROC-AUC": 0.7212806026365349,
        "Accuracy": 0.8309859154929577,
        "emission": 7.410795319221979e-08
    },
    "Naive Bayes": {
        "AVG-PR": 0.31856695729935164,
        "ROC-AUC": 0.6852636534839925,
        "Accuracy": 0.8262910798122066,
        "emission": 6.906822815720225e-09
    },
    "QDA": {
        "AVG-PR": 0.1935483870967742,
        "ROC-AUC": 0.576271186440678,
        "Accuracy": 0.29577464788732394,
        "emission": 9.28018244749865e-08
    },
    "PLS-DA": {
        "AVG-PR": 0.6064136996442147,
        "ROC-AUC": 0.8810420590081606,
        "Accuracy": 0.9014084507042254,
        "emission": 6.078933857550968e-07
    },
    "DNN": {
        "AVG-PR": 0.7023469781255343,
        "ROC-AUC": 0.9074074074074074,
        "Accuracy": 0.8967136150234741,
        "emission": 2.0819028182160952e-05
    }
}