{
    "Nearest Neighbors": {
        "AVG-PR": 0.15771028037383178,
        "ROC-AUC": 0.5625,
        "Accuracy": 0.9672897196261683,
        "emission": 1.4825579348169203e-08
    },
    "Linear SVM": {
        "AVG-PR": 0.05056742323097463,
        "ROC-AUC": 0.5479368932038835,
        "Accuracy": 0.9392523364485982,
        "emission": 9.379262514898383e-09
    },
    "RBF SVM": {
        "AVG-PR": 0.037383177570093455,
        "ROC-AUC": 0.5,
        "Accuracy": 0.9626168224299065,
        "emission": 3.6212965173141065e-08
    },
    "Gaussian Process": {
        "AVG-PR": 0.037383177570093455,
        "ROC-AUC": 0.5,
        "Accuracy": 0.9626168224299065,
        "emission": 4.109676641290736e-06
    },
    "Decision Tree": {
        "AVG-PR": 0.06396028037383178,
        "ROC-AUC": 0.5552184466019418,
        "Accuracy": 0.9532710280373832,
        "emission": 8.719882981581532e-09
    },
    "Random Forest": {
        "AVG-PR": 0.037383177570093455,
        "ROC-AUC": 0.5,
        "Accuracy": 0.9626168224299065,
        "emission": 5.067412194335267e-07
    },
    "AdaBoost": {
        "AVG-PR": 0.1639894859813084,
        "ROC-AUC": 0.6753640776699029,
        "Accuracy": 0.9532710280373832,
        "emission": 7.413874186807847e-08
    },
    "Naive Bayes": {
        "AVG-PR": 0.06396028037383178,
        "ROC-AUC": 0.5552184466019418,
        "Accuracy": 0.9532710280373832,
        "emission": 7.589511471400217e-09
    },
    "QDA": {
        "AVG-PR": 0.043478260869565216,
        "ROC-AUC": 0.5728155339805825,
        "Accuracy": 0.17757009345794392,
        "emission": 7.983107114553163e-08
    },
    "PLS-DA": {
        "AVG-PR": 0.2649930474023216,
        "ROC-AUC": 0.8270631067961166,
        "Accuracy": 0.9579439252336449,
        "emission": 6.008497682103925e-07
    },
    "DNN": {
        "AVG-PR": 0.3449731228373043,
        "ROC-AUC": 0.6177184466019418,
        "Accuracy": 0.9626168224299065,
        "emission": 2.14606339577625e-05
    }
}