{
    "Nearest Neighbors": {
        "AVG-PR": 0.21339563862928349,
        "ROC-AUC": 0.5833333333333334,
        "Accuracy": 0.9532710280373832,
        "emission": 1.4269617654577149e-08
    },
    "Linear SVM": {
        "AVG-PR": 0.20404984423676012,
        "ROC-AUC": 0.6567656765676567,
        "Accuracy": 0.9439252336448598,
        "emission": 9.971109301619455e-09
    },
    "RBF SVM": {
        "AVG-PR": 0.056074766355140186,
        "ROC-AUC": 0.5,
        "Accuracy": 0.9439252336448598,
        "emission": 3.4968944623640523e-08
    },
    "Gaussian Process": {
        "AVG-PR": 0.13473520249221183,
        "ROC-AUC": 0.5416666666666666,
        "Accuracy": 0.9485981308411215,
        "emission": 6.227580733862297e-06
    },
    "Decision Tree": {
        "AVG-PR": 0.07917964693665627,
        "ROC-AUC": 0.5367161716171617,
        "Accuracy": 0.9392523364485982,
        "emission": 9.862178380562572e-09
    },
    "Random Forest": {
        "AVG-PR": 0.056074766355140186,
        "ROC-AUC": 0.5,
        "Accuracy": 0.9439252336448598,
        "emission": 5.224482501668681e-07
    },
    "AdaBoost": {
        "AVG-PR": 0.13580607476635514,
        "ROC-AUC": 0.6126237623762376,
        "Accuracy": 0.9345794392523364,
        "emission": 7.304942673846707e-08
    },
    "Naive Bayes": {
        "AVG-PR": 0.056074766355140186,
        "ROC-AUC": 0.49257425742574257,
        "Accuracy": 0.9299065420560748,
        "emission": 5.6040115590544725e-09
    },
    "QDA": {
        "AVG-PR": 0.06857142857142857,
        "ROC-AUC": 0.5965346534653465,
        "Accuracy": 0.2383177570093458,
        "emission": 8.520998884907916e-08
    },
    "PLS-DA": {
        "AVG-PR": 0.4264860854015265,
        "ROC-AUC": 0.8461221122112211,
        "Accuracy": 0.9439252336448598,
        "emission": 6.122904534801038e-07
    },
    "DNN": {
        "AVG-PR": 0.5076553682719703,
        "ROC-AUC": 0.8419966996699669,
        "Accuracy": 0.9439252336448598,
        "emission": 2.0899211857590594e-05
    }
}