{
    "Nearest Neighbors": {
        "AVG-PR": 0.19042056074766356,
        "ROC-AUC": 0.5625,
        "Accuracy": 0.9345794392523364,
        "emission": 1.591845479935021e-08
    },
    "Linear SVM": {
        "AVG-PR": 0.3483060747663551,
        "ROC-AUC": 0.7111742424242424,
        "Accuracy": 0.9439252336448598,
        "emission": 1.0880845556433504e-08
    },
    "RBF SVM": {
        "AVG-PR": 0.07476635514018691,
        "ROC-AUC": 0.5,
        "Accuracy": 0.9252336448598131,
        "emission": 3.663211475824874e-08
    },
    "Gaussian Process": {
        "AVG-PR": 0.19042056074766356,
        "ROC-AUC": 0.5625,
        "Accuracy": 0.9345794392523364,
        "emission": 8.62693621812905e-06
    },
    "Decision Tree": {
        "AVG-PR": 0.2746161548731642,
        "ROC-AUC": 0.651199494949495,
        "Accuracy": 0.9392523364485982,
        "emission": 7.213131207445858e-09
    },
    "Random Forest": {
        "AVG-PR": 0.07476635514018691,
        "ROC-AUC": 0.5,
        "Accuracy": 0.9252336448598131,
        "emission": 5.212775411599011e-07
    },
    "AdaBoost": {
        "AVG-PR": 0.2746161548731642,
        "ROC-AUC": 0.651199494949495,
        "Accuracy": 0.9392523364485982,
        "emission": 7.378132697810414e-08
    },
    "Naive Bayes": {
        "AVG-PR": 0.25127442650807136,
        "ROC-AUC": 0.6748737373737373,
        "Accuracy": 0.9299065420560748,
        "emission": 6.0521554447525235e-09
    },
    "QDA": {
        "AVG-PR": 0.08457346537807986,
        "ROC-AUC": 0.5621843434343434,
        "Accuracy": 0.24299065420560748,
        "emission": 8.834514556663144e-08
    },
    "PLS-DA": {
        "AVG-PR": 0.6427312425541171,
        "ROC-AUC": 0.8585858585858586,
        "Accuracy": 0.9439252336448598,
        "emission": 6.037302699544994e-07
    },
    "DNN": {
        "AVG-PR": 0.47364265590549676,
        "ROC-AUC": 0.8166035353535354,
        "Accuracy": 0.9252336448598131,
        "emission": 2.0880930338145165e-05
    }
}