{
    "Nearest Neighbors": {
        "AVG-PR": 0.037383177570093455,
        "ROC-AUC": 0.4975728155339806,
        "Accuracy": 0.9579439252336449,
        "emission": 1.625556517936886e-08
    },
    "Linear SVM": {
        "AVG-PR": 0.32651869158878505,
        "ROC-AUC": 0.8003640776699029,
        "Accuracy": 0.9626168224299065,
        "emission": 8.817094408930392e-09
    },
    "RBF SVM": {
        "AVG-PR": 0.15771028037383178,
        "ROC-AUC": 0.5625,
        "Accuracy": 0.9672897196261683,
        "emission": 3.963011928655151e-08
    },
    "Gaussian Process": {
        "AVG-PR": 0.41869158878504675,
        "ROC-AUC": 0.7475728155339806,
        "Accuracy": 0.9766355140186916,
        "emission": 1.4690408531936295e-06
    },
    "Decision Tree": {
        "AVG-PR": 0.21869158878504674,
        "ROC-AUC": 0.7354368932038835,
        "Accuracy": 0.9532710280373832,
        "emission": 8.313070409025608e-09
    },
    "Random Forest": {
        "AVG-PR": 0.037383177570093455,
        "ROC-AUC": 0.5,
        "Accuracy": 0.9626168224299065,
        "emission": 5.05347760903897e-07
    },
    "AdaBoost": {
        "AVG-PR": 0.5348520249221184,
        "ROC-AUC": 0.8100728155339806,
        "Accuracy": 0.9813084112149533,
        "emission": 7.559223289746753e-08
    },
    "Naive Bayes": {
        "AVG-PR": 0.24091381100726894,
        "ROC-AUC": 0.7378640776699029,
        "Accuracy": 0.9579439252336449,
        "emission": 6.739935473024018e-09
    },
    "QDA": {
        "AVG-PR": 0.043243243243243246,
        "ROC-AUC": 0.5703883495145632,
        "Accuracy": 0.17289719626168223,
        "emission": 8.909951880676232e-08
    },
    "PLS-DA": {
        "AVG-PR": 0.45044600821440367,
        "ROC-AUC": 0.9162621359223302,
        "Accuracy": 0.9672897196261683,
        "emission": 5.840667875451571e-07
    },
    "DNN": {
        "AVG-PR": 0.28978818134601714,
        "ROC-AUC": 0.8216019417475727,
        "Accuracy": 0.9626168224299065,
        "emission": 2.0359570297003486e-05
    }
}