{
    "Nearest Neighbors": {
        "AVG-PR": 0.04672897196261682,
        "ROC-AUC": 0.5,
        "Accuracy": 0.9532710280373832,
        "emission": 1.516084778874136e-08
    },
    "Linear SVM": {
        "AVG-PR": 0.04672897196261682,
        "ROC-AUC": 0.49264705882352944,
        "Accuracy": 0.9392523364485982,
        "emission": 1.1034813654484368e-08
    },
    "RBF SVM": {
        "AVG-PR": 0.04672897196261682,
        "ROC-AUC": 0.5,
        "Accuracy": 0.9532710280373832,
        "emission": 3.8129642493888834e-08
    },
    "Gaussian Process": {
        "AVG-PR": 0.04672897196261682,
        "ROC-AUC": 0.5,
        "Accuracy": 0.9532710280373832,
        "emission": 2.9287693140585047e-06
    },
    "Decision Tree": {
        "AVG-PR": 0.04672897196261682,
        "ROC-AUC": 0.4950980392156863,
        "Accuracy": 0.9439252336448598,
        "emission": 8.532007492834425e-09
    },
    "Random Forest": {
        "AVG-PR": 0.04672897196261682,
        "ROC-AUC": 0.5,
        "Accuracy": 0.9532710280373832,
        "emission": 5.120636936722652e-07
    },
    "AdaBoost": {
        "AVG-PR": 0.07538940809968847,
        "ROC-AUC": 0.5450980392156863,
        "Accuracy": 0.9485981308411215,
        "emission": 7.532511532955357e-08
    },
    "Naive Bayes": {
        "AVG-PR": 0.09205607476635513,
        "ROC-AUC": 0.5475490196078432,
        "Accuracy": 0.9532710280373832,
        "emission": 6.96536655293316e-09
    },
    "QDA": {
        "AVG-PR": 0.049924293844306376,
        "ROC-AUC": 0.5333333333333333,
        "Accuracy": 0.20093457943925233,
        "emission": 8.164910183855706e-08
    },
    "PLS-DA": {
        "AVG-PR": 0.18216170486514016,
        "ROC-AUC": 0.6965686274509804,
        "Accuracy": 0.9439252336448598,
        "emission": 6.069200495533617e-07
    },
    "DNN": {
        "AVG-PR": 0.3919365685045497,
        "ROC-AUC": 0.8088235294117647,
        "Accuracy": 0.9532710280373832,
        "emission": 2.098429173289146e-05
    }
}