{
    "Nearest Neighbors": {
        "AVG-PR": 0.09959758551307847,
        "ROC-AUC": 0.569001386962552,
        "Accuracy": 0.9671361502347418,
        "emission": 1.6871242758636553e-08
    },
    "Linear SVM": {
        "AVG-PR": 0.09959758551307847,
        "ROC-AUC": 0.569001386962552,
        "Accuracy": 0.9671361502347418,
        "emission": 1.1520339691707573e-08
    },
    "RBF SVM": {
        "AVG-PR": 0.03286384976525822,
        "ROC-AUC": 0.5,
        "Accuracy": 0.9671361502347418,
        "emission": 3.923185269265034e-08
    },
    "Gaussian Process": {
        "AVG-PR": 0.09959758551307847,
        "ROC-AUC": 0.569001386962552,
        "Accuracy": 0.9671361502347418,
        "emission": 2.4626663393824287e-06
    },
    "Decision Tree": {
        "AVG-PR": 0.07578806170355466,
        "ROC-AUC": 0.5665742024965326,
        "Accuracy": 0.9624413145539906,
        "emission": 9.449903304733638e-09
    },
    "Random Forest": {
        "AVG-PR": 0.03286384976525822,
        "ROC-AUC": 0.5,
        "Accuracy": 0.9671361502347418,
        "emission": 5.096199123732947e-07
    },
    "AdaBoost": {
        "AVG-PR": 0.07578806170355466,
        "ROC-AUC": 0.5665742024965326,
        "Accuracy": 0.9624413145539906,
        "emission": 7.279443228687683e-08
    },
    "Naive Bayes": {
        "AVG-PR": 0.09959758551307847,
        "ROC-AUC": 0.569001386962552,
        "Accuracy": 0.9671361502347418,
        "emission": 5.523800951232033e-09
    },
    "QDA": {
        "AVG-PR": 0.040697674418604654,
        "ROC-AUC": 0.5995145631067962,
        "Accuracy": 0.22535211267605634,
        "emission": 8.620394788132795e-08
    },
    "PLS-DA": {
        "AVG-PR": 0.12860433154550802,
        "ROC-AUC": 0.6400832177531207,
        "Accuracy": 0.9671361502347418,
        "emission": 5.932687176007072e-07
    },
    "DNN": {
        "AVG-PR": 0.17303646211398094,
        "ROC-AUC": 0.5270457697642164,
        "Accuracy": 0.9671361502347418,
        "emission": 2.107083391672927e-05
    }
}