{
    "Nearest Neighbors": {
        "AVG-PR": 0.27842679127725856,
        "ROC-AUC": 0.6224226804123711,
        "Accuracy": 0.9252336448598131,
        "emission": 1.970528758852307e-08
    },
    "Linear SVM": {
        "AVG-PR": 0.40010158472165785,
        "ROC-AUC": 0.7992268041237113,
        "Accuracy": 0.9205607476635514,
        "emission": 1.2458288594083327e-08
    },
    "RBF SVM": {
        "AVG-PR": 0.09345794392523364,
        "ROC-AUC": 0.5,
        "Accuracy": 0.9065420560747663,
        "emission": 3.687779632043618e-08
    },
    "Gaussian Process": {
        "AVG-PR": 0.3329698857736241,
        "ROC-AUC": 0.6698453608247423,
        "Accuracy": 0.9299065420560748,
        "emission": 5.899704791166515e-06
    },
    "Decision Tree": {
        "AVG-PR": 0.2967289719626168,
        "ROC-AUC": 0.7242268041237112,
        "Accuracy": 0.9065420560747663,
        "emission": 7.52032777090448e-09
    },
    "Random Forest": {
        "AVG-PR": 0.09345794392523364,
        "ROC-AUC": 0.5,
        "Accuracy": 0.9065420560747663,
        "emission": 5.228455440946669e-07
    },
    "AdaBoost": {
        "AVG-PR": 0.34084661902144037,
        "ROC-AUC": 0.7319587628865979,
        "Accuracy": 0.9205607476635514,
        "emission": 7.685862332391897e-08
    },
    "Naive Bayes": {
        "AVG-PR": 0.2560747663551402,
        "ROC-AUC": 0.679381443298969,
        "Accuracy": 0.9065420560747663,
        "emission": 6.904396072425311e-09
    },
    "QDA": {
        "AVG-PR": 0.11049723756906077,
        "ROC-AUC": 0.5850515463917525,
        "Accuracy": 0.24766355140186916,
        "emission": 1.2215896645854328e-07
    },
    "PLS-DA": {
        "AVG-PR": 0.6173264148640063,
        "ROC-AUC": 0.9335051546391753,
        "Accuracy": 0.9392523364485982,
        "emission": 6.082228121861996e-07
    },
    "DNN": {
        "AVG-PR": 0.61230810885671,
        "ROC-AUC": 0.9239690721649485,
        "Accuracy": 0.9158878504672897,
        "emission": 2.1469343566030213e-05
    }
}