{
    "Nearest Neighbors": {
        "AVG-PR": 0.27176925555913634,
        "ROC-AUC": 0.6125815470643057,
        "Accuracy": 0.883177570093458,
        "emission": 2.795582694579141e-08
    },
    "Linear SVM": {
        "AVG-PR": 0.3051445814900536,
        "ROC-AUC": 0.6798695246971108,
        "Accuracy": 0.8738317757009346,
        "emission": 1.2804017756138123e-08
    },
    "RBF SVM": {
        "AVG-PR": 0.16532388011601673,
        "ROC-AUC": 0.5172413793103449,
        "Accuracy": 0.8691588785046729,
        "emission": 4.1989527115604267e-08
    },
    "Gaussian Process": {
        "AVG-PR": 0.3043022881082823,
        "ROC-AUC": 0.656197576887232,
        "Accuracy": 0.883177570093458,
        "emission": 6.327947807916655e-06
    },
    "Decision Tree": {
        "AVG-PR": 0.37576538833387046,
        "ROC-AUC": 0.7315936626281453,
        "Accuracy": 0.8878504672897196,
        "emission": 7.688753588544473e-09
    },
    "Random Forest": {
        "AVG-PR": 0.13551401869158877,
        "ROC-AUC": 0.5,
        "Accuracy": 0.8644859813084113,
        "emission": 5.293114726270866e-07
    },
    "AdaBoost": {
        "AVG-PR": 0.3425141568067769,
        "ROC-AUC": 0.7234855545200373,
        "Accuracy": 0.8738317757009346,
        "emission": 7.399631329250061e-08
    },
    "Naive Bayes": {
        "AVG-PR": 0.2704206846971913,
        "ROC-AUC": 0.6690587138863,
        "Accuracy": 0.8551401869158879,
        "emission": 6.578237894988072e-09
    },
    "QDA": {
        "AVG-PR": 0.14057824225403986,
        "ROC-AUC": 0.5205032618825722,
        "Accuracy": 0.397196261682243,
        "emission": 8.534890438579327e-08
    },
    "PLS-DA": {
        "AVG-PR": 0.6090005833146257,
        "ROC-AUC": 0.8849953401677539,
        "Accuracy": 0.897196261682243,
        "emission": 5.978681049475711e-07
    },
    "DNN": {
        "AVG-PR": 0.6142326405771397,
        "ROC-AUC": 0.8958061509785648,
        "Accuracy": 0.8925233644859814,
        "emission": 2.0520541189835892e-05
    }
}