{
    "Nearest Neighbors": {
        "AVG-PR": 0.334647585669782,
        "ROC-AUC": 0.6432017543859649,
        "Accuracy": 0.9158878504672897,
        "emission": 1.4458387091767118e-08
    },
    "Linear SVM": {
        "AVG-PR": 0.4560747663551402,
        "ROC-AUC": 0.7421052631578947,
        "Accuracy": 0.9299065420560748,
        "emission": 1.1028672003321635e-08
    },
    "RBF SVM": {
        "AVG-PR": 0.12830996884735202,
        "ROC-AUC": 0.5182017543859649,
        "Accuracy": 0.8878504672897196,
        "emission": 3.750441553236963e-08
    },
    "Gaussian Process": {
        "AVG-PR": 0.3859333812604841,
        "ROC-AUC": 0.7004385964912281,
        "Accuracy": 0.9205607476635514,
        "emission": 6.054525958077735e-06
    },
    "Decision Tree": {
        "AVG-PR": 0.2623961578400831,
        "ROC-AUC": 0.6015350877192982,
        "Accuracy": 0.9065420560747663,
        "emission": 7.196670798778832e-09
    },
    "Random Forest": {
        "AVG-PR": 0.11214953271028037,
        "ROC-AUC": 0.5,
        "Accuracy": 0.8878504672897196,
        "emission": 5.274217258377776e-07
    },
    "AdaBoost": {
        "AVG-PR": 0.4765535333661256,
        "ROC-AUC": 0.7785087719298247,
        "Accuracy": 0.9299065420560748,
        "emission": 7.518669733678015e-08
    },
    "Naive Bayes": {
        "AVG-PR": 0.29690204222914507,
        "ROC-AUC": 0.687280701754386,
        "Accuracy": 0.897196261682243,
        "emission": 7.593471822357293e-09
    },
    "QDA": {
        "AVG-PR": 0.12191580499768012,
        "ROC-AUC": 0.5449561403508772,
        "Accuracy": 0.22429906542056074,
        "emission": 7.871174379621778e-08
    },
    "PLS-DA": {
        "AVG-PR": 0.6355048603556626,
        "ROC-AUC": 0.9027412280701753,
        "Accuracy": 0.9252336448598131,
        "emission": 6.467079292865037e-07
    },
    "DNN": {
        "AVG-PR": 0.7580066480157335,
        "ROC-AUC": 0.9292763157894737,
        "Accuracy": 0.9345794392523364,
        "emission": 2.124560856381258e-05
    }
}