{
    "Nearest Neighbors": {
        "AVG-PR": 0.1707165109034268,
        "ROC-AUC": 0.5975490196078431,
        "Accuracy": 0.9579439252336449,
        "emission": 1.4880036808237685e-08
    },
    "Linear SVM": {
        "AVG-PR": 0.11738317757009348,
        "ROC-AUC": 0.5926470588235294,
        "Accuracy": 0.9485981308411215,
        "emission": 8.98943194787595e-09
    },
    "RBF SVM": {
        "AVG-PR": 0.04672897196261682,
        "ROC-AUC": 0.5,
        "Accuracy": 0.9532710280373832,
        "emission": 3.6678267733025074e-08
    },
    "Gaussian Process": {
        "AVG-PR": 0.1707165109034268,
        "ROC-AUC": 0.5975490196078431,
        "Accuracy": 0.9579439252336449,
        "emission": 7.0400305901875515e-06
    },
    "Decision Tree": {
        "AVG-PR": 0.13738317757009347,
        "ROC-AUC": 0.5950980392156863,
        "Accuracy": 0.9532710280373832,
        "emission": 6.907662377805687e-09
    },
    "Random Forest": {
        "AVG-PR": 0.04672897196261682,
        "ROC-AUC": 0.5,
        "Accuracy": 0.9532710280373832,
        "emission": 5.343752707482827e-07
    },
    "AdaBoost": {
        "AVG-PR": 0.13738317757009347,
        "ROC-AUC": 0.5950980392156863,
        "Accuracy": 0.9532710280373832,
        "emission": 7.597581847673903e-08
    },
    "Naive Bayes": {
        "AVG-PR": 0.13738317757009347,
        "ROC-AUC": 0.5950980392156863,
        "Accuracy": 0.9532710280373832,
        "emission": 7.665894551607128e-09
    },
    "QDA": {
        "AVG-PR": 0.053763440860215055,
        "ROC-AUC": 0.5686274509803921,
        "Accuracy": 0.17757009345794392,
        "emission": 7.784282917089286e-08
    },
    "PLS-DA": {
        "AVG-PR": 0.3352754882512794,
        "ROC-AUC": 0.8083333333333332,
        "Accuracy": 0.9579439252336449,
        "emission": 6.107924568196826e-07
    },
    "DNN": {
        "AVG-PR": 0.3399536478426748,
        "ROC-AUC": 0.6990196078431372,
        "Accuracy": 0.9532710280373832,
        "emission": 2.1047352110816734e-05
    }
}