{
    "Nearest Neighbors": {
        "AVG-PR": 0.2375586854460094,
        "ROC-AUC": 0.6,
        "Accuracy": 0.9624413145539906,
        "emission": 1.6883534480724997e-08
    },
    "Linear SVM": {
        "AVG-PR": 0.1375586854460094,
        "ROC-AUC": 0.5950738916256157,
        "Accuracy": 0.9530516431924883,
        "emission": 1.185354560758844e-08
    },
    "RBF SVM": {
        "AVG-PR": 0.14225352112676057,
        "ROC-AUC": 0.55,
        "Accuracy": 0.9577464788732394,
        "emission": 3.840365778969468e-08
    },
    "Gaussian Process": {
        "AVG-PR": 0.046948356807511735,
        "ROC-AUC": 0.5,
        "Accuracy": 0.9530516431924883,
        "emission": 6.0733628925009774e-06
    },
    "Decision Tree": {
        "AVG-PR": 0.17089201877934274,
        "ROC-AUC": 0.5975369458128079,
        "Accuracy": 0.9577464788732394,
        "emission": 8.796100091020812e-09
    },
    "Random Forest": {
        "AVG-PR": 0.046948356807511735,
        "ROC-AUC": 0.5,
        "Accuracy": 0.9530516431924883,
        "emission": 5.201181938931341e-07
    },
    "AdaBoost": {
        "AVG-PR": 0.1175586854460094,
        "ROC-AUC": 0.5926108374384236,
        "Accuracy": 0.9483568075117371,
        "emission": 7.2235164551927e-08
    },
    "Naive Bayes": {
        "AVG-PR": 0.1175586854460094,
        "ROC-AUC": 0.5926108374384236,
        "Accuracy": 0.9483568075117371,
        "emission": 6.013134584639413e-09
    },
    "QDA": {
        "AVG-PR": 0.05291005291005291,
        "ROC-AUC": 0.5591133004926108,
        "Accuracy": 0.1596244131455399,
        "emission": 8.526849703852853e-08
    },
    "PLS-DA": {
        "AVG-PR": 0.3447926129595248,
        "ROC-AUC": 0.8078817733990148,
        "Accuracy": 0.9530516431924883,
        "emission": 6.063058204177206e-07
    },
    "DNN": {
        "AVG-PR": 0.39882481552012666,
        "ROC-AUC": 0.7591133004926108,
        "Accuracy": 0.9530516431924883,
        "emission": 2.090572917151096e-05
    }
}