{
    "Nearest Neighbors": {
        "AVG-PR": 0.13763806287170774,
        "ROC-AUC": 0.5454545454545454,
        "Accuracy": 0.9532710280373832,
        "emission": 1.601288097561021e-08
    },
    "Linear SVM": {
        "AVG-PR": 0.09400412671440708,
        "ROC-AUC": 0.5785938199731304,
        "Accuracy": 0.9345794392523364,
        "emission": 1.1117619262983107e-08
    },
    "RBF SVM": {
        "AVG-PR": 0.0514018691588785,
        "ROC-AUC": 0.5,
        "Accuracy": 0.9485981308411215,
        "emission": 3.796212190282747e-08
    },
    "Gaussian Process": {
        "AVG-PR": 0.0514018691588785,
        "ROC-AUC": 0.5,
        "Accuracy": 0.9485981308411215,
        "emission": 5.495244473764027e-06
    },
    "Decision Tree": {
        "AVG-PR": 0.06188048711413197,
        "ROC-AUC": 0.5331392745185849,
        "Accuracy": 0.9299065420560748,
        "emission": 7.0788685088458954e-09
    },
    "Random Forest": {
        "AVG-PR": 0.0514018691588785,
        "ROC-AUC": 0.5,
        "Accuracy": 0.9485981308411215,
        "emission": 5.147643095028156e-07
    },
    "AdaBoost": {
        "AVG-PR": 0.06945624468988955,
        "ROC-AUC": 0.538065382892969,
        "Accuracy": 0.9392523364485982,
        "emission": 7.308042138849952e-08
    },
    "Naive Bayes": {
        "AVG-PR": 0.064910790144435,
        "ROC-AUC": 0.535602328705777,
        "Accuracy": 0.9345794392523364,
        "emission": 6.792546857008619e-09
    },
    "QDA": {
        "AVG-PR": 0.04962593221939016,
        "ROC-AUC": 0.48074339453649795,
        "Accuracy": 0.3411214953271028,
        "emission": 8.532321761593968e-08
    },
    "PLS-DA": {
        "AVG-PR": 0.25516773643769053,
        "ROC-AUC": 0.7393640841916704,
        "Accuracy": 0.9485981308411215,
        "emission": 6.110528567302821e-07
    },
    "DNN": {
        "AVG-PR": 0.32175683793330856,
        "ROC-AUC": 0.723242274966413,
        "Accuracy": 0.9485981308411215,
        "emission": 2.059328722145714e-05
    }
}