{
    "Nearest Neighbors": {
        "AVG-PR": 0.056074766355140186,
        "ROC-AUC": 0.4975247524752475,
        "Accuracy": 0.9392523364485982,
        "emission": 1.589657871529567e-08
    },
    "Linear SVM": {
        "AVG-PR": 0.10228452751817238,
        "ROC-AUC": 0.5734323432343235,
        "Accuracy": 0.9345794392523364,
        "emission": 1.1204321311569332e-08
    },
    "RBF SVM": {
        "AVG-PR": 0.056074766355140186,
        "ROC-AUC": 0.5,
        "Accuracy": 0.9439252336448598,
        "emission": 3.696054388420268e-08
    },
    "Gaussian Process": {
        "AVG-PR": 0.13473520249221183,
        "ROC-AUC": 0.5416666666666666,
        "Accuracy": 0.9485981308411215,
        "emission": 6.48605834377951e-06
    },
    "Decision Tree": {
        "AVG-PR": 0.06806853582554517,
        "ROC-AUC": 0.5317656765676567,
        "Accuracy": 0.9299065420560748,
        "emission": 1.0397591992646411e-08
    },
    "Random Forest": {
        "AVG-PR": 0.056074766355140186,
        "ROC-AUC": 0.5,
        "Accuracy": 0.9439252336448598,
        "emission": 5.28361829765198e-07
    },
    "AdaBoost": {
        "AVG-PR": 0.08376600899965386,
        "ROC-AUC": 0.566006600660066,
        "Accuracy": 0.9205607476635514,
        "emission": 7.402632431497063e-08
    },
    "Naive Bayes": {
        "AVG-PR": 0.07223520249221184,
        "ROC-AUC": 0.5342409240924092,
        "Accuracy": 0.9345794392523364,
        "emission": 6.3094054783456555e-09
    },
    "QDA": {
        "AVG-PR": 0.05513334018006916,
        "ROC-AUC": 0.49092409240924095,
        "Accuracy": 0.18691588785046728,
        "emission": 8.023267287808577e-08
    },
    "PLS-DA": {
        "AVG-PR": 0.1864179687415736,
        "ROC-AUC": 0.6891501650165016,
        "Accuracy": 0.9485981308411215,
        "emission": 6.328064745359427e-07
    },
    "DNN": {
        "AVG-PR": 0.12803376907303804,
        "ROC-AUC": 0.7279290429042904,
        "Accuracy": 0.9439252336448598,
        "emission": 2.1325827208924677e-05
    }
}