{
    "Nearest Neighbors": {
        "AVG-PR": 0.5622668819239548,
        "ROC-AUC": 0.8222162452931684,
        "Accuracy": 0.8779342723004695,
        "emission": 1.798082551682974e-08
    },
    "Linear SVM": {
        "AVG-PR": 0.5527406865435035,
        "ROC-AUC": 0.8054061323292092,
        "Accuracy": 0.8779342723004695,
        "emission": 1.5168904232083584e-08
    },
    "RBF SVM": {
        "AVG-PR": 0.20657276995305165,
        "ROC-AUC": 0.5,
        "Accuracy": 0.7934272300469484,
        "emission": 3.734486930630014e-08
    },
    "Gaussian Process": {
        "AVG-PR": 0.6185532523560693,
        "ROC-AUC": 0.8201990317374932,
        "Accuracy": 0.9014084507042254,
        "emission": 3.796286145751761e-06
    },
    "Decision Tree": {
        "AVG-PR": 0.5234680812145601,
        "ROC-AUC": 0.7688273265196341,
        "Accuracy": 0.8732394366197183,
        "emission": 7.804035354416895e-09
    },
    "Random Forest": {
        "AVG-PR": 0.20657276995305165,
        "ROC-AUC": 0.5,
        "Accuracy": 0.7934272300469484,
        "emission": 5.341228883186438e-07
    },
    "AdaBoost": {
        "AVG-PR": 0.46300570568546856,
        "ROC-AUC": 0.7456293706293707,
        "Accuracy": 0.8497652582159625,
        "emission": 7.720669077907431e-08
    },
    "Naive Bayes": {
        "AVG-PR": 0.39799634433743436,
        "ROC-AUC": 0.7219607315761163,
        "Accuracy": 0.812206572769953,
        "emission": 6.921915665641291e-09
    },
    "QDA": {
        "AVG-PR": 0.25882352941176473,
        "ROC-AUC": 0.6272189349112426,
        "Accuracy": 0.4084507042253521,
        "emission": 8.74767273251031e-08
    },
    "PLS-DA": {
        "AVG-PR": 0.7566670331093337,
        "ROC-AUC": 0.8785637439483593,
        "Accuracy": 0.8826291079812206,
        "emission": 6.347805517427397e-07
    },
    "DNN": {
        "AVG-PR": 0.8048252851829143,
        "ROC-AUC": 0.9244217321140399,
        "Accuracy": 0.892018779342723,
        "emission": 2.154546264078691e-05
    }
}