{
    "Nearest Neighbors": {
        "AVG-PR": 0.3083120553310692,
        "ROC-AUC": 0.6443616029822926,
        "Accuracy": 0.8878504672897196,
        "emission": 2.4730207256665098e-08
    },
    "Linear SVM": {
        "AVG-PR": 0.23871008421023132,
        "ROC-AUC": 0.6372786579683132,
        "Accuracy": 0.8504672897196262,
        "emission": 1.2046886814019895e-08
    },
    "RBF SVM": {
        "AVG-PR": 0.16532388011601673,
        "ROC-AUC": 0.5172413793103449,
        "Accuracy": 0.8691588785046729,
        "emission": 3.96520424085535e-08
    },
    "Gaussian Process": {
        "AVG-PR": 0.35530132130196584,
        "ROC-AUC": 0.6906803355079216,
        "Accuracy": 0.8925233644859814,
        "emission": 5.142058982236599e-06
    },
    "Decision Tree": {
        "AVG-PR": 0.36227306907294016,
        "ROC-AUC": 0.6788443616029823,
        "Accuracy": 0.897196261682243,
        "emission": 8.744718256293927e-09
    },
    "Random Forest": {
        "AVG-PR": 0.13551401869158877,
        "ROC-AUC": 0.5,
        "Accuracy": 0.8644859813084113,
        "emission": 5.147091949329288e-07
    },
    "AdaBoost": {
        "AVG-PR": 0.19844432074531976,
        "ROC-AUC": 0.6000931966449209,
        "Accuracy": 0.8364485981308412,
        "emission": 7.373247972112673e-08
    },
    "Naive Bayes": {
        "AVG-PR": 0.3404382855301321,
        "ROC-AUC": 0.7116495806150979,
        "Accuracy": 0.8785046728971962,
        "emission": 6.103389366915606e-09
    },
    "QDA": {
        "AVG-PR": 0.1695906432748538,
        "ROC-AUC": 0.6162162162162161,
        "Accuracy": 0.3364485981308411,
        "emission": 8.752686064438776e-08
    },
    "PLS-DA": {
        "AVG-PR": 0.6029585193476186,
        "ROC-AUC": 0.8026095060577818,
        "Accuracy": 0.897196261682243,
        "emission": 6.041343431961162e-07
    },
    "DNN": {
        "AVG-PR": 0.5409052314239193,
        "ROC-AUC": 0.7901211556383969,
        "Accuracy": 0.8785046728971962,
        "emission": 2.12163690573331e-05
    }
}