{
    "Nearest Neighbors": {
        "AVG-PR": 0.046948356807511735,
        "ROC-AUC": 0.5,
        "Accuracy": 0.9530516431924883,
        "emission": 1.5276548326388443e-08
    },
    "Linear SVM": {
        "AVG-PR": 0.056539235412474846,
        "ROC-AUC": 0.5352216748768474,
        "Accuracy": 0.9295774647887324,
        "emission": 1.0567178268013014e-08
    },
    "RBF SVM": {
        "AVG-PR": 0.046948356807511735,
        "ROC-AUC": 0.5,
        "Accuracy": 0.9530516431924883,
        "emission": 3.544684376003614e-08
    },
    "Gaussian Process": {
        "AVG-PR": 0.046948356807511735,
        "ROC-AUC": 0.5,
        "Accuracy": 0.9530516431924883,
        "emission": 3.904494469856076e-06
    },
    "Decision Tree": {
        "AVG-PR": 0.06725352112676056,
        "ROC-AUC": 0.5426108374384236,
        "Accuracy": 0.9436619718309859,
        "emission": 9.505164389528374e-09
    },
    "Random Forest": {
        "AVG-PR": 0.046948356807511735,
        "ROC-AUC": 0.5,
        "Accuracy": 0.9530516431924883,
        "emission": 4.999810156491297e-07
    },
    "AdaBoost": {
        "AVG-PR": 0.05475352112676056,
        "ROC-AUC": 0.5327586206896552,
        "Accuracy": 0.9248826291079812,
        "emission": 7.438064325145428e-08
    },
    "Naive Bayes": {
        "AVG-PR": 0.046948356807511735,
        "ROC-AUC": 0.4876847290640394,
        "Accuracy": 0.9295774647887324,
        "emission": 5.682088325625522e-09
    },
    "QDA": {
        "AVG-PR": 0.04847861946453496,
        "ROC-AUC": 0.5165024630541872,
        "Accuracy": 0.16901408450704225,
        "emission": 8.245352310591407e-08
    },
    "PLS-DA": {
        "AVG-PR": 0.12348355242526513,
        "ROC-AUC": 0.5748768472906404,
        "Accuracy": 0.9389671361502347,
        "emission": 5.966730073454095e-07
    },
    "DNN": {
        "AVG-PR": 0.12436473125958751,
        "ROC-AUC": 0.6103448275862069,
        "Accuracy": 0.9530516431924883,
        "emission": 2.0509776903968102e-05
    }
}