{
    "Nearest Neighbors": {
        "AVG-PR": 0.29042056074766354,
        "ROC-AUC": 0.6448453608247423,
        "Accuracy": 0.9252336448598131,
        "emission": 1.5668166834350136e-08
    },
    "Linear SVM": {
        "AVG-PR": 0.21607476635514022,
        "ROC-AUC": 0.6690721649484536,
        "Accuracy": 0.8878504672897196,
        "emission": 1.1993602748356168e-08
    },
    "RBF SVM": {
        "AVG-PR": 0.18411214953271027,
        "ROC-AUC": 0.55,
        "Accuracy": 0.9158878504672897,
        "emission": 3.499063404005357e-08
    },
    "Gaussian Process": {
        "AVG-PR": 0.22943925233644857,
        "ROC-AUC": 0.575,
        "Accuracy": 0.9205607476635514,
        "emission": 7.702055684839525e-06
    },
    "Decision Tree": {
        "AVG-PR": 0.17741433021806852,
        "ROC-AUC": 0.6389175257731959,
        "Accuracy": 0.8738317757009346,
        "emission": 9.63789092277534e-09
    },
    "Random Forest": {
        "AVG-PR": 0.09345794392523364,
        "ROC-AUC": 0.5,
        "Accuracy": 0.9065420560747663,
        "emission": 5.040982151477201e-07
    },
    "AdaBoost": {
        "AVG-PR": 0.2539018691588785,
        "ROC-AUC": 0.6966494845360824,
        "Accuracy": 0.897196261682243,
        "emission": 7.571616963051082e-08
    },
    "Naive Bayes": {
        "AVG-PR": 0.3781671858774663,
        "ROC-AUC": 0.7569587628865979,
        "Accuracy": 0.9252336448598131,
        "emission": 6.60689991220854e-09
    },
    "QDA": {
        "AVG-PR": 0.10330677697768245,
        "ROC-AUC": 0.5523195876288659,
        "Accuracy": 0.22897196261682243,
        "emission": 8.836609644331996e-08
    },
    "PLS-DA": {
        "AVG-PR": 0.5866511034625383,
        "ROC-AUC": 0.9088917525773197,
        "Accuracy": 0.9158878504672897,
        "emission": 5.98488157003237e-07
    },
    "DNN": {
        "AVG-PR": 0.713899674177195,
        "ROC-AUC": 0.9449742268041238,
        "Accuracy": 0.9205607476635514,
        "emission": 2.1160811227072565e-05
    }
}