{
    "Nearest Neighbors": {
        "AVG-PR": 0.09311424100156493,
        "ROC-AUC": 0.5531045751633987,
        "Accuracy": 0.9577464788732394,
        "emission": 1.6252468531953174e-08
    },
    "Linear SVM": {
        "AVG-PR": 0.22816901408450702,
        "ROC-AUC": 0.6617647058823529,
        "Accuracy": 0.9624413145539906,
        "emission": 9.41769611912406e-09
    },
    "RBF SVM": {
        "AVG-PR": 0.04225352112676056,
        "ROC-AUC": 0.5,
        "Accuracy": 0.9577464788732394,
        "emission": 3.7803098793591107e-08
    },
    "Gaussian Process": {
        "AVG-PR": 0.27816901408450706,
        "ROC-AUC": 0.6642156862745098,
        "Accuracy": 0.9671361502347418,
        "emission": 2.9356233492589187e-06
    },
    "Decision Tree": {
        "AVG-PR": 0.27816901408450706,
        "ROC-AUC": 0.6642156862745098,
        "Accuracy": 0.9671361502347418,
        "emission": 9.989656224779332e-09
    },
    "Random Forest": {
        "AVG-PR": 0.04225352112676056,
        "ROC-AUC": 0.5,
        "Accuracy": 0.9577464788732394,
        "emission": 4.980594041238417e-07
    },
    "AdaBoost": {
        "AVG-PR": 0.31977047470005215,
        "ROC-AUC": 0.7173202614379085,
        "Accuracy": 0.9671361502347418,
        "emission": 7.211779085400225e-08
    },
    "Naive Bayes": {
        "AVG-PR": 0.27744243237200983,
        "ROC-AUC": 0.7148692810457516,
        "Accuracy": 0.9624413145539906,
        "emission": 5.742832128166305e-09
    },
    "QDA": {
        "AVG-PR": 0.047276339340099144,
        "ROC-AUC": 0.5547385620915033,
        "Accuracy": 0.24882629107981222,
        "emission": 8.865565299300213e-08
    },
    "PLS-DA": {
        "AVG-PR": 0.5748890044818544,
        "ROC-AUC": 0.9289215686274511,
        "Accuracy": 0.971830985915493,
        "emission": 5.906275448687994e-07
    },
    "DNN": {
        "AVG-PR": 0.43471569266494514,
        "ROC-AUC": 0.8679193899782136,
        "Accuracy": 0.9577464788732394,
        "emission": 2.0338739575668564e-05
    }
}