{
    "Nearest Neighbors": {
        "AVG-PR": 0.24177691467411094,
        "ROC-AUC": 0.6084280303030304,
        "Accuracy": 0.9112149532710281,
        "emission": 1.4485627490976489e-08
    },
    "Linear SVM": {
        "AVG-PR": 0.2953092161159057,
        "ROC-AUC": 0.7038352272727273,
        "Accuracy": 0.9018691588785047,
        "emission": 1.1885746386810589e-08
    },
    "RBF SVM": {
        "AVG-PR": 0.102803738317757,
        "ROC-AUC": 0.5,
        "Accuracy": 0.897196261682243,
        "emission": 3.8989776861198516e-08
    },
    "Gaussian Process": {
        "AVG-PR": 0.102803738317757,
        "ROC-AUC": 0.5,
        "Accuracy": 0.897196261682243,
        "emission": 2.9381176118338225e-06
    },
    "Decision Tree": {
        "AVG-PR": 0.3675658453695837,
        "ROC-AUC": 0.6967329545454546,
        "Accuracy": 0.9252336448598131,
        "emission": 6.736318915511761e-09
    },
    "Random Forest": {
        "AVG-PR": 0.102803738317757,
        "ROC-AUC": 0.5,
        "Accuracy": 0.897196261682243,
        "emission": 5.135262107890424e-07
    },
    "AdaBoost": {
        "AVG-PR": 0.32345444549952523,
        "ROC-AUC": 0.7090435606060607,
        "Accuracy": 0.9112149532710281,
        "emission": 7.248414291367459e-08
    },
    "Naive Bayes": {
        "AVG-PR": 0.1916494720233038,
        "ROC-AUC": 0.6155303030303031,
        "Accuracy": 0.8878504672897196,
        "emission": 5.412089722165163e-09
    },
    "QDA": {
        "AVG-PR": 0.12154696132596685,
        "ROC-AUC": 0.5859375,
        "Accuracy": 0.2570093457943925,
        "emission": 7.273881315914135e-08
    },
    "PLS-DA": {
        "AVG-PR": 0.6486320570806736,
        "ROC-AUC": 0.9330018939393939,
        "Accuracy": 0.9112149532710281,
        "emission": 6.181699712601433e-07
    },
    "DNN": {
        "AVG-PR": 0.5984840512849611,
        "ROC-AUC": 0.9050662878787878,
        "Accuracy": 0.9158878504672897,
        "emission": 2.1408986327576856e-05
    }
}