{
    "Nearest Neighbors": {
        "AVG-PR": 0.40695689287238584,
        "ROC-AUC": 0.7247974797479748,
        "Accuracy": 0.9671361502347418,
        "emission": 1.638460699793898e-08
    },
    "Linear SVM": {
        "AVG-PR": 0.38711054204011947,
        "ROC-AUC": 0.7653015301530153,
        "Accuracy": 0.9624413145539906,
        "emission": 1.092046401746825e-08
    },
    "RBF SVM": {
        "AVG-PR": 0.051643192488262914,
        "ROC-AUC": 0.5,
        "Accuracy": 0.9483568075117371,
        "emission": 3.516128217441732e-08
    },
    "Gaussian Process": {
        "AVG-PR": 0.22407170294494239,
        "ROC-AUC": 0.5909090909090909,
        "Accuracy": 0.9577464788732394,
        "emission": 6.67872198012337e-06
    },
    "Decision Tree": {
        "AVG-PR": 0.35284433875983173,
        "ROC-AUC": 0.7223222322232223,
        "Accuracy": 0.9624413145539906,
        "emission": 1.1698858823275397e-08
    },
    "Random Forest": {
        "AVG-PR": 0.051643192488262914,
        "ROC-AUC": 0.5,
        "Accuracy": 0.9483568075117371,
        "emission": 5.336749396011201e-07
    },
    "AdaBoost": {
        "AVG-PR": 0.5959026888604354,
        "ROC-AUC": 0.8586858685868587,
        "Accuracy": 0.9765258215962441,
        "emission": 7.656456163243786e-08
    },
    "Naive Bayes": {
        "AVG-PR": 0.32377294067434914,
        "ROC-AUC": 0.6793429342934294,
        "Accuracy": 0.9624413145539906,
        "emission": 6.063785216582532e-09
    },
    "QDA": {
        "AVG-PR": 0.06111111111111111,
        "ROC-AUC": 0.5816831683168318,
        "Accuracy": 0.20657276995305165,
        "emission": 8.315892967489415e-08
    },
    "PLS-DA": {
        "AVG-PR": 0.7776684100213511,
        "ROC-AUC": 0.9855985598559855,
        "Accuracy": 0.9624413145539906,
        "emission": 6.038226535658413e-07
    },
    "DNN": {
        "AVG-PR": 0.6865363174719311,
        "ROC-AUC": 0.9185418541854186,
        "Accuracy": 0.9483568075117371,
        "emission": 2.1236730517910796e-05
    }
}