{
    "Nearest Neighbors": {
        "AVG-PR": 0.07531857813547956,
        "ROC-AUC": 0.5256640344580044,
        "Accuracy": 0.92018779342723,
        "emission": 1.7375322709242182e-08
    },
    "Linear SVM": {
        "AVG-PR": 0.3589872568745808,
        "ROC-AUC": 0.7092605886575736,
        "Accuracy": 0.9530516431924883,
        "emission": 1.11766585463929e-08
    },
    "RBF SVM": {
        "AVG-PR": 0.1324614352783367,
        "ROC-AUC": 0.5357142857142857,
        "Accuracy": 0.9389671361502347,
        "emission": 4.004030288144994e-08
    },
    "Gaussian Process": {
        "AVG-PR": 0.1324614352783367,
        "ROC-AUC": 0.5357142857142857,
        "Accuracy": 0.9389671361502347,
        "emission": 4.844513036339513e-06
    },
    "Decision Tree": {
        "AVG-PR": 0.12776659959758552,
        "ROC-AUC": 0.5664034458004307,
        "Accuracy": 0.9342723004694836,
        "emission": 6.741834661553179e-09
    },
    "Random Forest": {
        "AVG-PR": 0.06572769953051644,
        "ROC-AUC": 0.5,
        "Accuracy": 0.9342723004694836,
        "emission": 5.226357536038777e-07
    },
    "AdaBoost": {
        "AVG-PR": 0.13153923541247486,
        "ROC-AUC": 0.6408829863603733,
        "Accuracy": 0.8873239436619719,
        "emission": 7.406907520762965e-08
    },
    "Naive Bayes": {
        "AVG-PR": 0.11348088531187123,
        "ROC-AUC": 0.5638908829863604,
        "Accuracy": 0.9295774647887324,
        "emission": 6.044364260798028e-09
    },
    "QDA": {
        "AVG-PR": 0.06756685949027498,
        "ROC-AUC": 0.5145369705671213,
        "Accuracy": 0.15492957746478872,
        "emission": 8.609900060069169e-08
    },
    "PLS-DA": {
        "AVG-PR": 0.5332578978992148,
        "ROC-AUC": 0.9242641780330223,
        "Accuracy": 0.9389671361502347,
        "emission": 6.126035525871259e-07
    },
    "DNN": {
        "AVG-PR": 0.3307043564552577,
        "ROC-AUC": 0.7494615936826992,
        "Accuracy": 0.9342723004694836,
        "emission": 2.1078970718219044e-05
    }
}