{
    "Nearest Neighbors": {
        "AVG-PR": 0.06074766355140187,
        "ROC-AUC": 0.5,
        "Accuracy": 0.9392523364485982,
        "emission": 1.5808263950104737e-08
    },
    "Linear SVM": {
        "AVG-PR": 0.195902228612509,
        "ROC-AUC": 0.6438959050899349,
        "Accuracy": 0.9392523364485982,
        "emission": 1.0918097792783336e-08
    },
    "RBF SVM": {
        "AVG-PR": 0.06074766355140187,
        "ROC-AUC": 0.5,
        "Accuracy": 0.9392523364485982,
        "emission": 3.545189557389981e-08
    },
    "Gaussian Process": {
        "AVG-PR": 0.11294033069734005,
        "ROC-AUC": 0.5694603903559127,
        "Accuracy": 0.9345794392523364,
        "emission": 6.98452333645654e-06
    },
    "Decision Tree": {
        "AVG-PR": 0.1851905104241553,
        "ROC-AUC": 0.610409491006506,
        "Accuracy": 0.9439252336448598,
        "emission": 8.742907545809584e-09
    },
    "Random Forest": {
        "AVG-PR": 0.06074766355140187,
        "ROC-AUC": 0.5,
        "Accuracy": 0.9392523364485982,
        "emission": 5.308394396927718e-07
    },
    "AdaBoost": {
        "AVG-PR": 0.09998340983243931,
        "ROC-AUC": 0.5905089934940682,
        "Accuracy": 0.9065420560747663,
        "emission": 7.683453216341658e-08
    },
    "Naive Bayes": {
        "AVG-PR": 0.13326743350107836,
        "ROC-AUC": 0.6029468044393418,
        "Accuracy": 0.9299065420560748,
        "emission": 6.106039136885322e-09
    },
    "QDA": {
        "AVG-PR": 0.06621135873472322,
        "ROC-AUC": 0.5436280137772675,
        "Accuracy": 0.2102803738317757,
        "emission": 8.958857446612529e-08
    },
    "PLS-DA": {
        "AVG-PR": 0.29526956306767316,
        "ROC-AUC": 0.7491389207807119,
        "Accuracy": 0.9345794392523364,
        "emission": 6.297252174902132e-07
    },
    "DNN": {
        "AVG-PR": 0.345354652739895,
        "ROC-AUC": 0.7732491389207806,
        "Accuracy": 0.9392523364485982,
        "emission": 2.0931150374949868e-05
    }
}