{
    "Nearest Neighbors": {
        "AVG-PR": 0.06542056074766354,
        "ROC-AUC": 0.4825,
        "Accuracy": 0.9018691588785047,
        "emission": 1.5022039305339184e-08
    },
    "Linear SVM": {
        "AVG-PR": 0.07288148904421582,
        "ROC-AUC": 0.5339285714285714,
        "Accuracy": 0.8738317757009346,
        "emission": 1.1972169622776113e-08
    },
    "RBF SVM": {
        "AVG-PR": 0.06542056074766354,
        "ROC-AUC": 0.5,
        "Accuracy": 0.9345794392523364,
        "emission": 3.625871214455738e-08
    },
    "Gaussian Process": {
        "AVG-PR": 0.06542056074766354,
        "ROC-AUC": 0.5,
        "Accuracy": 0.9345794392523364,
        "emission": 3.0052994976101657e-06
    },
    "Decision Tree": {
        "AVG-PR": 0.08711615487316421,
        "ROC-AUC": 0.5696428571428571,
        "Accuracy": 0.8785046728971962,
        "emission": 9.716504982839127e-09
    },
    "Random Forest": {
        "AVG-PR": 0.06542056074766354,
        "ROC-AUC": 0.5,
        "Accuracy": 0.9345794392523364,
        "emission": 5.252357008119028e-07
    },
    "AdaBoost": {
        "AVG-PR": 0.06542056074766354,
        "ROC-AUC": 0.4775,
        "Accuracy": 0.8925233644859814,
        "emission": 7.412988225327877e-08
    },
    "Naive Bayes": {
        "AVG-PR": 0.07512238540275923,
        "ROC-AUC": 0.5389285714285714,
        "Accuracy": 0.883177570093458,
        "emission": 5.995739469199932e-09
    },
    "QDA": {
        "AVG-PR": 0.061769283538272025,
        "ROC-AUC": 0.46785714285714286,
        "Accuracy": 0.19158878504672897,
        "emission": 8.992032736066145e-08
    },
    "PLS-DA": {
        "AVG-PR": 0.19761448836617101,
        "ROC-AUC": 0.7382142857142856,
        "Accuracy": 0.9252336448598131,
        "emission": 6.21123401782536e-07
    },
    "DNN": {
        "AVG-PR": 0.1496469817821983,
        "ROC-AUC": 0.6771428571428572,
        "Accuracy": 0.9345794392523364,
        "emission": 2.0636455306521408e-05
    }
}