{
    "Nearest Neighbors": {
        "AVG-PR": 0.3857476635514019,
        "ROC-AUC": 0.7313829787234042,
        "Accuracy": 0.9065420560747663,
        "emission": 1.5392916571901962e-08
    },
    "Linear SVM": {
        "AVG-PR": 0.3576132278936017,
        "ROC-AUC": 0.739975450081833,
        "Accuracy": 0.8925233644859814,
        "emission": 1.2579209141267804e-08
    },
    "RBF SVM": {
        "AVG-PR": 0.1552839683680805,
        "ROC-AUC": 0.5192307692307693,
        "Accuracy": 0.883177570093458,
        "emission": 3.6196338006903044e-08
    },
    "Gaussian Process": {
        "AVG-PR": 0.35442127965492454,
        "ROC-AUC": 0.7651391162029461,
        "Accuracy": 0.8785046728971962,
        "emission": 1.3043783750719173e-06
    },
    "Decision Tree": {
        "AVG-PR": 0.4268062544931704,
        "ROC-AUC": 0.8089198036006546,
        "Accuracy": 0.897196261682243,
        "emission": 6.874303828149613e-09
    },
    "Random Forest": {
        "AVG-PR": 0.12149532710280374,
        "ROC-AUC": 0.5,
        "Accuracy": 0.8785046728971962,
        "emission": 5.09046891936966e-07
    },
    "AdaBoost": {
        "AVG-PR": 0.4806010992323926,
        "ROC-AUC": 0.8334697217675942,
        "Accuracy": 0.9112149532710281,
        "emission": 7.658612222018603e-08
    },
    "Naive Bayes": {
        "AVG-PR": 0.24245813030859759,
        "ROC-AUC": 0.6689852700490998,
        "Accuracy": 0.8551401869158879,
        "emission": 6.941741902968969e-09
    },
    "QDA": {
        "AVG-PR": 0.14054054054054055,
        "ROC-AUC": 0.5771276595744681,
        "Accuracy": 0.2570093457943925,
        "emission": 1.1826579199552185e-07
    },
    "PLS-DA": {
        "AVG-PR": 0.6463624969825766,
        "ROC-AUC": 0.9108019639934535,
        "Accuracy": 0.9065420560747663,
        "emission": 6.075059061075544e-07
    },
    "DNN": {
        "AVG-PR": 0.7514243707075455,
        "ROC-AUC": 0.861088379705401,
        "Accuracy": 0.9018691588785047,
        "emission": 2.0310576039378903e-05
    }
}