{
    "Nearest Neighbors": {
        "AVG-PR": 0.12776659959758552,
        "ROC-AUC": 0.5664034458004307,
        "Accuracy": 0.9342723004694836,
        "emission": 2.2808345242977567e-08
    },
    "Linear SVM": {
        "AVG-PR": 0.2353608832482072,
        "ROC-AUC": 0.6966977745872218,
        "Accuracy": 0.9295774647887324,
        "emission": 1.2595806535515936e-08
    },
    "RBF SVM": {
        "AVG-PR": 0.06572769953051644,
        "ROC-AUC": 0.5,
        "Accuracy": 0.9342723004694836,
        "emission": 3.551128166569597e-08
    },
    "Gaussian Process": {
        "AVG-PR": 0.2045911834644229,
        "ROC-AUC": 0.6634960516870064,
        "Accuracy": 0.9295774647887324,
        "emission": 1.2108918939600698e-06
    },
    "Decision Tree": {
        "AVG-PR": 0.17393248379163873,
        "ROC-AUC": 0.630294328786791,
        "Accuracy": 0.9295774647887324,
        "emission": 8.961921880952927e-09
    },
    "Random Forest": {
        "AVG-PR": 0.06572769953051644,
        "ROC-AUC": 0.5,
        "Accuracy": 0.9342723004694836,
        "emission": 5.054502515400066e-07
    },
    "AdaBoost": {
        "AVG-PR": 0.22082494969818914,
        "ROC-AUC": 0.6660086145010768,
        "Accuracy": 0.9342723004694836,
        "emission": 7.660126241649741e-08
    },
    "Naive Bayes": {
        "AVG-PR": 0.40490562422151954,
        "ROC-AUC": 0.7117731514716439,
        "Accuracy": 0.9577464788732394,
        "emission": 5.769894138275404e-09
    },
    "QDA": {
        "AVG-PR": 0.07650273224043716,
        "ROC-AUC": 0.5753768844221105,
        "Accuracy": 0.20657276995305165,
        "emission": 8.264033638032037e-08
    },
    "PLS-DA": {
        "AVG-PR": 0.5084097829108334,
        "ROC-AUC": 0.8930366116295765,
        "Accuracy": 0.9342723004694836,
        "emission": 6.146744537329572e-07
    },
    "DNN": {
        "AVG-PR": 0.511621761879556,
        "ROC-AUC": 0.869705671213209,
        "Accuracy": 0.9389671361502347,
        "emission": 2.096128958719683e-05
    }
}