{
    "Nearest Neighbors": {
        "AVG-PR": 0.2780373831775701,
        "ROC-AUC": 0.625,
        "Accuracy": 0.9719626168224299,
        "emission": 1.6203243150808414e-08
    },
    "Linear SVM": {
        "AVG-PR": 0.1280373831775701,
        "ROC-AUC": 0.6177184466019418,
        "Accuracy": 0.9579439252336449,
        "emission": 9.47146902945695e-09
    },
    "RBF SVM": {
        "AVG-PR": 0.037383177570093455,
        "ROC-AUC": 0.5,
        "Accuracy": 0.9626168224299065,
        "emission": 3.320737381193419e-08
    },
    "Gaussian Process": {
        "AVG-PR": 0.037383177570093455,
        "ROC-AUC": 0.5,
        "Accuracy": 0.9626168224299065,
        "emission": 5.0557235826152355e-06
    },
    "Decision Tree": {
        "AVG-PR": 0.07437694704049844,
        "ROC-AUC": 0.5576456310679612,
        "Accuracy": 0.9579439252336449,
        "emission": 8.364390729363967e-09
    },
    "Random Forest": {
        "AVG-PR": 0.037383177570093455,
        "ROC-AUC": 0.5,
        "Accuracy": 0.9626168224299065,
        "emission": 5.137034902735111e-07
    },
    "AdaBoost": {
        "AVG-PR": 0.05056742323097463,
        "ROC-AUC": 0.5479368932038835,
        "Accuracy": 0.9392523364485982,
        "emission": 7.62632735234017e-08
    },
    "Naive Bayes": {
        "AVG-PR": 0.037383177570093455,
        "ROC-AUC": 0.49514563106796117,
        "Accuracy": 0.9532710280373832,
        "emission": 7.402278067459845e-09
    },
    "QDA": {
        "AVG-PR": 0.04395604395604396,
        "ROC-AUC": 0.5776699029126213,
        "Accuracy": 0.18691588785046728,
        "emission": 8.135193351339797e-08
    },
    "PLS-DA": {
        "AVG-PR": 0.26135213166463167,
        "ROC-AUC": 0.7903519417475728,
        "Accuracy": 0.9672897196261683,
        "emission": 5.971742430877214e-07
    },
    "DNN": {
        "AVG-PR": 0.15169922158184718,
        "ROC-AUC": 0.8322208737864077,
        "Accuracy": 0.9626168224299065,
        "emission": 2.081512526370213e-05
    }
}