{
    "Nearest Neighbors": {
        "AVG-PR": 0.09479956663055256,
        "ROC-AUC": 0.5359615384615385,
        "Accuracy": 0.9389671361502347,
        "emission": 1.5996251299142408e-08
    },
    "Linear SVM": {
        "AVG-PR": 0.10292524377031419,
        "ROC-AUC": 0.5669230769230769,
        "Accuracy": 0.9295774647887324,
        "emission": 1.1396138044040511e-08
    },
    "RBF SVM": {
        "AVG-PR": 0.06103286384976526,
        "ROC-AUC": 0.5,
        "Accuracy": 0.9389671361502347,
        "emission": 3.969361228554649e-08
    },
    "Gaussian Process": {
        "AVG-PR": 0.13326110509209102,
        "ROC-AUC": 0.5384615384615384,
        "Accuracy": 0.9436619718309859,
        "emission": 3.3926534530268045e-06
    },
    "Decision Tree": {
        "AVG-PR": 0.11318165402672445,
        "ROC-AUC": 0.5694230769230769,
        "Accuracy": 0.9342723004694836,
        "emission": 8.63993384889324e-09
    },
    "Random Forest": {
        "AVG-PR": 0.06103286384976526,
        "ROC-AUC": 0.5,
        "Accuracy": 0.9389671361502347,
        "emission": 5.152118564339326e-07
    },
    "AdaBoost": {
        "AVG-PR": 0.15420729505236547,
        "ROC-AUC": 0.5744230769230769,
        "Accuracy": 0.9436619718309859,
        "emission": 7.299119130396462e-08
    },
    "Naive Bayes": {
        "AVG-PR": 0.09010473094980137,
        "ROC-AUC": 0.5619230769230769,
        "Accuracy": 0.92018779342723,
        "emission": 7.141814980662459e-09
    },
    "QDA": {
        "AVG-PR": 0.06872329277279207,
        "ROC-AUC": 0.5590384615384616,
        "Accuracy": 0.23943661971830985,
        "emission": 7.571187369307342e-08
    },
    "PLS-DA": {
        "AVG-PR": 0.289461409813694,
        "ROC-AUC": 0.686923076923077,
        "Accuracy": 0.9389671361502347,
        "emission": 5.945171711378428e-07
    },
    "DNN": {
        "AVG-PR": 0.17982728353719382,
        "ROC-AUC": 0.5784615384615384,
        "Accuracy": 0.9389671361502347,
        "emission": 2.0917457001626e-05
    }
}