{
    "Nearest Neighbors": {
        "AVG-PR": 0.29205607476635514,
        "ROC-AUC": 0.625,
        "Accuracy": 0.9579439252336449,
        "emission": 1.6152182948847492e-08
    },
    "Linear SVM": {
        "AVG-PR": 0.20404984423676012,
        "ROC-AUC": 0.6567656765676567,
        "Accuracy": 0.9439252336448598,
        "emission": 1.2112319450286154e-08
    },
    "RBF SVM": {
        "AVG-PR": 0.056074766355140186,
        "ROC-AUC": 0.5,
        "Accuracy": 0.9439252336448598,
        "emission": 3.6136575534665786e-08
    },
    "Gaussian Process": {
        "AVG-PR": 0.21339563862928349,
        "ROC-AUC": 0.5833333333333334,
        "Accuracy": 0.9532710280373832,
        "emission": 2.307552907849852e-06
    },
    "Decision Tree": {
        "AVG-PR": 0.25960539979231567,
        "ROC-AUC": 0.6617161716171617,
        "Accuracy": 0.9532710280373832,
        "emission": 7.41265979370948e-09
    },
    "Random Forest": {
        "AVG-PR": 0.056074766355140186,
        "ROC-AUC": 0.5,
        "Accuracy": 0.9439252336448598,
        "emission": 5.194571148871956e-07
    },
    "AdaBoost": {
        "AVG-PR": 0.4030373831775701,
        "ROC-AUC": 0.745049504950495,
        "Accuracy": 0.9626168224299065,
        "emission": 7.350066980914115e-08
    },
    "Naive Bayes": {
        "AVG-PR": 0.20404984423676012,
        "ROC-AUC": 0.6567656765676567,
        "Accuracy": 0.9439252336448598,
        "emission": 7.2697436098583775e-09
    },
    "QDA": {
        "AVG-PR": 0.06451612903225806,
        "ROC-AUC": 0.5693069306930694,
        "Accuracy": 0.18691588785046728,
        "emission": 8.160747972421459e-08
    },
    "PLS-DA": {
        "AVG-PR": 0.418474279609321,
        "ROC-AUC": 0.7665016501650165,
        "Accuracy": 0.9485981308411215,
        "emission": 6.015559041065343e-07
    },
    "DNN": {
        "AVG-PR": 0.5279423316488354,
        "ROC-AUC": 0.7739273927392739,
        "Accuracy": 0.9439252336448598,
        "emission": 2.1198736384046516e-05
    }
}