{
    "Nearest Neighbors": {
        "AVG-PR": 0.20607476635514022,
        "ROC-AUC": 0.5974874371859297,
        "Accuracy": 0.9392523364485982,
        "emission": 1.728232099837823e-08
    },
    "Linear SVM": {
        "AVG-PR": 0.3087227414330218,
        "ROC-AUC": 0.6924623115577889,
        "Accuracy": 0.9439252336448598,
        "emission": 1.2811262732408282e-08
    },
    "RBF SVM": {
        "AVG-PR": 0.07009345794392523,
        "ROC-AUC": 0.5,
        "Accuracy": 0.9299065420560748,
        "emission": 4.0402926863319344e-08
    },
    "Gaussian Process": {
        "AVG-PR": 0.07009345794392523,
        "ROC-AUC": 0.5,
        "Accuracy": 0.9299065420560748,
        "emission": 2.066467494041528e-06
    },
    "Decision Tree": {
        "AVG-PR": 0.09884290164663996,
        "ROC-AUC": 0.5541038525963149,
        "Accuracy": 0.9158878504672897,
        "emission": 1.1792770359087898e-08
    },
    "Random Forest": {
        "AVG-PR": 0.07009345794392523,
        "ROC-AUC": 0.5,
        "Accuracy": 0.9299065420560748,
        "emission": 4.943182266296097e-07
    },
    "AdaBoost": {
        "AVG-PR": 0.1310747663551402,
        "ROC-AUC": 0.5874371859296482,
        "Accuracy": 0.9205607476635514,
        "emission": 7.354633773655262e-08
    },
    "Naive Bayes": {
        "AVG-PR": 0.1560747663551402,
        "ROC-AUC": 0.592462311557789,
        "Accuracy": 0.9299065420560748,
        "emission": 5.662720450183681e-09
    },
    "QDA": {
        "AVG-PR": 0.07891532143868593,
        "ROC-AUC": 0.5596314907872697,
        "Accuracy": 0.2383177570093458,
        "emission": 1.426307149525531e-07
    },
    "PLS-DA": {
        "AVG-PR": 0.47144425745287827,
        "ROC-AUC": 0.8117252931323283,
        "Accuracy": 0.9392523364485982,
        "emission": 6.151642185399111e-07
    },
    "DNN": {
        "AVG-PR": 0.49923471468661895,
        "ROC-AUC": 0.7681742043551089,
        "Accuracy": 0.9345794392523364,
        "emission": 2.1126894964910104e-05
    }
}