{
    "Nearest Neighbors": {
        "AVG-PR": 0.037383177570093455,
        "ROC-AUC": 0.4975728155339806,
        "Accuracy": 0.9579439252336449,
        "emission": 2.0255231499935153e-08
    },
    "Linear SVM": {
        "AVG-PR": 0.12563721325403568,
        "ROC-AUC": 0.6680825242718447,
        "Accuracy": 0.9392523364485982,
        "emission": 9.250973377980582e-09
    },
    "RBF SVM": {
        "AVG-PR": 0.15771028037383178,
        "ROC-AUC": 0.5625,
        "Accuracy": 0.9672897196261683,
        "emission": 3.811631867571538e-08
    },
    "Gaussian Process": {
        "AVG-PR": 0.037383177570093455,
        "ROC-AUC": 0.5,
        "Accuracy": 0.9626168224299065,
        "emission": 4.328290716311985e-06
    },
    "Decision Tree": {
        "AVG-PR": 0.037383177570093455,
        "ROC-AUC": 0.4975728155339806,
        "Accuracy": 0.9579439252336449,
        "emission": 9.746504793699733e-09
    },
    "Random Forest": {
        "AVG-PR": 0.037383177570093455,
        "ROC-AUC": 0.5,
        "Accuracy": 0.9626168224299065,
        "emission": 5.140170127650722e-07
    },
    "AdaBoost": {
        "AVG-PR": 0.12563721325403568,
        "ROC-AUC": 0.6680825242718447,
        "Accuracy": 0.9392523364485982,
        "emission": 7.477875780465006e-08
    },
    "Naive Bayes": {
        "AVG-PR": 0.05354361370716511,
        "ROC-AUC": 0.5503640776699029,
        "Accuracy": 0.9439252336448598,
        "emission": 6.281413365043346e-09
    },
    "QDA": {
        "AVG-PR": 0.04395604395604396,
        "ROC-AUC": 0.5776699029126213,
        "Accuracy": 0.18691588785046728,
        "emission": 8.832877655741193e-08
    },
    "PLS-DA": {
        "AVG-PR": 0.261130721881229,
        "ROC-AUC": 0.908373786407767,
        "Accuracy": 0.9626168224299065,
        "emission": 6.171966044571908e-07
    },
    "DNN": {
        "AVG-PR": 0.23953708323918554,
        "ROC-AUC": 0.7396844660194174,
        "Accuracy": 0.9626168224299065,
        "emission": 2.0885690731857593e-05
    }
}