{
    "Nearest Neighbors": {
        "AVG-PR": 0.23973352632262615,
        "ROC-AUC": 0.6154040404040404,
        "Accuracy": 0.8309859154929577,
        "emission": 1.7439614005865417e-08
    },
    "Linear SVM": {
        "AVG-PR": 0.29757522407170295,
        "ROC-AUC": 0.680050505050505,
        "Accuracy": 0.8356807511737089,
        "emission": 1.300894509748668e-08
    },
    "RBF SVM": {
        "AVG-PR": 0.15492957746478872,
        "ROC-AUC": 0.5,
        "Accuracy": 0.8450704225352113,
        "emission": 3.94072297013799e-08
    },
    "Gaussian Process": {
        "AVG-PR": 0.301487245149217,
        "ROC-AUC": 0.6252525252525253,
        "Accuracy": 0.8685446009389671,
        "emission": 4.819152819987084e-06
    },
    "Decision Tree": {
        "AVG-PR": 0.2674708538311207,
        "ROC-AUC": 0.6265151515151515,
        "Accuracy": 0.8497652582159625,
        "emission": 8.275919578058133e-09
    },
    "Random Forest": {
        "AVG-PR": 0.15492957746478872,
        "ROC-AUC": 0.5,
        "Accuracy": 0.8450704225352113,
        "emission": 5.653095657047367e-07
    },
    "AdaBoost": {
        "AVG-PR": 0.29400856549958054,
        "ROC-AUC": 0.6704545454545454,
        "Accuracy": 0.8403755868544601,
        "emission": 7.50072318248429e-08
    },
    "Naive Bayes": {
        "AVG-PR": 0.1814596670934699,
        "ROC-AUC": 0.5560606060606061,
        "Accuracy": 0.7934272300469484,
        "emission": 7.354152431984418e-09
    },
    "QDA": {
        "AVG-PR": 0.1638245948105103,
        "ROC-AUC": 0.5320707070707071,
        "Accuracy": 0.2300469483568075,
        "emission": 6.982706334595249e-08
    },
    "PLS-DA": {
        "AVG-PR": 0.37591278663106353,
        "ROC-AUC": 0.7582491582491584,
        "Accuracy": 0.8356807511737089,
        "emission": 5.986383314915211e-07
    },
    "DNN": {
        "AVG-PR": 0.3821455716426042,
        "ROC-AUC": 0.7771043771043772,
        "Accuracy": 0.8309859154929577,
        "emission": 2.0468880817888836e-05
    }
}