{
    "Nearest Neighbors": {
        "AVG-PR": 0.09959758551307847,
        "ROC-AUC": 0.569001386962552,
        "Accuracy": 0.9671361502347418,
        "emission": 1.694743363059076e-08
    },
    "Linear SVM": {
        "AVG-PR": 0.1794936284372904,
        "ROC-AUC": 0.7021497919556172,
        "Accuracy": 0.9577464788732394,
        "emission": 9.637778827387206e-09
    },
    "RBF SVM": {
        "AVG-PR": 0.03286384976525822,
        "ROC-AUC": 0.5,
        "Accuracy": 0.9671361502347418,
        "emission": 3.8946786303578e-08
    },
    "Gaussian Process": {
        "AVG-PR": 0.03286384976525822,
        "ROC-AUC": 0.5,
        "Accuracy": 0.9671361502347418,
        "emission": 4.234420623262316e-06
    },
    "Decision Tree": {
        "AVG-PR": 0.21395036887994634,
        "ROC-AUC": 0.6404299583911234,
        "Accuracy": 0.971830985915493,
        "emission": 8.855642807334722e-09
    },
    "Random Forest": {
        "AVG-PR": 0.03286384976525822,
        "ROC-AUC": 0.5,
        "Accuracy": 0.9671361502347418,
        "emission": 5.195996213785543e-07
    },
    "AdaBoost": {
        "AVG-PR": 0.03286384976525822,
        "ROC-AUC": 0.4830097087378641,
        "Accuracy": 0.9342723004694836,
        "emission": 7.516078208727848e-08
    },
    "Naive Bayes": {
        "AVG-PR": 0.05674044265593561,
        "ROC-AUC": 0.5617198335644937,
        "Accuracy": 0.9530516431924883,
        "emission": 6.290854722083656e-09
    },
    "QDA": {
        "AVG-PR": 0.03804347826086957,
        "ROC-AUC": 0.5703883495145632,
        "Accuracy": 0.16901408450704225,
        "emission": 8.807957162880057e-08
    },
    "PLS-DA": {
        "AVG-PR": 0.1915960659755852,
        "ROC-AUC": 0.8613037447988904,
        "Accuracy": 0.9577464788732394,
        "emission": 6.254658953947031e-07
    },
    "DNN": {
        "AVG-PR": 0.18508369130645158,
        "ROC-AUC": 0.8606102635228848,
        "Accuracy": 0.9671361502347418,
        "emission": 2.194022319370427e-05
    }
}