{
    "Nearest Neighbors": {
        "AVG-PR": 0.04205607476635514,
        "ROC-AUC": 0.5,
        "Accuracy": 0.9579439252336449,
        "emission": 1.6252170585392745e-08
    },
    "Linear SVM": {
        "AVG-PR": 0.09620234386589527,
        "ROC-AUC": 0.5989159891598916,
        "Accuracy": 0.9439252336448598,
        "emission": 1.032559827328661e-08
    },
    "RBF SVM": {
        "AVG-PR": 0.14849428868120457,
        "ROC-AUC": 0.5555555555555556,
        "Accuracy": 0.9626168224299065,
        "emission": 3.766314750120785e-08
    },
    "Gaussian Process": {
        "AVG-PR": 0.09620234386589527,
        "ROC-AUC": 0.5989159891598916,
        "Accuracy": 0.9439252336448598,
        "emission": 1.3294155703026424e-06
    },
    "Decision Tree": {
        "AVG-PR": 0.04205607476635514,
        "ROC-AUC": 0.4975609756097561,
        "Accuracy": 0.9532710280373832,
        "emission": 7.50201642638747e-09
    },
    "Random Forest": {
        "AVG-PR": 0.04205607476635514,
        "ROC-AUC": 0.5,
        "Accuracy": 0.9579439252336449,
        "emission": 5.188282107707055e-07
    },
    "AdaBoost": {
        "AVG-PR": 0.14382139148494288,
        "ROC-AUC": 0.6062330623306234,
        "Accuracy": 0.9579439252336449,
        "emission": 7.670423606227907e-08
    },
    "Naive Bayes": {
        "AVG-PR": 0.05127206645898234,
        "ROC-AUC": 0.5384823848238482,
        "Accuracy": 0.9299065420560748,
        "emission": 7.80552029410575e-09
    },
    "QDA": {
        "AVG-PR": 0.05084745762711865,
        "ROC-AUC": 0.5902439024390245,
        "Accuracy": 0.21495327102803738,
        "emission": 8.426629199408892e-08
    },
    "PLS-DA": {
        "AVG-PR": 0.39686346572583076,
        "ROC-AUC": 0.7089430894308942,
        "Accuracy": 0.9626168224299065,
        "emission": 6.284674207160863e-07
    },
    "DNN": {
        "AVG-PR": 0.19541374466216246,
        "ROC-AUC": 0.6910569105691057,
        "Accuracy": 0.9579439252336449,
        "emission": 2.119929765025807e-05
    }
}