{
    "Nearest Neighbors": {
        "AVG-PR": 0.40695689287238584,
        "ROC-AUC": 0.7247974797479748,
        "Accuracy": 0.9671361502347418,
        "emission": 1.4302368118053476e-08
    },
    "Linear SVM": {
        "AVG-PR": 0.32377294067434914,
        "ROC-AUC": 0.6793429342934294,
        "Accuracy": 0.9624413145539906,
        "emission": 8.918349946097235e-09
    },
    "RBF SVM": {
        "AVG-PR": 0.13785744771660266,
        "ROC-AUC": 0.5454545454545454,
        "Accuracy": 0.9530516431924883,
        "emission": 3.256796855693186e-08
    },
    "Gaussian Process": {
        "AVG-PR": 0.22407170294494239,
        "ROC-AUC": 0.5909090909090909,
        "Accuracy": 0.9577464788732394,
        "emission": 7.51123405314025e-06
    },
    "Decision Tree": {
        "AVG-PR": 0.1149807938540333,
        "ROC-AUC": 0.5834833483348335,
        "Accuracy": 0.9436619718309859,
        "emission": 9.521200756154725e-09
    },
    "Random Forest": {
        "AVG-PR": 0.051643192488262914,
        "ROC-AUC": 0.5,
        "Accuracy": 0.9483568075117371,
        "emission": 4.983524348497658e-07
    },
    "AdaBoost": {
        "AVG-PR": 0.32377294067434914,
        "ROC-AUC": 0.6793429342934294,
        "Accuracy": 0.9624413145539906,
        "emission": 7.158661475300524e-08
    },
    "Naive Bayes": {
        "AVG-PR": 0.06967562953478447,
        "ROC-AUC": 0.538028802880288,
        "Accuracy": 0.9389671361502347,
        "emission": 6.670071924071742e-09
    },
    "QDA": {
        "AVG-PR": 0.06321839080459771,
        "ROC-AUC": 0.5965346534653465,
        "Accuracy": 0.2347417840375587,
        "emission": 8.364787728135449e-08
    },
    "PLS-DA": {
        "AVG-PR": 0.749469648402928,
        "ROC-AUC": 0.9702970297029704,
        "Accuracy": 0.971830985915493,
        "emission": 6.010553579890855e-07
    },
    "DNN": {
        "AVG-PR": 0.7042317208983876,
        "ROC-AUC": 0.9428442844284428,
        "Accuracy": 0.9483568075117371,
        "emission": 2.0243333485254937e-05
    }
}