{
    "Nearest Neighbors": {
        "AVG-PR": 0.3621880153930731,
        "ROC-AUC": 0.8199462526127204,
        "Accuracy": 0.9158878504672897,
        "emission": 1.6406758230494028e-08
    },
    "Linear SVM": {
        "AVG-PR": 0.28692505039398936,
        "ROC-AUC": 0.6931919976112272,
        "Accuracy": 0.9299065420560748,
        "emission": 1.1357627551497746e-08
    },
    "RBF SVM": {
        "AVG-PR": 0.13358988455195162,
        "ROC-AUC": 0.5294117647058824,
        "Accuracy": 0.9252336448598131,
        "emission": 3.551798344444531e-08
    },
    "Gaussian Process": {
        "AVG-PR": 0.24019848962703624,
        "ROC-AUC": 0.7073753359211705,
        "Accuracy": 0.9065420560747663,
        "emission": 9.755297960272902e-07
    },
    "Decision Tree": {
        "AVG-PR": 0.24391523814283572,
        "ROC-AUC": 0.6637802329053449,
        "Accuracy": 0.9252336448598131,
        "emission": 9.535367930531473e-09
    },
    "Random Forest": {
        "AVG-PR": 0.0794392523364486,
        "ROC-AUC": 0.5,
        "Accuracy": 0.9205607476635514,
        "emission": 5.06408232721496e-07
    },
    "AdaBoost": {
        "AVG-PR": 0.35578156496243357,
        "ROC-AUC": 0.7251418333830995,
        "Accuracy": 0.9392523364485982,
        "emission": 7.39379416829548e-08
    },
    "Naive Bayes": {
        "AVG-PR": 0.24391523814283572,
        "ROC-AUC": 0.6637802329053449,
        "Accuracy": 0.9252336448598131,
        "emission": 8.930420598513483e-09
    },
    "QDA": {
        "AVG-PR": 0.09042553191489362,
        "ROC-AUC": 0.565989847715736,
        "Accuracy": 0.20093457943925233,
        "emission": 8.648558648140276e-08
    },
    "PLS-DA": {
        "AVG-PR": 0.566186072151191,
        "ROC-AUC": 0.8363690653926544,
        "Accuracy": 0.9345794392523364,
        "emission": 6.154443613211117e-07
    },
    "DNN": {
        "AVG-PR": 0.47031415828492285,
        "ROC-AUC": 0.7557479844729771,
        "Accuracy": 0.9392523364485982,
        "emission": 2.0446345545266405e-05
    }
}