{
    "Nearest Neighbors": {
        "AVG-PR": 0.3872796579013564,
        "ROC-AUC": 0.7836170737725142,
        "Accuracy": 0.9158878504672897,
        "emission": 1.6829327386443208e-08
    },
    "Linear SVM": {
        "AVG-PR": 0.40684801958166444,
        "ROC-AUC": 0.7489513940291143,
        "Accuracy": 0.9299065420560748,
        "emission": 1.1806062257851811e-08
    },
    "RBF SVM": {
        "AVG-PR": 0.09813084112149532,
        "ROC-AUC": 0.5,
        "Accuracy": 0.9018691588785047,
        "emission": 3.854989382541852e-08
    },
    "Gaussian Process": {
        "AVG-PR": 0.5275923453493546,
        "ROC-AUC": 0.7380952380952381,
        "Accuracy": 0.9485981308411215,
        "emission": 2.890692209033228e-06
    },
    "Decision Tree": {
        "AVG-PR": 0.3915379235806472,
        "ROC-AUC": 0.72773254379472,
        "Accuracy": 0.9299065420560748,
        "emission": 8.959132845709218e-09
    },
    "Random Forest": {
        "AVG-PR": 0.09813084112149532,
        "ROC-AUC": 0.5,
        "Accuracy": 0.9018691588785047,
        "emission": 5.138368591833753e-07
    },
    "AdaBoost": {
        "AVG-PR": 0.5382414648102232,
        "ROC-AUC": 0.8415988156920801,
        "Accuracy": 0.9439252336448598,
        "emission": 7.364937950217194e-08
    },
    "Naive Bayes": {
        "AVG-PR": 0.23208722741433022,
        "ROC-AUC": 0.6485319516407598,
        "Accuracy": 0.9018691588785047,
        "emission": 6.400366093182218e-09
    },
    "QDA": {
        "AVG-PR": 0.12280701754385964,
        "ROC-AUC": 0.6113989637305699,
        "Accuracy": 0.29906542056074764,
        "emission": 8.316550438669287e-08
    },
    "PLS-DA": {
        "AVG-PR": 0.7965677558765383,
        "ROC-AUC": 0.9479397976807302,
        "Accuracy": 0.9485981308411215,
        "emission": 5.915820166304184e-07
    },
    "DNN": {
        "AVG-PR": 0.7227083523841907,
        "ROC-AUC": 0.930175178879842,
        "Accuracy": 0.9018691588785047,
        "emission": 2.0925808171284137e-05
    }
}