{
    "Nearest Neighbors": {
        "AVG-PR": 0.22274143302180682,
        "ROC-AUC": 0.619949494949495,
        "Accuracy": 0.9345794392523364,
        "emission": 1.672739541873384e-08
    },
    "Linear SVM": {
        "AVG-PR": 0.25960539979231567,
        "ROC-AUC": 0.7247474747474748,
        "Accuracy": 0.9158878504672897,
        "emission": 1.1608563289603673e-08
    },
    "RBF SVM": {
        "AVG-PR": 0.19042056074766356,
        "ROC-AUC": 0.5625,
        "Accuracy": 0.9345794392523364,
        "emission": 3.7580713363387274e-08
    },
    "Gaussian Process": {
        "AVG-PR": 0.07476635514018691,
        "ROC-AUC": 0.5,
        "Accuracy": 0.9252336448598131,
        "emission": 3.654622314626474e-06
    },
    "Decision Tree": {
        "AVG-PR": 0.13106016355140188,
        "ROC-AUC": 0.5811237373737373,
        "Accuracy": 0.9158878504672897,
        "emission": 8.697765368655044e-09
    },
    "Random Forest": {
        "AVG-PR": 0.07476635514018691,
        "ROC-AUC": 0.5,
        "Accuracy": 0.9252336448598131,
        "emission": 5.147307397882383e-07
    },
    "AdaBoost": {
        "AVG-PR": 0.20744325767690253,
        "ROC-AUC": 0.6672979797979798,
        "Accuracy": 0.9158878504672897,
        "emission": 7.65533669221347e-08
    },
    "Naive Bayes": {
        "AVG-PR": 0.20744325767690253,
        "ROC-AUC": 0.6672979797979798,
        "Accuracy": 0.9158878504672897,
        "emission": 6.911580511978374e-09
    },
    "QDA": {
        "AVG-PR": 0.08457346537807986,
        "ROC-AUC": 0.5621843434343434,
        "Accuracy": 0.24299065420560748,
        "emission": 8.857289187818278e-08
    },
    "PLS-DA": {
        "AVG-PR": 0.3473206770364465,
        "ROC-AUC": 0.8311237373737373,
        "Accuracy": 0.9205607476635514,
        "emission": 6.034739057889256e-07
    },
    "DNN": {
        "AVG-PR": 0.5757218721125059,
        "ROC-AUC": 0.8396464646464646,
        "Accuracy": 0.9392523364485982,
        "emission": 2.0973384640236244e-05
    }
}