{
    "Nearest Neighbors": {
        "AVG-PR": 0.03286384976525822,
        "ROC-AUC": 0.5,
        "Accuracy": 0.9671361502347418,
        "emission": 2.3558873152976783e-08
    },
    "Linear SVM": {
        "AVG-PR": 0.03286384976525822,
        "ROC-AUC": 0.49029126213592233,
        "Accuracy": 0.9483568075117371,
        "emission": 8.813415391220485e-09
    },
    "RBF SVM": {
        "AVG-PR": 0.03286384976525822,
        "ROC-AUC": 0.5,
        "Accuracy": 0.9671361502347418,
        "emission": 3.4642826672022684e-08
    },
    "Gaussian Process": {
        "AVG-PR": 0.13775989268947014,
        "ROC-AUC": 0.6355755894590845,
        "Accuracy": 0.9624413145539906,
        "emission": 1.0868634852277686e-06
    },
    "Decision Tree": {
        "AVG-PR": 0.09959758551307847,
        "ROC-AUC": 0.569001386962552,
        "Accuracy": 0.9671361502347418,
        "emission": 6.737392140662008e-09
    },
    "Random Forest": {
        "AVG-PR": 0.03286384976525822,
        "ROC-AUC": 0.5,
        "Accuracy": 0.9671361502347418,
        "emission": 5.068236191771221e-07
    },
    "AdaBoost": {
        "AVG-PR": 0.0460261569416499,
        "ROC-AUC": 0.5544382801664355,
        "Accuracy": 0.9389671361502347,
        "emission": 7.571080818243609e-08
    },
    "Naive Bayes": {
        "AVG-PR": 0.03286384976525822,
        "ROC-AUC": 0.5,
        "Accuracy": 0.9671361502347418,
        "emission": 5.972925573944185e-09
    },
    "QDA": {
        "AVG-PR": 0.03663804774818684,
        "ROC-AUC": 0.5523578363384188,
        "Accuracy": 0.2676056338028169,
        "emission": 9.186366998833014e-08
    },
    "PLS-DA": {
        "AVG-PR": 0.3197832010605233,
        "ROC-AUC": 0.645631067961165,
        "Accuracy": 0.9671361502347418,
        "emission": 6.123586323547678e-07
    },
    "DNN": {
        "AVG-PR": 0.1997900477992016,
        "ROC-AUC": 0.44036061026352286,
        "Accuracy": 0.9671361502347418,
        "emission": 2.16180422053549e-05
    }
}