{
    "Nearest Neighbors": {
        "AVG-PR": 0.14205607476635515,
        "ROC-AUC": 0.55,
        "Accuracy": 0.9579439252336449,
        "emission": 2.7712368650398165e-08
    },
    "Linear SVM": {
        "AVG-PR": 0.08738317757009345,
        "ROC-AUC": 0.5852941176470587,
        "Accuracy": 0.9345794392523364,
        "emission": 1.1609856919108951e-08
    },
    "RBF SVM": {
        "AVG-PR": 0.04672897196261682,
        "ROC-AUC": 0.5,
        "Accuracy": 0.9532710280373832,
        "emission": 3.6866984018852965e-08
    },
    "Gaussian Process": {
        "AVG-PR": 0.04672897196261682,
        "ROC-AUC": 0.5,
        "Accuracy": 0.9532710280373832,
        "emission": 3.6671190902598346e-06
    },
    "Decision Tree": {
        "AVG-PR": 0.05872274143302181,
        "ROC-AUC": 0.5377450980392157,
        "Accuracy": 0.9345794392523364,
        "emission": 8.97946219271437e-09
    },
    "Random Forest": {
        "AVG-PR": 0.04672897196261682,
        "ROC-AUC": 0.5,
        "Accuracy": 0.9532710280373832,
        "emission": 5.178638794387641e-07
    },
    "AdaBoost": {
        "AVG-PR": 0.10404984423676011,
        "ROC-AUC": 0.5901960784313725,
        "Accuracy": 0.9439252336448598,
        "emission": 7.40573235380496e-08
    },
    "Naive Bayes": {
        "AVG-PR": 0.1707165109034268,
        "ROC-AUC": 0.5975490196078431,
        "Accuracy": 0.9579439252336449,
        "emission": 6.710298272143355e-09
    },
    "QDA": {
        "AVG-PR": 0.052083333333333336,
        "ROC-AUC": 0.553921568627451,
        "Accuracy": 0.14953271028037382,
        "emission": 1.5773145411603124e-07
    },
    "PLS-DA": {
        "AVG-PR": 0.24286158538586555,
        "ROC-AUC": 0.4539215686274509,
        "Accuracy": 0.9392523364485982,
        "emission": 7.175079154964641e-07
    },
    "DNN": {
        "AVG-PR": 0.18088186948567717,
        "ROC-AUC": 0.6235294117647059,
        "Accuracy": 0.9532710280373832,
        "emission": 2.103716367380212e-05
    }
}