{
    "Nearest Neighbors": {
        "AVG-PR": 0.056338028169014086,
        "ROC-AUC": 0.5,
        "Accuracy": 0.9436619718309859,
        "emission": 1.7012447716247137e-08
    },
    "Linear SVM": {
        "AVG-PR": 0.13600352112676056,
        "ROC-AUC": 0.6125621890547264,
        "Accuracy": 0.9342723004694836,
        "emission": 1.0813176912125928e-08
    },
    "RBF SVM": {
        "AVG-PR": 0.056338028169014086,
        "ROC-AUC": 0.5,
        "Accuracy": 0.9436619718309859,
        "emission": 3.916289310513107e-08
    },
    "Gaussian Process": {
        "AVG-PR": 0.056338028169014086,
        "ROC-AUC": 0.5,
        "Accuracy": 0.9436619718309859,
        "emission": 2.8553207656708885e-06
    },
    "Decision Tree": {
        "AVG-PR": 0.09330985915492956,
        "ROC-AUC": 0.539179104477612,
        "Accuracy": 0.9436619718309859,
        "emission": 8.997285716713331e-09
    },
    "Random Forest": {
        "AVG-PR": 0.056338028169014086,
        "ROC-AUC": 0.5,
        "Accuracy": 0.9436619718309859,
        "emission": 5.268485175914205e-07
    },
    "AdaBoost": {
        "AVG-PR": 0.06830985915492957,
        "ROC-AUC": 0.5317164179104478,
        "Accuracy": 0.9295774647887324,
        "emission": 7.760119941073084e-08
    },
    "Naive Bayes": {
        "AVG-PR": 0.1025039123630673,
        "ROC-AUC": 0.5733830845771144,
        "Accuracy": 0.9342723004694836,
        "emission": 5.821163635299249e-09
    },
    "QDA": {
        "AVG-PR": 0.06666666666666667,
        "ROC-AUC": 0.582089552238806,
        "Accuracy": 0.2112676056338028,
        "emission": 8.676009514141593e-08
    },
    "PLS-DA": {
        "AVG-PR": 0.2678820117052628,
        "ROC-AUC": 0.7193200663349917,
        "Accuracy": 0.9483568075117371,
        "emission": 6.117882649801878e-07
    },
    "DNN": {
        "AVG-PR": 0.08656975070368293,
        "ROC-AUC": 0.5617744610281924,
        "Accuracy": 0.9436619718309859,
        "emission": 2.0878220336209614e-05
    }
}