{
    "Nearest Neighbors": {
        "AVG-PR": 0.15980036874562908,
        "ROC-AUC": 0.5957315568714533,
        "Accuracy": 0.883177570093458,
        "emission": 1.7517747420696334e-08
    },
    "Linear SVM": {
        "AVG-PR": 0.24893190921228303,
        "ROC-AUC": 0.6857883049592894,
        "Accuracy": 0.8925233644859814,
        "emission": 1.2710246736336637e-08
    },
    "RBF SVM": {
        "AVG-PR": 0.14107699154428127,
        "ROC-AUC": 0.5238095238095238,
        "Accuracy": 0.9065420560747663,
        "emission": 3.8141152094438085e-08
    },
    "Gaussian Process": {
        "AVG-PR": 0.20587238010468983,
        "ROC-AUC": 0.6567974339995065,
        "Accuracy": 0.8785046728971962,
        "emission": 1.7071628649038525e-06
    },
    "Decision Tree": {
        "AVG-PR": 0.18299146336529512,
        "ROC-AUC": 0.6035035775968418,
        "Accuracy": 0.897196261682243,
        "emission": 6.806781810406209e-09
    },
    "Random Forest": {
        "AVG-PR": 0.09813084112149532,
        "ROC-AUC": 0.5,
        "Accuracy": 0.9018691588785047,
        "emission": 5.092138010826279e-07
    },
    "AdaBoost": {
        "AVG-PR": 0.25122385402759234,
        "ROC-AUC": 0.6697508018751541,
        "Accuracy": 0.9018691588785047,
        "emission": 7.98641113092636e-08
    },
    "Naive Bayes": {
        "AVG-PR": 0.17653167185877466,
        "ROC-AUC": 0.6303972366148531,
        "Accuracy": 0.8691588785046729,
        "emission": 5.173613629208051e-09
    },
    "QDA": {
        "AVG-PR": 0.11538461538461539,
        "ROC-AUC": 0.5829015544041452,
        "Accuracy": 0.24766355140186916,
        "emission": 8.1738325930508e-08
    },
    "PLS-DA": {
        "AVG-PR": 0.48591086690107665,
        "ROC-AUC": 0.9025413274117937,
        "Accuracy": 0.8878504672897196,
        "emission": 6.371357125117945e-07
    },
    "DNN": {
        "AVG-PR": 0.5347799684241404,
        "ROC-AUC": 0.8892178633111275,
        "Accuracy": 0.9065420560747663,
        "emission": 2.11874818103681e-05
    }
}