{
    "Nearest Neighbors": {
        "AVG-PR": 0.4131571862620668,
        "ROC-AUC": 0.7273717567835214,
        "Accuracy": 0.9112149532710281,
        "emission": 1.8174797529753586e-08
    },
    "Linear SVM": {
        "AVG-PR": 0.4290041042377491,
        "ROC-AUC": 0.7854030501089325,
        "Accuracy": 0.9018691588785047,
        "emission": 1.081088795141436e-08
    },
    "RBF SVM": {
        "AVG-PR": 0.1585323641398408,
        "ROC-AUC": 0.5185185185185185,
        "Accuracy": 0.8785046728971962,
        "emission": 3.566780136504287e-08
    },
    "Gaussian Process": {
        "AVG-PR": 0.3783835237106265,
        "ROC-AUC": 0.7220241632006337,
        "Accuracy": 0.9018691588785047,
        "emission": 4.707960821522961e-06
    },
    "Decision Tree": {
        "AVG-PR": 0.35111803392177227,
        "ROC-AUC": 0.7298474945533769,
        "Accuracy": 0.8878504672897196,
        "emission": 7.313048509674302e-09
    },
    "Random Forest": {
        "AVG-PR": 0.1261682242990654,
        "ROC-AUC": 0.5,
        "Accuracy": 0.8738317757009346,
        "emission": 5.20553468233743e-07
    },
    "AdaBoost": {
        "AVG-PR": 0.35111803392177227,
        "ROC-AUC": 0.7298474945533769,
        "Accuracy": 0.8878504672897196,
        "emission": 7.522234141652513e-08
    },
    "Naive Bayes": {
        "AVG-PR": 0.2071531731538177,
        "ROC-AUC": 0.634383046147752,
        "Accuracy": 0.8317757009345794,
        "emission": 7.037162958322547e-09
    },
    "QDA": {
        "AVG-PR": 0.14285714285714285,
        "ROC-AUC": 0.5668449197860963,
        "Accuracy": 0.24299065420560748,
        "emission": 8.500969057548392e-08
    },
    "PLS-DA": {
        "AVG-PR": 0.6258546721015549,
        "ROC-AUC": 0.8558130322836205,
        "Accuracy": 0.9018691588785047,
        "emission": 6.209602163616586e-07
    },
    "DNN": {
        "AVG-PR": 0.6612469025511357,
        "ROC-AUC": 0.8500693206575559,
        "Accuracy": 0.9205607476635514,
        "emission": 2.0452893394095068e-05
    }
}