{
    "Nearest Neighbors": {
        "AVG-PR": 0.18085842852197992,
        "ROC-AUC": 0.6086720867208673,
        "Accuracy": 0.9626168224299065,
        "emission": 3.8187469898613095e-08
    },
    "Linear SVM": {
        "AVG-PR": 0.19470404984423675,
        "ROC-AUC": 0.6593495934959349,
        "Accuracy": 0.9579439252336449,
        "emission": 9.859067111299352e-09
    },
    "RBF SVM": {
        "AVG-PR": 0.04205607476635514,
        "ROC-AUC": 0.5,
        "Accuracy": 0.9579439252336449,
        "emission": 5.638810056294639e-08
    },
    "Gaussian Process": {
        "AVG-PR": 0.14382139148494288,
        "ROC-AUC": 0.6062330623306234,
        "Accuracy": 0.9579439252336449,
        "emission": 1.8028791898838259e-06
    },
    "Decision Tree": {
        "AVG-PR": 0.19470404984423675,
        "ROC-AUC": 0.6593495934959349,
        "Accuracy": 0.9579439252336449,
        "emission": 8.901215933659358e-09
    },
    "Random Forest": {
        "AVG-PR": 0.04205607476635514,
        "ROC-AUC": 0.5,
        "Accuracy": 0.9579439252336449,
        "emission": 5.04384861454315e-07
    },
    "AdaBoost": {
        "AVG-PR": 0.2780373831775701,
        "ROC-AUC": 0.6642276422764227,
        "Accuracy": 0.9672897196261683,
        "emission": 7.492509574331285e-08
    },
    "Naive Bayes": {
        "AVG-PR": 0.17089452603471295,
        "ROC-AUC": 0.656910569105691,
        "Accuracy": 0.9532710280373832,
        "emission": 6.451312987220824e-09
    },
    "QDA": {
        "AVG-PR": 0.052941176470588235,
        "ROC-AUC": 0.6073170731707317,
        "Accuracy": 0.24766355140186916,
        "emission": 8.21630364687008e-08
    },
    "PLS-DA": {
        "AVG-PR": 0.4360652018546755,
        "ROC-AUC": 0.8092140921409214,
        "Accuracy": 0.9626168224299065,
        "emission": 6.064036390055501e-07
    },
    "DNN": {
        "AVG-PR": 0.3500406020994256,
        "ROC-AUC": 0.851490514905149,
        "Accuracy": 0.9579439252336449,
        "emission": 2.0210879342216255e-05
    }
}