{
    "Nearest Neighbors": {
        "AVG-PR": 0.2685701517477218,
        "ROC-AUC": 0.5939838143227973,
        "Accuracy": 0.8411214953271028,
        "emission": 1.501381569364312e-08
    },
    "Linear SVM": {
        "AVG-PR": 0.32876147175212594,
        "ROC-AUC": 0.6766681936173461,
        "Accuracy": 0.8364485981308412,
        "emission": 1.2396562740880544e-08
    },
    "RBF SVM": {
        "AVG-PR": 0.1995874379051949,
        "ROC-AUC": 0.5242021682699649,
        "Accuracy": 0.8317757009345794,
        "emission": 3.3632313703107e-08
    },
    "Gaussian Process": {
        "AVG-PR": 0.2726193483202829,
        "ROC-AUC": 0.5861200183234082,
        "Accuracy": 0.8457943925233645,
        "emission": 4.493367875509227e-06
    },
    "Decision Tree": {
        "AVG-PR": 0.36590328646403414,
        "ROC-AUC": 0.6615513818903649,
        "Accuracy": 0.8644859813084113,
        "emission": 6.678332582051582e-09
    },
    "Random Forest": {
        "AVG-PR": 0.17289719626168223,
        "ROC-AUC": 0.5,
        "Accuracy": 0.8271028037383178,
        "emission": 5.143032374476768e-07
    },
    "AdaBoost": {
        "AVG-PR": 0.3460469815610002,
        "ROC-AUC": 0.6744541151320813,
        "Accuracy": 0.8504672897196262,
        "emission": 7.139178864753016e-08
    },
    "Naive Bayes": {
        "AVG-PR": 0.26048615960655547,
        "ROC-AUC": 0.6500229042601924,
        "Accuracy": 0.7570093457943925,
        "emission": 5.794378517863611e-09
    },
    "QDA": {
        "AVG-PR": 0.18663329514261512,
        "ROC-AUC": 0.5442052221713239,
        "Accuracy": 0.29906542056074764,
        "emission": 8.60642242198085e-08
    },
    "PLS-DA": {
        "AVG-PR": 0.6249460127152673,
        "ROC-AUC": 0.8870056497175142,
        "Accuracy": 0.8644859813084113,
        "emission": 6.052938789208725e-07
    },
    "DNN": {
        "AVG-PR": 0.5554677006783758,
        "ROC-AUC": 0.8392120934493816,
        "Accuracy": 0.8411214953271028,
        "emission": 2.0319605140648636e-05
    }
}