{
    "Nearest Neighbors": {
        "AVG-PR": 0.3019667248639211,
        "ROC-AUC": 0.6597790507364977,
        "Accuracy": 0.897196261682243,
        "emission": 2.2632027956433455e-08
    },
    "Linear SVM": {
        "AVG-PR": 0.35620220900594735,
        "ROC-AUC": 0.7260638297872342,
        "Accuracy": 0.897196261682243,
        "emission": 1.2522426960603062e-08
    },
    "RBF SVM": {
        "AVG-PR": 0.1890726096333573,
        "ROC-AUC": 0.5384615384615384,
        "Accuracy": 0.8878504672897196,
        "emission": 3.6916231988084065e-08
    },
    "Gaussian Process": {
        "AVG-PR": 0.12149532710280374,
        "ROC-AUC": 0.5,
        "Accuracy": 0.8785046728971962,
        "emission": 2.930343234388095e-06
    },
    "Decision Tree": {
        "AVG-PR": 0.39873210901248285,
        "ROC-AUC": 0.7479541734860884,
        "Accuracy": 0.9065420560747663,
        "emission": 8.42969153798776e-09
    },
    "Random Forest": {
        "AVG-PR": 0.12149532710280374,
        "ROC-AUC": 0.5,
        "Accuracy": 0.8785046728971962,
        "emission": 5.009936764297959e-07
    },
    "AdaBoost": {
        "AVG-PR": 0.29618979151689434,
        "ROC-AUC": 0.6988543371522096,
        "Accuracy": 0.8785046728971962,
        "emission": 7.294909387009369e-08
    },
    "Naive Bayes": {
        "AVG-PR": 0.24199043540774545,
        "ROC-AUC": 0.657733224222586,
        "Accuracy": 0.8644859813084113,
        "emission": 6.062419938674493e-09
    },
    "QDA": {
        "AVG-PR": 0.1368421052631579,
        "ROC-AUC": 0.5638297872340425,
        "Accuracy": 0.2336448598130841,
        "emission": 7.98248744421402e-08
    },
    "PLS-DA": {
        "AVG-PR": 0.6237670990068181,
        "ROC-AUC": 0.8547463175122749,
        "Accuracy": 0.9205607476635514,
        "emission": 6.060829554041177e-07
    },
    "DNN": {
        "AVG-PR": 0.5688762059837545,
        "ROC-AUC": 0.8473813420621932,
        "Accuracy": 0.8925233644859814,
        "emission": 2.0396022728286263e-05
    }
}