{
    "Nearest Neighbors": {
        "AVG-PR": 0.16533155318202047,
        "ROC-AUC": 0.6117690599555884,
        "Accuracy": 0.8738317757009346,
        "emission": 1.4549278986180627e-08
    },
    "Linear SVM": {
        "AVG-PR": 0.3545493608336019,
        "ROC-AUC": 0.7944732297063902,
        "Accuracy": 0.897196261682243,
        "emission": 1.066457192892801e-08
    },
    "RBF SVM": {
        "AVG-PR": 0.14107699154428127,
        "ROC-AUC": 0.5238095238095238,
        "Accuracy": 0.9065420560747663,
        "emission": 3.786377481112907e-08
    },
    "Gaussian Process": {
        "AVG-PR": 0.3570872274143302,
        "ROC-AUC": 0.6640759930915371,
        "Accuracy": 0.9299065420560748,
        "emission": 5.558332586825922e-06
    },
    "Decision Tree": {
        "AVG-PR": 0.20196158981205709,
        "ROC-AUC": 0.6247224278312361,
        "Accuracy": 0.897196261682243,
        "emission": 1.0070176843785529e-08
    },
    "Random Forest": {
        "AVG-PR": 0.09813084112149532,
        "ROC-AUC": 0.5,
        "Accuracy": 0.9018691588785047,
        "emission": 5.203653001503321e-07
    },
    "AdaBoost": {
        "AVG-PR": 0.2584412066329986,
        "ROC-AUC": 0.7044164816185542,
        "Accuracy": 0.8878504672897196,
        "emission": 7.307731980306285e-08
    },
    "Naive Bayes": {
        "AVG-PR": 0.1820872274143302,
        "ROC-AUC": 0.6329879101899827,
        "Accuracy": 0.8738317757009346,
        "emission": 5.856369698429193e-09
    },
    "QDA": {
        "AVG-PR": 0.11351351351351352,
        "ROC-AUC": 0.5751295336787565,
        "Accuracy": 0.2336448598130841,
        "emission": 7.481409303413435e-08
    },
    "PLS-DA": {
        "AVG-PR": 0.6094376207887687,
        "ROC-AUC": 0.9116703676289168,
        "Accuracy": 0.9158878504672897,
        "emission": 6.120395347091632e-07
    },
    "DNN": {
        "AVG-PR": 0.5487736008915307,
        "ROC-AUC": 0.8564026646928201,
        "Accuracy": 0.9065420560747663,
        "emission": 2.1412115199219505e-05
    }
}