{
    "Nearest Neighbors": {
        "AVG-PR": 0.1118840271877655,
        "ROC-AUC": 0.5735479797979798,
        "Accuracy": 0.9018691588785047,
        "emission": 1.67447412437303e-08
    },
    "Linear SVM": {
        "AVG-PR": 0.2726772952171523,
        "ROC-AUC": 0.7272727272727273,
        "Accuracy": 0.9205607476635514,
        "emission": 1.115377891167732e-08
    },
    "RBF SVM": {
        "AVG-PR": 0.19042056074766356,
        "ROC-AUC": 0.5625,
        "Accuracy": 0.9345794392523364,
        "emission": 3.7834245630523685e-08
    },
    "Gaussian Process": {
        "AVG-PR": 0.2746161548731642,
        "ROC-AUC": 0.651199494949495,
        "Accuracy": 0.9392523364485982,
        "emission": 6.19491199458048e-06
    },
    "Decision Tree": {
        "AVG-PR": 0.1715941768511862,
        "ROC-AUC": 0.6360479797979798,
        "Accuracy": 0.9112149532710281,
        "emission": 7.920919379670175e-09
    },
    "Random Forest": {
        "AVG-PR": 0.07476635514018691,
        "ROC-AUC": 0.5,
        "Accuracy": 0.9252336448598131,
        "emission": 5.263761493026382e-07
    },
    "AdaBoost": {
        "AVG-PR": 0.2462227414330218,
        "ROC-AUC": 0.6985479797979798,
        "Accuracy": 0.9205607476635514,
        "emission": 7.3237972224596e-08
    },
    "Naive Bayes": {
        "AVG-PR": 0.23422897196261683,
        "ROC-AUC": 0.672348484848485,
        "Accuracy": 0.9252336448598131,
        "emission": 6.3314086979699525e-09
    },
    "QDA": {
        "AVG-PR": 0.08648648648648649,
        "ROC-AUC": 0.5732323232323233,
        "Accuracy": 0.2102803738317757,
        "emission": 8.197284787253505e-08
    },
    "PLS-DA": {
        "AVG-PR": 0.622429085717009,
        "ROC-AUC": 0.9286616161616162,
        "Accuracy": 0.9299065420560748,
        "emission": 6.143361749126689e-07
    },
    "DNN": {
        "AVG-PR": 0.5356816637151306,
        "ROC-AUC": 0.9258207070707071,
        "Accuracy": 0.9252336448598131,
        "emission": 2.126376951184518e-05
    }
}