{
    "Nearest Neighbors": {
        "AVG-PR": 0.3985211444122176,
        "ROC-AUC": 0.7106244175209693,
        "Accuracy": 0.9018691588785047,
        "emission": 1.6333587979324886e-08
    },
    "Linear SVM": {
        "AVG-PR": 0.2813003544956494,
        "ROC-AUC": 0.692730661696179,
        "Accuracy": 0.8457943925233645,
        "emission": 1.2636027906186668e-08
    },
    "RBF SVM": {
        "AVG-PR": 0.13551401869158877,
        "ROC-AUC": 0.5,
        "Accuracy": 0.8644859813084113,
        "emission": 3.64672284951349e-08
    },
    "Gaussian Process": {
        "AVG-PR": 0.26789211433104443,
        "ROC-AUC": 0.6244175209692452,
        "Accuracy": 0.8785046728971962,
        "emission": 3.3682619515643363e-06
    },
    "Decision Tree": {
        "AVG-PR": 0.3277151144054141,
        "ROC-AUC": 0.6852749301025163,
        "Accuracy": 0.883177570093458,
        "emission": 6.996179533554757e-09
    },
    "Random Forest": {
        "AVG-PR": 0.13551401869158877,
        "ROC-AUC": 0.5,
        "Accuracy": 0.8644859813084113,
        "emission": 5.263764394167463e-07
    },
    "AdaBoost": {
        "AVG-PR": 0.21870614285862794,
        "ROC-AUC": 0.6356011183597391,
        "Accuracy": 0.822429906542056,
        "emission": 7.400955071181174e-08
    },
    "Naive Bayes": {
        "AVG-PR": 0.2809378021269739,
        "ROC-AUC": 0.7018639328984156,
        "Accuracy": 0.8364485981308412,
        "emission": 5.603857566011665e-09
    },
    "QDA": {
        "AVG-PR": 0.15934065934065933,
        "ROC-AUC": 0.5864864864864865,
        "Accuracy": 0.2850467289719626,
        "emission": 7.331956105739615e-08
    },
    "PLS-DA": {
        "AVG-PR": 0.5455133306586606,
        "ROC-AUC": 0.8137931034482758,
        "Accuracy": 0.8598130841121495,
        "emission": 6.213012137090254e-07
    },
    "DNN": {
        "AVG-PR": 0.6148544188608425,
        "ROC-AUC": 0.8745573159366262,
        "Accuracy": 0.8738317757009346,
        "emission": 2.1236793810465963e-05
    }
}