{
    "Nearest Neighbors": {
        "AVG-PR": 0.06103286384976526,
        "ROC-AUC": 0.495,
        "Accuracy": 0.9295774647887324,
        "emission": 1.475682001213014e-08
    },
    "Linear SVM": {
        "AVG-PR": 0.07531183154151735,
        "ROC-AUC": 0.5494230769230769,
        "Accuracy": 0.8967136150234741,
        "emission": 1.1125961181166223e-08
    },
    "RBF SVM": {
        "AVG-PR": 0.06103286384976526,
        "ROC-AUC": 0.5,
        "Accuracy": 0.9389671361502347,
        "emission": 3.604185774317146e-08
    },
    "Gaussian Process": {
        "AVG-PR": 0.09479956663055256,
        "ROC-AUC": 0.5359615384615385,
        "Accuracy": 0.9389671361502347,
        "emission": 4.701191784211186e-06
    },
    "Decision Tree": {
        "AVG-PR": 0.10292524377031419,
        "ROC-AUC": 0.5669230769230769,
        "Accuracy": 0.9295774647887324,
        "emission": 6.9906257607444105e-09
    },
    "Random Forest": {
        "AVG-PR": 0.06103286384976526,
        "ROC-AUC": 0.5,
        "Accuracy": 0.9389671361502347,
        "emission": 5.203268934697582e-07
    },
    "AdaBoost": {
        "AVG-PR": 0.14584945570861063,
        "ROC-AUC": 0.6053846153846154,
        "Accuracy": 0.9342723004694836,
        "emission": 7.843267486474955e-08
    },
    "Naive Bayes": {
        "AVG-PR": 0.15414163301487246,
        "ROC-AUC": 0.6363461538461539,
        "Accuracy": 0.9248826291079812,
        "emission": 5.620706679307548e-09
    },
    "QDA": {
        "AVG-PR": 0.07262569832402235,
        "ROC-AUC": 0.585,
        "Accuracy": 0.22065727699530516,
        "emission": 8.492670597780257e-08
    },
    "PLS-DA": {
        "AVG-PR": 0.43912918813984664,
        "ROC-AUC": 0.7530769230769231,
        "Accuracy": 0.9483568075117371,
        "emission": 6.222820187434795e-07
    },
    "DNN": {
        "AVG-PR": 0.38740504617748817,
        "ROC-AUC": 0.765,
        "Accuracy": 0.9389671361502347,
        "emission": 2.114431649596595e-05
    }
}