{
    "Nearest Neighbors": {
        "AVG-PR": 0.04205607476635514,
        "ROC-AUC": 0.5,
        "Accuracy": 0.9579439252336449,
        "emission": 1.666106317352138e-08
    },
    "Linear SVM": {
        "AVG-PR": 0.1530373831775701,
        "ROC-AUC": 0.6544715447154471,
        "Accuracy": 0.9485981308411215,
        "emission": 1.0749342962184778e-08
    },
    "RBF SVM": {
        "AVG-PR": 0.04205607476635514,
        "ROC-AUC": 0.5,
        "Accuracy": 0.9579439252336449,
        "emission": 3.6924401993314405e-08
    },
    "Gaussian Process": {
        "AVG-PR": 0.04205607476635514,
        "ROC-AUC": 0.5,
        "Accuracy": 0.9579439252336449,
        "emission": 3.437577965187218e-06
    },
    "Decision Tree": {
        "AVG-PR": 0.22803738317757008,
        "ROC-AUC": 0.6617886178861788,
        "Accuracy": 0.9626168224299065,
        "emission": 7.206725679712742e-09
    },
    "Random Forest": {
        "AVG-PR": 0.04205607476635514,
        "ROC-AUC": 0.5,
        "Accuracy": 0.9579439252336449,
        "emission": 5.373722209885386e-07
    },
    "AdaBoost": {
        "AVG-PR": 0.22089535017883927,
        "ROC-AUC": 0.7100271002710027,
        "Accuracy": 0.9532710280373832,
        "emission": 7.586759763013525e-08
    },
    "Naive Bayes": {
        "AVG-PR": 0.17089452603471295,
        "ROC-AUC": 0.656910569105691,
        "Accuracy": 0.9532710280373832,
        "emission": 6.324821546778502e-09
    },
    "QDA": {
        "AVG-PR": 0.04945054945054945,
        "ROC-AUC": 0.578048780487805,
        "Accuracy": 0.19158878504672897,
        "emission": 9.112909257603512e-08
    },
    "PLS-DA": {
        "AVG-PR": 0.544733937486231,
        "ROC-AUC": 0.8653116531165312,
        "Accuracy": 0.9719626168224299,
        "emission": 6.324835419886809e-07
    },
    "DNN": {
        "AVG-PR": 0.43095994614815736,
        "ROC-AUC": 0.8046070460704607,
        "Accuracy": 0.9579439252336449,
        "emission": 2.0970773064605275e-05
    }
}