{
    "Nearest Neighbors": {
        "AVG-PR": 0.14849428868120457,
        "ROC-AUC": 0.5555555555555556,
        "Accuracy": 0.9626168224299065,
        "emission": 1.553156825262803e-08
    },
    "Linear SVM": {
        "AVG-PR": 0.04205607476635514,
        "ROC-AUC": 0.48048780487804876,
        "Accuracy": 0.9205607476635514,
        "emission": 8.725391270811815e-09
    },
    "RBF SVM": {
        "AVG-PR": 0.04205607476635514,
        "ROC-AUC": 0.5,
        "Accuracy": 0.9579439252336449,
        "emission": 3.730598958224122e-08
    },
    "Gaussian Process": {
        "AVG-PR": 0.04205607476635514,
        "ROC-AUC": 0.4951219512195122,
        "Accuracy": 0.9485981308411215,
        "emission": 5.353864633375472e-06
    },
    "Decision Tree": {
        "AVG-PR": 0.06974731741086881,
        "ROC-AUC": 0.5867208672086721,
        "Accuracy": 0.9205607476635514,
        "emission": 7.279294636646915e-09
    },
    "Random Forest": {
        "AVG-PR": 0.04205607476635514,
        "ROC-AUC": 0.5,
        "Accuracy": 0.9579439252336449,
        "emission": 5.151479436548102e-07
    },
    "AdaBoost": {
        "AVG-PR": 0.04849428868120457,
        "ROC-AUC": 0.5336043360433604,
        "Accuracy": 0.9205607476635514,
        "emission": 7.457336349823736e-08
    },
    "Naive Bayes": {
        "AVG-PR": 0.05127206645898234,
        "ROC-AUC": 0.5384823848238482,
        "Accuracy": 0.9299065420560748,
        "emission": 6.464923458879239e-09
    },
    "QDA": {
        "AVG-PR": 0.04353142785807103,
        "ROC-AUC": 0.5176151761517614,
        "Accuracy": 0.17757009345794392,
        "emission": 8.378786943923697e-08
    },
    "PLS-DA": {
        "AVG-PR": 0.21619630150931513,
        "ROC-AUC": 0.5669376693766937,
        "Accuracy": 0.9579439252336449,
        "emission": 5.991073662995785e-07
    },
    "DNN": {
        "AVG-PR": 0.2047534294798142,
        "ROC-AUC": 0.5994579945799458,
        "Accuracy": 0.9579439252336449,
        "emission": 2.056783765087158e-05
    }
}