{
    "Nearest Neighbors": {
        "AVG-PR": 0.20524802300503237,
        "ROC-AUC": 0.5769230769230769,
        "Accuracy": 0.9485981308411215,
        "emission": 1.7199224017898173e-08
    },
    "Linear SVM": {
        "AVG-PR": 0.12832494608195544,
        "ROC-AUC": 0.5719479525449674,
        "Accuracy": 0.9392523364485982,
        "emission": 1.0501938719530418e-08
    },
    "RBF SVM": {
        "AVG-PR": 0.06074766355140187,
        "ROC-AUC": 0.4975124378109453,
        "Accuracy": 0.9345794392523364,
        "emission": 3.337562874651701e-08
    },
    "Gaussian Process": {
        "AVG-PR": 0.13299784327821712,
        "ROC-AUC": 0.5384615384615384,
        "Accuracy": 0.9439252336448598,
        "emission": 6.663027022322899e-06
    },
    "Decision Tree": {
        "AVG-PR": 0.21788025059053098,
        "ROC-AUC": 0.6463834672789897,
        "Accuracy": 0.9439252336448598,
        "emission": 6.87812378636206e-09
    },
    "Random Forest": {
        "AVG-PR": 0.06074766355140187,
        "ROC-AUC": 0.5,
        "Accuracy": 0.9392523364485982,
        "emission": 5.156731047299241e-07
    },
    "AdaBoost": {
        "AVG-PR": 0.09535791311492246,
        "ROC-AUC": 0.5644852659778032,
        "Accuracy": 0.9252336448598131,
        "emission": 7.462575301685508e-08
    },
    "Naive Bayes": {
        "AVG-PR": 0.08986340762041697,
        "ROC-AUC": 0.5619977037887485,
        "Accuracy": 0.9205607476635514,
        "emission": 7.349590064058008e-09
    },
    "QDA": {
        "AVG-PR": 0.07027027027027027,
        "ROC-AUC": 0.572139303482587,
        "Accuracy": 0.19626168224299065,
        "emission": 7.919541938402261e-08
    },
    "PLS-DA": {
        "AVG-PR": 0.5347879659950019,
        "ROC-AUC": 0.8453884424033679,
        "Accuracy": 0.9532710280373832,
        "emission": 5.968805579419681e-07
    },
    "DNN": {
        "AVG-PR": 0.34800674893057637,
        "ROC-AUC": 0.6800612323000383,
        "Accuracy": 0.9392523364485982,
        "emission": 2.0084699584299046e-05
    }
}