{
    "Nearest Neighbors": {
        "AVG-PR": 0.1710261569416499,
        "ROC-AUC": 0.5714285714285714,
        "Accuracy": 0.971830985915493,
        "emission": 1.6595651159514756e-08
    },
    "Linear SVM": {
        "AVG-PR": 0.21395036887994634,
        "ROC-AUC": 0.6404299583911234,
        "Accuracy": 0.971830985915493,
        "emission": 9.902371291667066e-09
    },
    "RBF SVM": {
        "AVG-PR": 0.03286384976525822,
        "ROC-AUC": 0.5,
        "Accuracy": 0.9671361502347418,
        "emission": 3.562415119298805e-08
    },
    "Gaussian Process": {
        "AVG-PR": 0.1710261569416499,
        "ROC-AUC": 0.5714285714285714,
        "Accuracy": 0.971830985915493,
        "emission": 2.7115675985124274e-06
    },
    "Decision Tree": {
        "AVG-PR": 0.23306505700871896,
        "ROC-AUC": 0.707004160887656,
        "Accuracy": 0.9671361502347418,
        "emission": 7.135432307314247e-09
    },
    "Random Forest": {
        "AVG-PR": 0.03286384976525822,
        "ROC-AUC": 0.5,
        "Accuracy": 0.9671361502347418,
        "emission": 5.124764468745575e-07
    },
    "AdaBoost": {
        "AVG-PR": 0.1664654594232059,
        "ROC-AUC": 0.7590152565880721,
        "Accuracy": 0.9342723004694836,
        "emission": 7.475031974621949e-08
    },
    "Naive Bayes": {
        "AVG-PR": 0.09959758551307847,
        "ROC-AUC": 0.569001386962552,
        "Accuracy": 0.9671361502347418,
        "emission": 6.982065281604403e-09
    },
    "QDA": {
        "AVG-PR": 0.03783783783783784,
        "ROC-AUC": 0.5679611650485437,
        "Accuracy": 0.1643192488262911,
        "emission": 8.621078194807604e-08
    },
    "PLS-DA": {
        "AVG-PR": 0.6434710991314765,
        "ROC-AUC": 0.9403606102635228,
        "Accuracy": 0.9765258215962441,
        "emission": 5.875619811005443e-07
    },
    "DNN": {
        "AVG-PR": 0.6110031512605043,
        "ROC-AUC": 0.9264909847434118,
        "Accuracy": 0.971830985915493,
        "emission": 2.0837102443673767e-05
    }
}