{
    "Nearest Neighbors": {
        "AVG-PR": 0.3060747663551402,
        "ROC-AUC": 0.66156462585034,
        "Accuracy": 0.9345794392523364,
        "emission": 2.2197457219841995e-08
    },
    "Linear SVM": {
        "AVG-PR": 0.32330607476635514,
        "ROC-AUC": 0.7321428571428571,
        "Accuracy": 0.9252336448598131,
        "emission": 1.2591629913303773e-08
    },
    "RBF SVM": {
        "AVG-PR": 0.08411214953271028,
        "ROC-AUC": 0.5,
        "Accuracy": 0.9158878504672897,
        "emission": 3.729712110446338e-08
    },
    "Gaussian Process": {
        "AVG-PR": 0.2922291450328834,
        "ROC-AUC": 0.6363378684807256,
        "Accuracy": 0.9345794392523364,
        "emission": 5.570464142943863e-06
    },
    "Decision Tree": {
        "AVG-PR": 0.3430252682589131,
        "ROC-AUC": 0.7120181405895691,
        "Accuracy": 0.9345794392523364,
        "emission": 7.1657669337610496e-09
    },
    "Random Forest": {
        "AVG-PR": 0.08411214953271028,
        "ROC-AUC": 0.5,
        "Accuracy": 0.9158878504672897,
        "emission": 5.000601161346328e-07
    },
    "AdaBoost": {
        "AVG-PR": 0.21153258811312686,
        "ROC-AUC": 0.6689342403628118,
        "Accuracy": 0.9018691588785047,
        "emission": 7.495779377283553e-08
    },
    "Naive Bayes": {
        "AVG-PR": 0.14152202937249664,
        "ROC-AUC": 0.5731292517006802,
        "Accuracy": 0.9112149532710281,
        "emission": 5.998176266009493e-09
    },
    "QDA": {
        "AVG-PR": 0.0871181067934634,
        "ROC-AUC": 0.5187074829931974,
        "Accuracy": 0.2570093457943925,
        "emission": 7.887091432287063e-08
    },
    "PLS-DA": {
        "AVG-PR": 0.5474199590045724,
        "ROC-AUC": 0.8262471655328799,
        "Accuracy": 0.9299065420560748,
        "emission": 6.101640439359092e-07
    },
    "DNN": {
        "AVG-PR": 0.6241269426291666,
        "ROC-AUC": 0.830215419501134,
        "Accuracy": 0.9392523364485982,
        "emission": 2.1231192782853314e-05
    }
}