{
    "Nearest Neighbors": {
        "AVG-PR": 0.1037069033220765,
        "ROC-AUC": 0.5461331740818155,
        "Accuracy": 0.9065420560747663,
        "emission": 1.6825800379597263e-08
    },
    "Linear SVM": {
        "AVG-PR": 0.1925783397471138,
        "ROC-AUC": 0.6536279486413855,
        "Accuracy": 0.9065420560747663,
        "emission": 1.0931744552862638e-08
    },
    "RBF SVM": {
        "AVG-PR": 0.10417811984606926,
        "ROC-AUC": 0.5268736936398924,
        "Accuracy": 0.9205607476635514,
        "emission": 3.513070165148184e-08
    },
    "Gaussian Process": {
        "AVG-PR": 0.0794392523364486,
        "ROC-AUC": 0.5,
        "Accuracy": 0.9205607476635514,
        "emission": 2.4966800894261387e-06
    },
    "Decision Tree": {
        "AVG-PR": 0.2930364669232179,
        "ROC-AUC": 0.7175276201851299,
        "Accuracy": 0.9252336448598131,
        "emission": 7.339272061663073e-09
    },
    "Random Forest": {
        "AVG-PR": 0.0794392523364486,
        "ROC-AUC": 0.5,
        "Accuracy": 0.9205607476635514,
        "emission": 5.175798080621671e-07
    },
    "AdaBoost": {
        "AVG-PR": 0.35503023639362286,
        "ROC-AUC": 0.749477455957002,
        "Accuracy": 0.9345794392523364,
        "emission": 7.600840096327223e-08
    },
    "Naive Bayes": {
        "AVG-PR": 0.11303524525074826,
        "ROC-AUC": 0.5821140638996716,
        "Accuracy": 0.8738317757009346,
        "emission": 7.40194479181318e-09
    },
    "QDA": {
        "AVG-PR": 0.09714285714285714,
        "ROC-AUC": 0.5989847715736041,
        "Accuracy": 0.2616822429906542,
        "emission": 7.653736205733853e-08
    },
    "PLS-DA": {
        "AVG-PR": 0.42092859039210373,
        "ROC-AUC": 0.8934010152284265,
        "Accuracy": 0.9112149532710281,
        "emission": 6.006295326726792e-07
    },
    "DNN": {
        "AVG-PR": 0.45590029378394836,
        "ROC-AUC": 0.8441325768886234,
        "Accuracy": 0.9392523364485982,
        "emission": 2.128598610860435e-05
    }
}