{
    "Nearest Neighbors": {
        "AVG-PR": 0.3856645461923087,
        "ROC-AUC": 0.7463607204539847,
        "Accuracy": 0.9252336448598131,
        "emission": 1.6798499097822432e-08
    },
    "Linear SVM": {
        "AVG-PR": 0.3020284355749186,
        "ROC-AUC": 0.7147791759190724,
        "Accuracy": 0.9065420560747663,
        "emission": 1.1764622977292038e-08
    },
    "RBF SVM": {
        "AVG-PR": 0.1840231419670672,
        "ROC-AUC": 0.5476190476190477,
        "Accuracy": 0.9112149532710281,
        "emission": 3.472053041073285e-08
    },
    "Gaussian Process": {
        "AVG-PR": 0.24152202937249662,
        "ROC-AUC": 0.6324944485566247,
        "Accuracy": 0.9112149532710281,
        "emission": 6.593966103653837e-06
    },
    "Decision Tree": {
        "AVG-PR": 0.3211053891961769,
        "ROC-AUC": 0.7359980261534665,
        "Accuracy": 0.9065420560747663,
        "emission": 7.346669777484021e-09
    },
    "Random Forest": {
        "AVG-PR": 0.09813084112149532,
        "ROC-AUC": 0.5,
        "Accuracy": 0.9018691588785047,
        "emission": 5.227949625037739e-07
    },
    "AdaBoost": {
        "AVG-PR": 0.2868083370419819,
        "ROC-AUC": 0.7282260054280779,
        "Accuracy": 0.8925233644859814,
        "emission": 7.636144059503534e-08
    },
    "Naive Bayes": {
        "AVG-PR": 0.15580774365821093,
        "ROC-AUC": 0.6065877128053293,
        "Accuracy": 0.8644859813084113,
        "emission": 6.200235185425954e-09
    },
    "QDA": {
        "AVG-PR": 0.11351351351351352,
        "ROC-AUC": 0.5751295336787565,
        "Accuracy": 0.2336448598130841,
        "emission": 7.495366716845433e-08
    },
    "PLS-DA": {
        "AVG-PR": 0.4743025001744022,
        "ROC-AUC": 0.8203799654576858,
        "Accuracy": 0.9018691588785047,
        "emission": 6.099622905135778e-07
    },
    "DNN": {
        "AVG-PR": 0.5685272880909289,
        "ROC-AUC": 0.8359240069084629,
        "Accuracy": 0.9158878504672897,
        "emission": 2.0996297228128378e-05
    }
}