{
    "Nearest Neighbors": {
        "AVG-PR": 0.08653106102253985,
        "ROC-AUC": 0.5192594804419229,
        "Accuracy": 0.9065420560747663,
        "emission": 1.560525493476098e-08
    },
    "Linear SVM": {
        "AVG-PR": 0.10352841221450346,
        "ROC-AUC": 0.5719617796357122,
        "Accuracy": 0.8551401869158879,
        "emission": 1.2077277652181268e-08
    },
    "RBF SVM": {
        "AVG-PR": 0.0794392523364486,
        "ROC-AUC": 0.5,
        "Accuracy": 0.9205607476635514,
        "emission": 3.8246833426982315e-08
    },
    "Gaussian Process": {
        "AVG-PR": 0.0794392523364486,
        "ROC-AUC": 0.4847715736040609,
        "Accuracy": 0.8925233644859814,
        "emission": 6.439138050635011e-06
    },
    "Decision Tree": {
        "AVG-PR": 0.11354890299365285,
        "ROC-AUC": 0.5679307255897283,
        "Accuracy": 0.897196261682243,
        "emission": 7.376512209585547e-09
    },
    "Random Forest": {
        "AVG-PR": 0.0794392523364486,
        "ROC-AUC": 0.5,
        "Accuracy": 0.9205607476635514,
        "emission": 5.410973360768431e-07
    },
    "AdaBoost": {
        "AVG-PR": 0.11054099729195935,
        "ROC-AUC": 0.5912212600776351,
        "Accuracy": 0.8411214953271028,
        "emission": 7.649092304843181e-08
    },
    "Naive Bayes": {
        "AVG-PR": 0.08577973245372915,
        "ROC-AUC": 0.5258286055538967,
        "Accuracy": 0.8691588785046729,
        "emission": 7.155205342387152e-09
    },
    "QDA": {
        "AVG-PR": 0.096045197740113,
        "ROC-AUC": 0.5939086294416244,
        "Accuracy": 0.2523364485981308,
        "emission": 9.10688420576964e-08
    },
    "PLS-DA": {
        "AVG-PR": 0.225394628335666,
        "ROC-AUC": 0.7682890415049268,
        "Accuracy": 0.883177570093458,
        "emission": 6.153054897052477e-07
    },
    "DNN": {
        "AVG-PR": 0.16120859586358224,
        "ROC-AUC": 0.6031651239175874,
        "Accuracy": 0.9018691588785047,
        "emission": 2.1327968667400358e-05
    }
}