{
    "Nearest Neighbors": {
        "AVG-PR": 0.15131286159323543,
        "ROC-AUC": 0.5689285714285713,
        "Accuracy": 0.9392523364485982,
        "emission": 1.727976591435687e-08
    },
    "Linear SVM": {
        "AVG-PR": 0.24046877317905357,
        "ROC-AUC": 0.6685714285714286,
        "Accuracy": 0.9392523364485982,
        "emission": 1.1507384699046006e-08
    },
    "RBF SVM": {
        "AVG-PR": 0.06542056074766354,
        "ROC-AUC": 0.4975,
        "Accuracy": 0.9299065420560748,
        "emission": 3.566601109726264e-08
    },
    "Gaussian Process": {
        "AVG-PR": 0.2099942780850658,
        "ROC-AUC": 0.6353571428571427,
        "Accuracy": 0.9392523364485982,
        "emission": 4.123561743965011e-06
    },
    "Decision Tree": {
        "AVG-PR": 0.10984342760043693,
        "ROC-AUC": 0.5871428571428571,
        "Accuracy": 0.9112149532710281,
        "emission": 1.5021725281316753e-08
    },
    "Random Forest": {
        "AVG-PR": 0.06542056074766354,
        "ROC-AUC": 0.5,
        "Accuracy": 0.9345794392523364,
        "emission": 6.346019891687367e-07
    },
    "AdaBoost": {
        "AVG-PR": 0.1737130989467438,
        "ROC-AUC": 0.6303571428571427,
        "Accuracy": 0.9299065420560748,
        "emission": 7.383049283995497e-08
    },
    "Naive Bayes": {
        "AVG-PR": 0.1506250758587207,
        "ROC-AUC": 0.6253571428571428,
        "Accuracy": 0.9205607476635514,
        "emission": 7.552471909575855e-09
    },
    "QDA": {
        "AVG-PR": 0.06820673178272786,
        "ROC-AUC": 0.5217857142857143,
        "Accuracy": 0.16822429906542055,
        "emission": 7.557624966339159e-08
    },
    "PLS-DA": {
        "AVG-PR": 0.396544963581106,
        "ROC-AUC": 0.7278571428571429,
        "Accuracy": 0.9392523364485982,
        "emission": 6.236600907727043e-07
    },
    "DNN": {
        "AVG-PR": 0.26420165214449937,
        "ROC-AUC": 0.6689285714285714,
        "Accuracy": 0.9345794392523364,
        "emission": 2.1173268320952783e-05
    }
}