{
    "Nearest Neighbors": {
        "AVG-PR": 0.13326110509209102,
        "ROC-AUC": 0.5384615384615384,
        "Accuracy": 0.9436619718309859,
        "emission": 1.4873547935267813e-08
    },
    "Linear SVM": {
        "AVG-PR": 0.3580715059588299,
        "ROC-AUC": 0.6898076923076922,
        "Accuracy": 0.9577464788732394,
        "emission": 1.041704394678703e-08
    },
    "RBF SVM": {
        "AVG-PR": 0.13326110509209102,
        "ROC-AUC": 0.5384615384615384,
        "Accuracy": 0.9436619718309859,
        "emission": 3.6072727715525395e-08
    },
    "Gaussian Process": {
        "AVG-PR": 0.06103286384976526,
        "ROC-AUC": 0.5,
        "Accuracy": 0.9389671361502347,
        "emission": 2.6858471714933627e-06
    },
    "Decision Tree": {
        "AVG-PR": 0.13348681834597326,
        "ROC-AUC": 0.6028846153846154,
        "Accuracy": 0.9295774647887324,
        "emission": 9.518012760016386e-09
    },
    "Random Forest": {
        "AVG-PR": 0.06103286384976526,
        "ROC-AUC": 0.5,
        "Accuracy": 0.9389671361502347,
        "emission": 5.088941887903529e-07
    },
    "AdaBoost": {
        "AVG-PR": 0.37901769591910434,
        "ROC-AUC": 0.7257692307692308,
        "Accuracy": 0.9577464788732394,
        "emission": 7.572451085708497e-08
    },
    "Naive Bayes": {
        "AVG-PR": 0.21747923438064284,
        "ROC-AUC": 0.7082692307692309,
        "Accuracy": 0.9248826291079812,
        "emission": 6.077337142245098e-09
    },
    "QDA": {
        "AVG-PR": 0.07142857142857142,
        "ROC-AUC": 0.5775,
        "Accuracy": 0.20657276995305165,
        "emission": 7.86147379578578e-08
    },
    "PLS-DA": {
        "AVG-PR": 0.6017385244555096,
        "ROC-AUC": 0.9653846153846154,
        "Accuracy": 0.9530516431924883,
        "emission": 6.107237231663979e-07
    },
    "DNN": {
        "AVG-PR": 0.5217349884812856,
        "ROC-AUC": 0.8930769230769231,
        "Accuracy": 0.9389671361502347,
        "emission": 2.0869894761240167e-05
    }
}