{
    "Nearest Neighbors": {
        "AVG-PR": 0.28764278296988577,
        "ROC-AUC": 0.6111111111111112,
        "Accuracy": 0.9345794392523364,
        "emission": 1.592356109147302e-08
    },
    "Linear SVM": {
        "AVG-PR": 0.3430252682589131,
        "ROC-AUC": 0.7120181405895691,
        "Accuracy": 0.9345794392523364,
        "emission": 1.0956023508829336e-08
    },
    "RBF SVM": {
        "AVG-PR": 0.08411214953271028,
        "ROC-AUC": 0.49744897959183676,
        "Accuracy": 0.9112149532710281,
        "emission": 3.651912735375113e-08
    },
    "Gaussian Process": {
        "AVG-PR": 0.17009345794392522,
        "ROC-AUC": 0.5782312925170069,
        "Accuracy": 0.9205607476635514,
        "emission": 3.888245555762359e-06
    },
    "Decision Tree": {
        "AVG-PR": 0.18940809968847352,
        "ROC-AUC": 0.6437074829931972,
        "Accuracy": 0.9018691588785047,
        "emission": 6.981986244556562e-09
    },
    "Random Forest": {
        "AVG-PR": 0.08411214953271028,
        "ROC-AUC": 0.5,
        "Accuracy": 0.9158878504672897,
        "emission": 5.23273893348955e-07
    },
    "AdaBoost": {
        "AVG-PR": 0.19893190921228304,
        "ROC-AUC": 0.6462585034013605,
        "Accuracy": 0.9065420560747663,
        "emission": 7.439218257051193e-08
    },
    "Naive Bayes": {
        "AVG-PR": 0.12467982000692279,
        "ROC-AUC": 0.5830498866213153,
        "Accuracy": 0.883177570093458,
        "emission": 5.533203082433007e-09
    },
    "QDA": {
        "AVG-PR": 0.1,
        "ROC-AUC": 0.5867346938775511,
        "Accuracy": 0.24299065420560748,
        "emission": 8.81040354231153e-08
    },
    "PLS-DA": {
        "AVG-PR": 0.557547762115716,
        "ROC-AUC": 0.8543083900226759,
        "Accuracy": 0.9345794392523364,
        "emission": 6.151763736159483e-07
    },
    "DNN": {
        "AVG-PR": 0.5222467440338039,
        "ROC-AUC": 0.8520408163265306,
        "Accuracy": 0.9252336448598131,
        "emission": 2.0439723273494883e-05
    }
}