{
    "Nearest Neighbors": {
        "AVG-PR": 0.0823943661971831,
        "ROC-AUC": 0.5257575757575758,
        "Accuracy": 0.92018779342723,
        "emission": 1.6466415311595122e-08
    },
    "Linear SVM": {
        "AVG-PR": 0.21837109614206981,
        "ROC-AUC": 0.7287878787878788,
        "Accuracy": 0.8967136150234741,
        "emission": 1.1757120757652629e-08
    },
    "RBF SVM": {
        "AVG-PR": 0.07042253521126761,
        "ROC-AUC": 0.49747474747474746,
        "Accuracy": 0.9248826291079812,
        "emission": 4.845928743495352e-08
    },
    "Gaussian Process": {
        "AVG-PR": 0.12769953051643193,
        "ROC-AUC": 0.5616161616161617,
        "Accuracy": 0.9295774647887324,
        "emission": 7.0573760436425e-06
    },
    "Decision Tree": {
        "AVG-PR": 0.1278336686787391,
        "ROC-AUC": 0.608080808080808,
        "Accuracy": 0.9014084507042254,
        "emission": 9.695855058533733e-09
    },
    "Random Forest": {
        "AVG-PR": 0.07042253521126761,
        "ROC-AUC": 0.5,
        "Accuracy": 0.9295774647887324,
        "emission": 4.995497705280815e-07
    },
    "AdaBoost": {
        "AVG-PR": 0.1278336686787391,
        "ROC-AUC": 0.608080808080808,
        "Accuracy": 0.9014084507042254,
        "emission": 7.263359482965193e-08
    },
    "Naive Bayes": {
        "AVG-PR": 0.1659959758551308,
        "ROC-AUC": 0.6439393939393939,
        "Accuracy": 0.9107981220657277,
        "emission": 6.457615383235508e-09
    },
    "QDA": {
        "AVG-PR": 0.08522727272727272,
        "ROC-AUC": 0.5934343434343434,
        "Accuracy": 0.24413145539906103,
        "emission": 8.58643885284253e-08
    },
    "PLS-DA": {
        "AVG-PR": 0.3794731529576679,
        "ROC-AUC": 0.764983164983165,
        "Accuracy": 0.9154929577464789,
        "emission": 5.894597150283191e-07
    },
    "DNN": {
        "AVG-PR": 0.3120635403648934,
        "ROC-AUC": 0.8053872053872054,
        "Accuracy": 0.9389671361502347,
        "emission": 2.0495326488255765e-05
    }
}