{
    "Nearest Neighbors": {
        "AVG-PR": 0.037383177570093455,
        "ROC-AUC": 0.5,
        "Accuracy": 0.9626168224299065,
        "emission": 1.590380936534849e-08
    },
    "Linear SVM": {
        "AVG-PR": 0.037383177570093455,
        "ROC-AUC": 0.4975728155339806,
        "Accuracy": 0.9579439252336449,
        "emission": 8.739778758413127e-09
    },
    "RBF SVM": {
        "AVG-PR": 0.037383177570093455,
        "ROC-AUC": 0.5,
        "Accuracy": 0.9626168224299065,
        "emission": 3.463348894187463e-08
    },
    "Gaussian Process": {
        "AVG-PR": 0.037383177570093455,
        "ROC-AUC": 0.5,
        "Accuracy": 0.9626168224299065,
        "emission": 1.332747201583007e-06
    },
    "Decision Tree": {
        "AVG-PR": 0.037383177570093455,
        "ROC-AUC": 0.49514563106796117,
        "Accuracy": 0.9532710280373832,
        "emission": 9.266200721736825e-09
    },
    "Random Forest": {
        "AVG-PR": 0.037383177570093455,
        "ROC-AUC": 0.5,
        "Accuracy": 0.9626168224299065,
        "emission": 4.915142711503671e-07
    },
    "AdaBoost": {
        "AVG-PR": 0.037383177570093455,
        "ROC-AUC": 0.49029126213592233,
        "Accuracy": 0.9439252336448598,
        "emission": 7.387350797206403e-08
    },
    "Naive Bayes": {
        "AVG-PR": 0.037383177570093455,
        "ROC-AUC": 0.49271844660194175,
        "Accuracy": 0.9485981308411215,
        "emission": 5.76013467925979e-09
    },
    "QDA": {
        "AVG-PR": 0.029386775950822126,
        "ROC-AUC": 0.3058252427184466,
        "Accuracy": 0.1261682242990654,
        "emission": 9.056842222343591e-08
    },
    "PLS-DA": {
        "AVG-PR": 0.03626035102285963,
        "ROC-AUC": 0.42839805825242716,
        "Accuracy": 0.9626168224299065,
        "emission": 5.873224301794437e-07
    },
    "DNN": {
        "AVG-PR": 0.02958902598622319,
        "ROC-AUC": 0.3294902912621359,
        "Accuracy": 0.9626168224299065,
        "emission": 2.1955457918876895e-05
    }
}