{
    "Nearest Neighbors": {
        "AVG-PR": 0.27583444592790385,
        "ROC-AUC": 0.7094547964113181,
        "Accuracy": 0.9719626168224299,
        "emission": 2.9974859973727404e-08
    },
    "Linear SVM": {
        "AVG-PR": 0.20236505817280181,
        "ROC-AUC": 0.704623878536922,
        "Accuracy": 0.9626168224299065,
        "emission": 9.282791107372832e-09
    },
    "RBF SVM": {
        "AVG-PR": 0.03271028037383177,
        "ROC-AUC": 0.5,
        "Accuracy": 0.9672897196261683,
        "emission": 3.775262129193232e-08
    },
    "Gaussian Process": {
        "AVG-PR": 0.03271028037383177,
        "ROC-AUC": 0.5,
        "Accuracy": 0.9672897196261683,
        "emission": 3.9965611882425125e-06
    },
    "Decision Tree": {
        "AVG-PR": 0.27583444592790385,
        "ROC-AUC": 0.7094547964113181,
        "Accuracy": 0.9719626168224299,
        "emission": 1.0025176369307692e-08
    },
    "Random Forest": {
        "AVG-PR": 0.03271028037383177,
        "ROC-AUC": 0.5,
        "Accuracy": 0.9672897196261683,
        "emission": 5.132239711880943e-07
    },
    "AdaBoost": {
        "AVG-PR": 0.232977303070761,
        "ROC-AUC": 0.7070393374741201,
        "Accuracy": 0.9672897196261683,
        "emission": 7.353911958891326e-08
    },
    "Naive Bayes": {
        "AVG-PR": 0.21384067645749888,
        "ROC-AUC": 0.6404416839199447,
        "Accuracy": 0.9719626168224299,
        "emission": 6.266955104811751e-09
    },
    "QDA": {
        "AVG-PR": 0.026577561290511892,
        "ROC-AUC": 0.35576259489302964,
        "Accuracy": 0.1542056074766355,
        "emission": 7.9625786611931e-08
    },
    "PLS-DA": {
        "AVG-PR": 0.4861144457783113,
        "ROC-AUC": 0.8274672187715666,
        "Accuracy": 0.9672897196261683,
        "emission": 6.166910359979908e-07
    },
    "DNN": {
        "AVG-PR": 0.3753096539232439,
        "ROC-AUC": 0.5859213250517598,
        "Accuracy": 0.9672897196261683,
        "emission": 2.0589753745372397e-05
    }
}