{
    "Nearest Neighbors": {
        "AVG-PR": 0.14205607476635515,
        "ROC-AUC": 0.55,
        "Accuracy": 0.9579439252336449,
        "emission": 2.4706029620665876e-08
    },
    "Linear SVM": {
        "AVG-PR": 0.14205607476635515,
        "ROC-AUC": 0.55,
        "Accuracy": 0.9579439252336449,
        "emission": 1.2180608775175485e-08
    },
    "RBF SVM": {
        "AVG-PR": 0.04672897196261682,
        "ROC-AUC": 0.5,
        "Accuracy": 0.9532710280373832,
        "emission": 3.461265950658265e-08
    },
    "Gaussian Process": {
        "AVG-PR": 0.04672897196261682,
        "ROC-AUC": 0.5,
        "Accuracy": 0.9532710280373832,
        "emission": 5.2874074369203604e-06
    },
    "Decision Tree": {
        "AVG-PR": 0.14205607476635515,
        "ROC-AUC": 0.55,
        "Accuracy": 0.9579439252336449,
        "emission": 8.810745013417781e-09
    },
    "Random Forest": {
        "AVG-PR": 0.04672897196261682,
        "ROC-AUC": 0.5,
        "Accuracy": 0.9532710280373832,
        "emission": 5.08223354559354e-07
    },
    "AdaBoost": {
        "AVG-PR": 0.07738317757009347,
        "ROC-AUC": 0.580392156862745,
        "Accuracy": 0.9252336448598131,
        "emission": 7.441717337132589e-08
    },
    "Naive Bayes": {
        "AVG-PR": 0.04672897196261682,
        "ROC-AUC": 0.49754901960784315,
        "Accuracy": 0.9485981308411215,
        "emission": 5.8747707828839236e-09
    },
    "QDA": {
        "AVG-PR": 0.04708127415961247,
        "ROC-AUC": 0.503921568627451,
        "Accuracy": 0.14485981308411214,
        "emission": 7.408592838344449e-08
    },
    "PLS-DA": {
        "AVG-PR": 0.33722504761601846,
        "ROC-AUC": 0.7740196078431373,
        "Accuracy": 0.9579439252336449,
        "emission": 5.967764655216362e-07
    },
    "DNN": {
        "AVG-PR": 0.313643214836722,
        "ROC-AUC": 0.823529411764706,
        "Accuracy": 0.9532710280373832,
        "emission": 2.1240764844811996e-05
    }
}