{
    "Nearest Neighbors": {
        "AVG-PR": 0.04225352112676056,
        "ROC-AUC": 0.5,
        "Accuracy": 0.9577464788732394,
        "emission": 2.8212876604750647e-08
    },
    "Linear SVM": {
        "AVG-PR": 0.04225352112676056,
        "ROC-AUC": 0.49264705882352944,
        "Accuracy": 0.9436619718309859,
        "emission": 1.0924941675448684e-08
    },
    "RBF SVM": {
        "AVG-PR": 0.04225352112676056,
        "ROC-AUC": 0.49754901960784315,
        "Accuracy": 0.9530516431924883,
        "emission": 3.574822917252024e-08
    },
    "Gaussian Process": {
        "AVG-PR": 0.04225352112676056,
        "ROC-AUC": 0.5,
        "Accuracy": 0.9577464788732394,
        "emission": 3.858017266775258e-06
    },
    "Decision Tree": {
        "AVG-PR": 0.14866979655712048,
        "ROC-AUC": 0.5555555555555556,
        "Accuracy": 0.9624413145539906,
        "emission": 7.585945883694252e-09
    },
    "Random Forest": {
        "AVG-PR": 0.04225352112676056,
        "ROC-AUC": 0.5,
        "Accuracy": 0.9577464788732394,
        "emission": 5.151079937498219e-07
    },
    "AdaBoost": {
        "AVG-PR": 0.0597809076682316,
        "ROC-AUC": 0.545751633986928,
        "Accuracy": 0.9436619718309859,
        "emission": 7.554509759364536e-08
    },
    "Naive Bayes": {
        "AVG-PR": 0.07459572248304641,
        "ROC-AUC": 0.5506535947712419,
        "Accuracy": 0.9530516431924883,
        "emission": 6.50244735007992e-09
    },
    "QDA": {
        "AVG-PR": 0.05027932960893855,
        "ROC-AUC": 0.5833333333333333,
        "Accuracy": 0.20187793427230047,
        "emission": 8.188102326232139e-08
    },
    "PLS-DA": {
        "AVG-PR": 0.20002157665700365,
        "ROC-AUC": 0.7984749455337691,
        "Accuracy": 0.9577464788732394,
        "emission": 6.117728886497276e-07
    },
    "DNN": {
        "AVG-PR": 0.14828703368108567,
        "ROC-AUC": 0.6274509803921569,
        "Accuracy": 0.9577464788732394,
        "emission": 2.1141789649955853e-05
    }
}