{
    "Nearest Neighbors": {
        "AVG-PR": 0.13497652582159625,
        "ROC-AUC": 0.5416666666666666,
        "Accuracy": 0.9483568075117371,
        "emission": 1.655256398069822e-08
    },
    "Linear SVM": {
        "AVG-PR": 0.24119718309859156,
        "ROC-AUC": 0.6958955223880597,
        "Accuracy": 0.9436619718309859,
        "emission": 1.1607569740995765e-08
    },
    "RBF SVM": {
        "AVG-PR": 0.056338028169014086,
        "ROC-AUC": 0.4975124378109453,
        "Accuracy": 0.9389671361502347,
        "emission": 3.863277917888902e-08
    },
    "Gaussian Process": {
        "AVG-PR": 0.13497652582159625,
        "ROC-AUC": 0.5416666666666666,
        "Accuracy": 0.9483568075117371,
        "emission": 8.311151601402593e-06
    },
    "Decision Tree": {
        "AVG-PR": 0.2136150234741784,
        "ROC-AUC": 0.5833333333333334,
        "Accuracy": 0.9530516431924883,
        "emission": 9.529379889696176e-09
    },
    "Random Forest": {
        "AVG-PR": 0.056338028169014086,
        "ROC-AUC": 0.5,
        "Accuracy": 0.9436619718309859,
        "emission": 5.176365118529498e-07
    },
    "AdaBoost": {
        "AVG-PR": 0.2222577891591976,
        "ROC-AUC": 0.6934079601990051,
        "Accuracy": 0.9389671361502347,
        "emission": 7.789111135645515e-08
    },
    "Naive Bayes": {
        "AVG-PR": 0.0886150234741784,
        "ROC-AUC": 0.5684079601990051,
        "Accuracy": 0.9248826291079812,
        "emission": 6.253794792877695e-09
    },
    "QDA": {
        "AVG-PR": 0.05959047457435375,
        "ROC-AUC": 0.5286069651741294,
        "Accuracy": 0.25821596244131456,
        "emission": 1.0566662735652739e-07
    },
    "PLS-DA": {
        "AVG-PR": 0.5645636317593535,
        "ROC-AUC": 0.87893864013267,
        "Accuracy": 0.9483568075117371,
        "emission": 6.181107101533912e-07
    },
    "DNN": {
        "AVG-PR": 0.3062631408340791,
        "ROC-AUC": 0.9137645107794361,
        "Accuracy": 0.9436619718309859,
        "emission": 2.1936723915648212e-05
    }
}