{
    "Nearest Neighbors": {
        "AVG-PR": 0.13499480789200413,
        "ROC-AUC": 0.5277777777777778,
        "Accuracy": 0.9205607476635514,
        "emission": 1.4120822049280677e-08
    },
    "Linear SVM": {
        "AVG-PR": 0.27825372101073037,
        "ROC-AUC": 0.6816893424036281,
        "Accuracy": 0.9252336448598131,
        "emission": 1.0829390336608503e-08
    },
    "RBF SVM": {
        "AVG-PR": 0.08411214953271028,
        "ROC-AUC": 0.5,
        "Accuracy": 0.9158878504672897,
        "emission": 3.6064485799553856e-08
    },
    "Gaussian Process": {
        "AVG-PR": 0.28764278296988577,
        "ROC-AUC": 0.6111111111111112,
        "Accuracy": 0.9345794392523364,
        "emission": 3.2748031099859825e-06
    },
    "Decision Tree": {
        "AVG-PR": 0.17009345794392522,
        "ROC-AUC": 0.5782312925170069,
        "Accuracy": 0.9205607476635514,
        "emission": 6.954620186503432e-09
    },
    "Random Forest": {
        "AVG-PR": 0.08411214953271028,
        "ROC-AUC": 0.5,
        "Accuracy": 0.9158878504672897,
        "emission": 5.155354366121701e-07
    },
    "AdaBoost": {
        "AVG-PR": 0.23288335064036,
        "ROC-AUC": 0.6740362811791383,
        "Accuracy": 0.9112149532710281,
        "emission": 7.33762620539146e-08
    },
    "Naive Bayes": {
        "AVG-PR": 0.2215407580477674,
        "ROC-AUC": 0.671485260770975,
        "Accuracy": 0.9065420560747663,
        "emission": 7.491737050251441e-09
    },
    "QDA": {
        "AVG-PR": 0.084199595562114,
        "ROC-AUC": 0.5005668934240363,
        "Accuracy": 0.17757009345794392,
        "emission": 7.999500021580477e-08
    },
    "PLS-DA": {
        "AVG-PR": 0.49265476468068337,
        "ROC-AUC": 0.8778344671201813,
        "Accuracy": 0.9392523364485982,
        "emission": 5.989304221222372e-07
    },
    "DNN": {
        "AVG-PR": 0.5030961255693405,
        "ROC-AUC": 0.7930839002267573,
        "Accuracy": 0.9158878504672897,
        "emission": 2.0674897092860523e-05
    }
}