{
    "Nearest Neighbors": {
        "AVG-PR": 0.15771028037383178,
        "ROC-AUC": 0.5625,
        "Accuracy": 0.9672897196261683,
        "emission": 3.2904230427559635e-08
    },
    "Linear SVM": {
        "AVG-PR": 0.09521028037383178,
        "ROC-AUC": 0.5600728155339806,
        "Accuracy": 0.9626168224299065,
        "emission": 9.369763963947675e-09
    },
    "RBF SVM": {
        "AVG-PR": 0.037383177570093455,
        "ROC-AUC": 0.5,
        "Accuracy": 0.9626168224299065,
        "emission": 3.994332688916682e-08
    },
    "Gaussian Process": {
        "AVG-PR": 0.15771028037383178,
        "ROC-AUC": 0.5625,
        "Accuracy": 0.9672897196261683,
        "emission": 7.847884768857869e-06
    },
    "Decision Tree": {
        "AVG-PR": 0.07437694704049844,
        "ROC-AUC": 0.5576456310679612,
        "Accuracy": 0.9579439252336449,
        "emission": 8.85688186517297e-09
    },
    "Random Forest": {
        "AVG-PR": 0.037383177570093455,
        "ROC-AUC": 0.5,
        "Accuracy": 0.9626168224299065,
        "emission": 5.437412683638272e-07
    },
    "AdaBoost": {
        "AVG-PR": 0.1530373831775701,
        "ROC-AUC": 0.6201456310679613,
        "Accuracy": 0.9626168224299065,
        "emission": 7.410960634537684e-08
    },
    "Naive Bayes": {
        "AVG-PR": 0.19470404984423675,
        "ROC-AUC": 0.6225728155339806,
        "Accuracy": 0.9672897196261683,
        "emission": 6.940308768103182e-09
    },
    "QDA": {
        "AVG-PR": 0.03340996551551802,
        "ROC-AUC": 0.4356796116504854,
        "Accuracy": 0.14485981308411214,
        "emission": 6.968564384057232e-08
    },
    "PLS-DA": {
        "AVG-PR": 0.3525702049495996,
        "ROC-AUC": 0.6043689320388349,
        "Accuracy": 0.9672897196261683,
        "emission": 6.361838333040734e-07
    },
    "DNN": {
        "AVG-PR": 0.24853537686610755,
        "ROC-AUC": 0.5752427184466019,
        "Accuracy": 0.9626168224299065,
        "emission": 2.1502916211664735e-05
    }
}