{
    "Nearest Neighbors": {
        "AVG-PR": 0.14963655244029075,
        "ROC-AUC": 0.5641541038525963,
        "Accuracy": 0.9345794392523364,
        "emission": 1.5682159026838036e-08
    },
    "Linear SVM": {
        "AVG-PR": 0.25506230529595014,
        "ROC-AUC": 0.6591289782244556,
        "Accuracy": 0.9392523364485982,
        "emission": 1.1359544403461578e-08
    },
    "RBF SVM": {
        "AVG-PR": 0.1320872274143302,
        "ROC-AUC": 0.5333333333333333,
        "Accuracy": 0.9345794392523364,
        "emission": 3.8048042266478085e-08
    },
    "Gaussian Process": {
        "AVG-PR": 0.07009345794392523,
        "ROC-AUC": 0.5,
        "Accuracy": 0.9299065420560748,
        "emission": 3.719751427818924e-06
    },
    "Decision Tree": {
        "AVG-PR": 0.15806853582554517,
        "ROC-AUC": 0.6182579564489111,
        "Accuracy": 0.9205607476635514,
        "emission": 7.111506562686397e-09
    },
    "Random Forest": {
        "AVG-PR": 0.07009345794392523,
        "ROC-AUC": 0.5,
        "Accuracy": 0.9299065420560748,
        "emission": 5.829909663183985e-07
    },
    "AdaBoost": {
        "AVG-PR": 0.33435287453979046,
        "ROC-AUC": 0.723283082077052,
        "Accuracy": 0.9439252336448598,
        "emission": 7.921341689874232e-08
    },
    "Naive Bayes": {
        "AVG-PR": 0.169920387677397,
        "ROC-AUC": 0.6207705192629815,
        "Accuracy": 0.9252336448598131,
        "emission": 5.993629795041578e-09
    },
    "QDA": {
        "AVG-PR": 0.07168144420480868,
        "ROC-AUC": 0.511892797319933,
        "Accuracy": 0.14953271028037382,
        "emission": 9.530712810632071e-08
    },
    "PLS-DA": {
        "AVG-PR": 0.48409249046771696,
        "ROC-AUC": 0.7872696817420437,
        "Accuracy": 0.9439252336448598,
        "emission": 7.080828700203886e-07
    },
    "DNN": {
        "AVG-PR": 0.593005513289411,
        "ROC-AUC": 0.8046901172529313,
        "Accuracy": 0.9299065420560748,
        "emission": 2.2137054637684356e-05
    }
}