{
    "Nearest Neighbors": {
        "AVG-PR": 0.2558411214953271,
        "ROC-AUC": 0.5625,
        "Accuracy": 0.8691588785046729,
        "emission": 1.3619593000835288e-08
    },
    "Linear SVM": {
        "AVG-PR": 0.22010664757310822,
        "ROC-AUC": 0.616929945054945,
        "Accuracy": 0.8084112149532711,
        "emission": 1.2284252283318646e-08
    },
    "RBF SVM": {
        "AVG-PR": 0.14953271028037382,
        "ROC-AUC": 0.5,
        "Accuracy": 0.8504672897196262,
        "emission": 3.9107230392456094e-08
    },
    "Gaussian Process": {
        "AVG-PR": 0.278816199376947,
        "ROC-AUC": 0.6140109890109889,
        "Accuracy": 0.8691588785046729,
        "emission": 6.360581099968539e-06
    },
    "Decision Tree": {
        "AVG-PR": 0.291910046728972,
        "ROC-AUC": 0.6674107142857143,
        "Accuracy": 0.8504672897196262,
        "emission": 8.510653200447552e-09
    },
    "Random Forest": {
        "AVG-PR": 0.14953271028037382,
        "ROC-AUC": 0.5,
        "Accuracy": 0.8504672897196262,
        "emission": 5.305967235805112e-07
    },
    "AdaBoost": {
        "AVG-PR": 0.28095794392523366,
        "ROC-AUC": 0.654532967032967,
        "Accuracy": 0.8504672897196262,
        "emission": 7.340248536571406e-08
    },
    "Naive Bayes": {
        "AVG-PR": 0.18111504995165967,
        "ROC-AUC": 0.5673076923076923,
        "Accuracy": 0.7897196261682243,
        "emission": 6.16722765755298e-09
    },
    "QDA": {
        "AVG-PR": 0.16824409947726912,
        "ROC-AUC": 0.5649038461538461,
        "Accuracy": 0.3037383177570093,
        "emission": 6.727784362910811e-08
    },
    "PLS-DA": {
        "AVG-PR": 0.5323659081199866,
        "ROC-AUC": 0.7730082417582418,
        "Accuracy": 0.8644859813084113,
        "emission": 6.072681693975167e-07
    },
    "DNN": {
        "AVG-PR": 0.5270699421326007,
        "ROC-AUC": 0.7821085164835165,
        "Accuracy": 0.8738317757009346,
        "emission": 2.0773728054139206e-05
    }
}