{
    "Nearest Neighbors": {
        "AVG-PR": 0.4337298215802889,
        "ROC-AUC": 0.6973544973544973,
        "Accuracy": 0.9252336448598131,
        "emission": 1.2789012032005631e-08
    },
    "Linear SVM": {
        "AVG-PR": 0.33774143302180687,
        "ROC-AUC": 0.7308994708994709,
        "Accuracy": 0.8925233644859814,
        "emission": 1.014077379210371e-08
    },
    "RBF SVM": {
        "AVG-PR": 0.15214953271028037,
        "ROC-AUC": 0.52,
        "Accuracy": 0.8878504672897196,
        "emission": 3.662881989822281e-08
    },
    "Gaussian Process": {
        "AVG-PR": 0.4537218251786696,
        "ROC-AUC": 0.7494179894179894,
        "Accuracy": 0.9252336448598131,
        "emission": 5.714331637605788e-06
    },
    "Decision Tree": {
        "AVG-PR": 0.23676012461059193,
        "ROC-AUC": 0.662962962962963,
        "Accuracy": 0.8644859813084113,
        "emission": 8.40252353467418e-09
    },
    "Random Forest": {
        "AVG-PR": 0.11682242990654206,
        "ROC-AUC": 0.5,
        "Accuracy": 0.883177570093458,
        "emission": 5.132055510860448e-07
    },
    "AdaBoost": {
        "AVG-PR": 0.34874766355140185,
        "ROC-AUC": 0.7188359788359788,
        "Accuracy": 0.9018691588785047,
        "emission": 7.007684693438568e-08
    },
    "Naive Bayes": {
        "AVG-PR": 0.3111824461600975,
        "ROC-AUC": 0.7108994708994709,
        "Accuracy": 0.8878504672897196,
        "emission": 5.659725893964566e-09
    },
    "QDA": {
        "AVG-PR": 0.12690355329949238,
        "ROC-AUC": 0.544973544973545,
        "Accuracy": 0.19626168224299065,
        "emission": 6.504493277501204e-08
    },
    "PLS-DA": {
        "AVG-PR": 0.5386631845137905,
        "ROC-AUC": 0.851005291005291,
        "Accuracy": 0.897196261682243,
        "emission": 5.966502256615748e-07
    },
    "DNN": {
        "AVG-PR": 0.6714043082627607,
        "ROC-AUC": 0.852063492063492,
        "Accuracy": 0.9252336448598131,
        "emission": 2.1065800908844686e-05
    }
}