{
    "Nearest Neighbors": {
        "AVG-PR": 0.11321762349799733,
        "ROC-AUC": 0.5639285714285714,
        "Accuracy": 0.9299065420560748,
        "emission": 1.4662767348598733e-08
    },
    "Linear SVM": {
        "AVG-PR": 0.4155169856104436,
        "ROC-AUC": 0.8371428571428571,
        "Accuracy": 0.9439252336448598,
        "emission": 1.052656011240156e-08
    },
    "RBF SVM": {
        "AVG-PR": 0.13217623497997327,
        "ROC-AUC": 0.5357142857142857,
        "Accuracy": 0.9392523364485982,
        "emission": 3.49346289780934e-08
    },
    "Gaussian Process": {
        "AVG-PR": 0.09646194926568757,
        "ROC-AUC": 0.5332142857142858,
        "Accuracy": 0.9345794392523364,
        "emission": 7.456796305842375e-06
    },
    "Decision Tree": {
        "AVG-PR": 0.1610146862483311,
        "ROC-AUC": 0.6278571428571428,
        "Accuracy": 0.9252336448598131,
        "emission": 8.553020631963712e-09
    },
    "Random Forest": {
        "AVG-PR": 0.06542056074766354,
        "ROC-AUC": 0.5,
        "Accuracy": 0.9345794392523364,
        "emission": 5.359671278366334e-07
    },
    "AdaBoost": {
        "AVG-PR": 0.22105664695784855,
        "ROC-AUC": 0.6942857142857143,
        "Accuracy": 0.9252336448598131,
        "emission": 7.310351841390961e-08
    },
    "Naive Bayes": {
        "AVG-PR": 0.301941049604601,
        "ROC-AUC": 0.735,
        "Accuracy": 0.9392523364485982,
        "emission": 7.1385274968706295e-09
    },
    "QDA": {
        "AVG-PR": 0.07865168539325842,
        "ROC-AUC": 0.5900000000000001,
        "Accuracy": 0.2336448598130841,
        "emission": 7.045621542047601e-08
    },
    "PLS-DA": {
        "AVG-PR": 0.4502390371029245,
        "ROC-AUC": 0.8335714285714286,
        "Accuracy": 0.9345794392523364,
        "emission": 6.356172961725084e-07
    },
    "DNN": {
        "AVG-PR": 0.5156924037906158,
        "ROC-AUC": 0.8703571428571428,
        "Accuracy": 0.9345794392523364,
        "emission": 2.184631729135402e-05
    }
}