{
    "Nearest Neighbors": {
        "AVG-PR": 0.21161939115702028,
        "ROC-AUC": 0.6213225371120108,
        "Accuracy": 0.9158878504672897,
        "emission": 2.135010472883057e-08
    },
    "Linear SVM": {
        "AVG-PR": 0.4316022471328345,
        "ROC-AUC": 0.7978407557354926,
        "Accuracy": 0.9345794392523364,
        "emission": 1.0980909992027594e-08
    },
    "RBF SVM": {
        "AVG-PR": 0.1367437284800787,
        "ROC-AUC": 0.5263157894736842,
        "Accuracy": 0.9158878504672897,
        "emission": 3.544260937188478e-08
    },
    "Gaussian Process": {
        "AVG-PR": 0.3139695031972454,
        "ROC-AUC": 0.6765182186234818,
        "Accuracy": 0.9299065420560748,
        "emission": 3.8665142487337814e-06
    },
    "Decision Tree": {
        "AVG-PR": 0.19039420982362448,
        "ROC-AUC": 0.5975708502024292,
        "Accuracy": 0.9158878504672897,
        "emission": 8.777847626879507e-09
    },
    "Random Forest": {
        "AVG-PR": 0.08878504672897196,
        "ROC-AUC": 0.5,
        "Accuracy": 0.9112149532710281,
        "emission": 5.44481419013511e-07
    },
    "AdaBoost": {
        "AVG-PR": 0.2544553331567596,
        "ROC-AUC": 0.6688259109311742,
        "Accuracy": 0.9158878504672897,
        "emission": 7.656799152122115e-08
    },
    "Naive Bayes": {
        "AVG-PR": 0.24028529267092963,
        "ROC-AUC": 0.6662618083670716,
        "Accuracy": 0.9112149532710281,
        "emission": 6.531526021425261e-09
    },
    "QDA": {
        "AVG-PR": 0.1043956043956044,
        "ROC-AUC": 0.582051282051282,
        "Accuracy": 0.2383177570093458,
        "emission": 7.664034428189703e-08
    },
    "PLS-DA": {
        "AVG-PR": 0.49494367412572415,
        "ROC-AUC": 0.887719298245614,
        "Accuracy": 0.9112149532710281,
        "emission": 6.408597691653683e-07
    },
    "DNN": {
        "AVG-PR": 0.4616970548817121,
        "ROC-AUC": 0.8331983805668016,
        "Accuracy": 0.9158878504672897,
        "emission": 2.132832912674505e-05
    }
}