{
    "Nearest Neighbors": {
        "AVG-PR": 0.15554072096128171,
        "ROC-AUC": 0.5636565507031828,
        "Accuracy": 0.9018691588785047,
        "emission": 1.9930589524853854e-08
    },
    "Linear SVM": {
        "AVG-PR": 0.27036048064085444,
        "ROC-AUC": 0.6909696521095486,
        "Accuracy": 0.9018691588785047,
        "emission": 1.0769526062906195e-08
    },
    "RBF SVM": {
        "AVG-PR": 0.14107699154428127,
        "ROC-AUC": 0.5238095238095238,
        "Accuracy": 0.9065420560747663,
        "emission": 3.702421497156201e-08
    },
    "Gaussian Process": {
        "AVG-PR": 0.09813084112149532,
        "ROC-AUC": 0.5,
        "Accuracy": 0.9018691588785047,
        "emission": 3.874806960471214e-06
    },
    "Decision Tree": {
        "AVG-PR": 0.2070414874153192,
        "ROC-AUC": 0.608684924747101,
        "Accuracy": 0.9065420560747663,
        "emission": 7.371415978111799e-09
    },
    "Random Forest": {
        "AVG-PR": 0.09813084112149532,
        "ROC-AUC": 0.5,
        "Accuracy": 0.9018691588785047,
        "emission": 5.402222679880139e-07
    },
    "AdaBoost": {
        "AVG-PR": 0.23208722741433022,
        "ROC-AUC": 0.6485319516407598,
        "Accuracy": 0.9018691588785047,
        "emission": 7.450348424674744e-08
    },
    "Naive Bayes": {
        "AVG-PR": 0.2951798979836363,
        "ROC-AUC": 0.6775228226005428,
        "Accuracy": 0.9158878504672897,
        "emission": 6.611134061285103e-09
    },
    "QDA": {
        "AVG-PR": 0.1099476439790576,
        "ROC-AUC": 0.5595854922279793,
        "Accuracy": 0.205607476635514,
        "emission": 6.680887446454792e-08
    },
    "PLS-DA": {
        "AVG-PR": 0.49496551818281864,
        "ROC-AUC": 0.8356772760917839,
        "Accuracy": 0.9158878504672897,
        "emission": 6.296847143934796e-07
    },
    "DNN": {
        "AVG-PR": 0.5482429532764664,
        "ROC-AUC": 0.8726868985936342,
        "Accuracy": 0.9065420560747663,
        "emission": 2.157853455910703e-05
    }
}