{
    "Nearest Neighbors": {
        "AVG-PR": 0.037383177570093455,
        "ROC-AUC": 0.5,
        "Accuracy": 0.9626168224299065,
        "emission": 1.4692932003922573e-08
    },
    "Linear SVM": {
        "AVG-PR": 0.1280373831775701,
        "ROC-AUC": 0.6177184466019418,
        "Accuracy": 0.9579439252336449,
        "emission": 8.612170743744723e-09
    },
    "RBF SVM": {
        "AVG-PR": 0.037383177570093455,
        "ROC-AUC": 0.5,
        "Accuracy": 0.9626168224299065,
        "emission": 3.8287058707076545e-08
    },
    "Gaussian Process": {
        "AVG-PR": 0.037383177570093455,
        "ROC-AUC": 0.5,
        "Accuracy": 0.9626168224299065,
        "emission": 4.4877720188898034e-06
    },
    "Decision Tree": {
        "AVG-PR": 0.09521028037383178,
        "ROC-AUC": 0.5600728155339806,
        "Accuracy": 0.9626168224299065,
        "emission": 9.672685101619792e-09
    },
    "Random Forest": {
        "AVG-PR": 0.037383177570093455,
        "ROC-AUC": 0.5,
        "Accuracy": 0.9626168224299065,
        "emission": 7.669803144779656e-07
    },
    "AdaBoost": {
        "AVG-PR": 0.037383177570093455,
        "ROC-AUC": 0.4878640776699029,
        "Accuracy": 0.9392523364485982,
        "emission": 1.0803573054860498e-07
    },
    "Naive Bayes": {
        "AVG-PR": 0.037383177570093455,
        "ROC-AUC": 0.49514563106796117,
        "Accuracy": 0.9532710280373832,
        "emission": 1.1344453123791042e-08
    },
    "QDA": {
        "AVG-PR": 0.039083009555812245,
        "ROC-AUC": 0.5224514563106797,
        "Accuracy": 0.19626168224299065,
        "emission": 1.3663186164640822e-07
    },
    "PLS-DA": {
        "AVG-PR": 0.48014445877360845,
        "ROC-AUC": 0.8143203883495146,
        "Accuracy": 0.9626168224299065,
        "emission": 7.216733420634405e-07
    },
    "DNN": {
        "AVG-PR": 0.1188371653696523,
        "ROC-AUC": 0.6298543689320388,
        "Accuracy": 0.9579439252336449,
        "emission": 2.240513987395424e-05
    }
}