{
    "Nearest Neighbors": {
        "AVG-PR": 0.45095342176665665,
        "ROC-AUC": 0.7270569620253164,
        "Accuracy": 0.7757009345794392,
        "emission": 1.4273871217752164e-08
    },
    "Linear SVM": {
        "AVG-PR": 0.5732704211676174,
        "ROC-AUC": 0.7975813743218807,
        "Accuracy": 0.8457943925233645,
        "emission": 1.4218605845041663e-08
    },
    "RBF SVM": {
        "AVG-PR": 0.27486648865153535,
        "ROC-AUC": 0.5089285714285714,
        "Accuracy": 0.7429906542056075,
        "emission": 3.794908359210213e-08
    },
    "Gaussian Process": {
        "AVG-PR": 0.2616822429906542,
        "ROC-AUC": 0.5,
        "Accuracy": 0.7383177570093458,
        "emission": 3.2037797508507304e-06
    },
    "Decision Tree": {
        "AVG-PR": 0.5353764368751832,
        "ROC-AUC": 0.7451401446654611,
        "Accuracy": 0.8364485981308412,
        "emission": 6.825634036664281e-09
    },
    "Random Forest": {
        "AVG-PR": 0.2616822429906542,
        "ROC-AUC": 0.5,
        "Accuracy": 0.7383177570093458,
        "emission": 5.339310435005023e-07
    },
    "AdaBoost": {
        "AVG-PR": 0.6061266212092313,
        "ROC-AUC": 0.8186030741410487,
        "Accuracy": 0.8598130841121495,
        "emission": 7.583726544462528e-08
    },
    "Naive Bayes": {
        "AVG-PR": 0.44729122397939036,
        "ROC-AUC": 0.7348553345388789,
        "Accuracy": 0.7616822429906542,
        "emission": 7.949940357383297e-09
    },
    "QDA": {
        "AVG-PR": 0.281971074871207,
        "ROC-AUC": 0.5485985533453889,
        "Accuracy": 0.35046728971962615,
        "emission": 6.780692043665908e-08
    },
    "PLS-DA": {
        "AVG-PR": 0.8210442221478426,
        "ROC-AUC": 0.9129181735985533,
        "Accuracy": 0.8738317757009346,
        "emission": 6.323208627195271e-07
    },
    "DNN": {
        "AVG-PR": 0.7922023221306884,
        "ROC-AUC": 0.8990167269439422,
        "Accuracy": 0.8691588785046729,
        "emission": 2.1273434377744475e-05
    }
}