{
    "Nearest Neighbors": {
        "AVG-PR": 0.20524802300503237,
        "ROC-AUC": 0.5769230769230769,
        "Accuracy": 0.9485981308411215,
        "emission": 1.3983337082311744e-08
    },
    "Linear SVM": {
        "AVG-PR": 0.12832494608195544,
        "ROC-AUC": 0.5719479525449674,
        "Accuracy": 0.9392523364485982,
        "emission": 9.823464094093385e-09
    },
    "RBF SVM": {
        "AVG-PR": 0.06074766355140187,
        "ROC-AUC": 0.5,
        "Accuracy": 0.9392523364485982,
        "emission": 3.669792979642977e-08
    },
    "Gaussian Process": {
        "AVG-PR": 0.2774982027318476,
        "ROC-AUC": 0.6153846153846154,
        "Accuracy": 0.9532710280373832,
        "emission": 4.036621101160781e-06
    },
    "Decision Tree": {
        "AVG-PR": 0.21788025059053098,
        "ROC-AUC": 0.6463834672789897,
        "Accuracy": 0.9439252336448598,
        "emission": 8.51003651106989e-09
    },
    "Random Forest": {
        "AVG-PR": 0.06074766355140187,
        "ROC-AUC": 0.5,
        "Accuracy": 0.9392523364485982,
        "emission": 5.33155073370592e-07
    },
    "AdaBoost": {
        "AVG-PR": 0.1851905104241553,
        "ROC-AUC": 0.610409491006506,
        "Accuracy": 0.9439252336448598,
        "emission": 7.427127314769613e-08
    },
    "Naive Bayes": {
        "AVG-PR": 0.15396597172298107,
        "ROC-AUC": 0.5744355147340221,
        "Accuracy": 0.9439252336448598,
        "emission": 6.265104158369829e-09
    },
    "QDA": {
        "AVG-PR": 0.06553511190463024,
        "ROC-AUC": 0.538652889399158,
        "Accuracy": 0.20093457943925233,
        "emission": 6.771940452563685e-08
    },
    "PLS-DA": {
        "AVG-PR": 0.5467279521304289,
        "ROC-AUC": 0.7856869498660543,
        "Accuracy": 0.9532710280373832,
        "emission": 6.442214493270314e-07
    },
    "DNN": {
        "AVG-PR": 0.4142177580373009,
        "ROC-AUC": 0.6727898966704938,
        "Accuracy": 0.9392523364485982,
        "emission": 2.103116842402327e-05
    }
}