{
    "Nearest Neighbors": {
        "AVG-PR": 0.23152153321545843,
        "ROC-AUC": 0.6371909340659341,
        "Accuracy": 0.7990654205607477,
        "emission": 1.5614482889351595e-08
    },
    "Linear SVM": {
        "AVG-PR": 0.2694730361202324,
        "ROC-AUC": 0.6739354395604396,
        "Accuracy": 0.8177570093457944,
        "emission": 1.2438147950458429e-08
    },
    "RBF SVM": {
        "AVG-PR": 0.17610981308411214,
        "ROC-AUC": 0.515625,
        "Accuracy": 0.8551401869158879,
        "emission": 3.808909557537118e-08
    },
    "Gaussian Process": {
        "AVG-PR": 0.2516132621272808,
        "ROC-AUC": 0.6260302197802198,
        "Accuracy": 0.8457943925233645,
        "emission": 5.891682075303882e-06
    },
    "Decision Tree": {
        "AVG-PR": 0.2672774225282833,
        "ROC-AUC": 0.6315247252747253,
        "Accuracy": 0.8551401869158879,
        "emission": 7.251060968204646e-09
    },
    "Random Forest": {
        "AVG-PR": 0.14953271028037382,
        "ROC-AUC": 0.5,
        "Accuracy": 0.8504672897196262,
        "emission": 5.420857761629516e-07
    },
    "AdaBoost": {
        "AVG-PR": 0.2991658148364486,
        "ROC-AUC": 0.6876717032967032,
        "Accuracy": 0.8411214953271028,
        "emission": 7.536406754554433e-08
    },
    "Naive Bayes": {
        "AVG-PR": 0.20316556334371755,
        "ROC-AUC": 0.6031936813186815,
        "Accuracy": 0.7850467289719626,
        "emission": 7.367138290841028e-09
    },
    "QDA": {
        "AVG-PR": 0.17434097629230688,
        "ROC-AUC": 0.5832760989010989,
        "Accuracy": 0.3130841121495327,
        "emission": 6.411014236444737e-08
    },
    "PLS-DA": {
        "AVG-PR": 0.4023777257027849,
        "ROC-AUC": 0.742445054945055,
        "Accuracy": 0.822429906542056,
        "emission": 6.391427783103375e-07
    },
    "DNN": {
        "AVG-PR": 0.3592527133812665,
        "ROC-AUC": 0.7281936813186813,
        "Accuracy": 0.8364485981308412,
        "emission": 2.0762835083637913e-05
    }
}