{
    "Nearest Neighbors": {
        "AVG-PR": 0.037383177570093455,
        "ROC-AUC": 0.5,
        "Accuracy": 0.9626168224299065,
        "emission": 1.4766798977480188e-08
    },
    "Linear SVM": {
        "AVG-PR": 0.19470404984423675,
        "ROC-AUC": 0.6225728155339806,
        "Accuracy": 0.9672897196261683,
        "emission": 8.703154055521856e-09
    },
    "RBF SVM": {
        "AVG-PR": 0.037383177570093455,
        "ROC-AUC": 0.5,
        "Accuracy": 0.9626168224299065,
        "emission": 4.926727227047595e-08
    },
    "Gaussian Process": {
        "AVG-PR": 0.037383177570093455,
        "ROC-AUC": 0.5,
        "Accuracy": 0.9626168224299065,
        "emission": 2.9316094948883135e-06
    },
    "Decision Tree": {
        "AVG-PR": 0.1530373831775701,
        "ROC-AUC": 0.6201456310679613,
        "Accuracy": 0.9626168224299065,
        "emission": 7.203097065327429e-09
    },
    "Random Forest": {
        "AVG-PR": 0.037383177570093455,
        "ROC-AUC": 0.5,
        "Accuracy": 0.9626168224299065,
        "emission": 5.817671267017143e-07
    },
    "AdaBoost": {
        "AVG-PR": 0.05056742323097463,
        "ROC-AUC": 0.5479368932038835,
        "Accuracy": 0.9392523364485982,
        "emission": 8.449808291054173e-08
    },
    "Naive Bayes": {
        "AVG-PR": 0.037383177570093455,
        "ROC-AUC": 0.4878640776699029,
        "Accuracy": 0.9392523364485982,
        "emission": 7.829531989710213e-09
    },
    "QDA": {
        "AVG-PR": 0.03814284255145294,
        "ROC-AUC": 0.5103155339805826,
        "Accuracy": 0.17289719626168223,
        "emission": 1.1243838351339873e-07
    },
    "PLS-DA": {
        "AVG-PR": 0.30224054948319656,
        "ROC-AUC": 0.8428398058252428,
        "Accuracy": 0.9672897196261683,
        "emission": 6.432640162121043e-07
    },
    "DNN": {
        "AVG-PR": 0.31648966663280864,
        "ROC-AUC": 0.7408980582524272,
        "Accuracy": 0.9626168224299065,
        "emission": 2.1083680459467704e-05
    }
}