{
    "Nearest Neighbors": {
        "AVG-PR": 0.42707820954254794,
        "ROC-AUC": 0.6970973782771535,
        "Accuracy": 0.883177570093458,
        "emission": 1.3356201201811734e-08
    },
    "Linear SVM": {
        "AVG-PR": 0.41369851159570786,
        "ROC-AUC": 0.7329900124843944,
        "Accuracy": 0.8691588785046729,
        "emission": 1.1226506169129211e-08
    },
    "RBF SVM": {
        "AVG-PR": 0.21443406022845274,
        "ROC-AUC": 0.5277777777777778,
        "Accuracy": 0.8411214953271028,
        "emission": 3.524332103883002e-08
    },
    "Gaussian Process": {
        "AVG-PR": 0.4579081175922943,
        "ROC-AUC": 0.7524968789013733,
        "Accuracy": 0.883177570093458,
        "emission": 3.4000590071406637e-06
    },
    "Decision Tree": {
        "AVG-PR": 0.5341121495327102,
        "ROC-AUC": 0.7443820224719101,
        "Accuracy": 0.9065420560747663,
        "emission": 7.342513253877447e-09
    },
    "Random Forest": {
        "AVG-PR": 0.16822429906542055,
        "ROC-AUC": 0.5,
        "Accuracy": 0.8317757009345794,
        "emission": 5.501087764008831e-07
    },
    "AdaBoost": {
        "AVG-PR": 0.4252246929494754,
        "ROC-AUC": 0.7357990012484394,
        "Accuracy": 0.8738317757009346,
        "emission": 7.569495689052638e-08
    },
    "Naive Bayes": {
        "AVG-PR": 0.3380013323145046,
        "ROC-AUC": 0.7351747815230962,
        "Accuracy": 0.7990654205607477,
        "emission": 6.443460097479737e-09
    },
    "QDA": {
        "AVG-PR": 0.18291936796609695,
        "ROC-AUC": 0.5480649188514357,
        "Accuracy": 0.2850467289719626,
        "emission": 6.958590243112479e-08
    },
    "PLS-DA": {
        "AVG-PR": 0.6060076601441524,
        "ROC-AUC": 0.8121098626716605,
        "Accuracy": 0.8738317757009346,
        "emission": 6.414943768173087e-07
    },
    "DNN": {
        "AVG-PR": 0.7207436601668777,
        "ROC-AUC": 0.8662609238451936,
        "Accuracy": 0.8785046728971962,
        "emission": 2.1063555761000414e-05
    }
}