{
    "Nearest Neighbors": {
        "AVG-PR": 0.04225352112676056,
        "ROC-AUC": 0.5,
        "Accuracy": 0.9577464788732394,
        "emission": 1.4396853179393137e-08
    },
    "Linear SVM": {
        "AVG-PR": 0.04225352112676056,
        "ROC-AUC": 0.4877450980392157,
        "Accuracy": 0.9342723004694836,
        "emission": 9.70794629272384e-09
    },
    "RBF SVM": {
        "AVG-PR": 0.04225352112676056,
        "ROC-AUC": 0.5,
        "Accuracy": 0.9577464788732394,
        "emission": 3.702877917588046e-08
    },
    "Gaussian Process": {
        "AVG-PR": 0.04225352112676056,
        "ROC-AUC": 0.5,
        "Accuracy": 0.9577464788732394,
        "emission": 3.6973368479505333e-06
    },
    "Decision Tree": {
        "AVG-PR": 0.09311424100156493,
        "ROC-AUC": 0.5531045751633987,
        "Accuracy": 0.9577464788732394,
        "emission": 8.532065385346058e-09
    },
    "Random Forest": {
        "AVG-PR": 0.04225352112676056,
        "ROC-AUC": 0.5,
        "Accuracy": 0.9577464788732394,
        "emission": 5.38814555602631e-07
    },
    "AdaBoost": {
        "AVG-PR": 0.0597809076682316,
        "ROC-AUC": 0.545751633986928,
        "Accuracy": 0.9436619718309859,
        "emission": 7.838022053920909e-08
    },
    "Naive Bayes": {
        "AVG-PR": 0.04225352112676056,
        "ROC-AUC": 0.49019607843137253,
        "Accuracy": 0.9389671361502347,
        "emission": 6.35461048212747e-09
    },
    "QDA": {
        "AVG-PR": 0.04579952418428361,
        "ROC-AUC": 0.5400326797385621,
        "Accuracy": 0.22065727699530516,
        "emission": 7.840542816678061e-08
    },
    "PLS-DA": {
        "AVG-PR": 0.2707785673640779,
        "ROC-AUC": 0.7559912854030502,
        "Accuracy": 0.9624413145539906,
        "emission": 6.295016271315653e-07
    },
    "DNN": {
        "AVG-PR": 0.11418436658071149,
        "ROC-AUC": 0.5631808278867102,
        "Accuracy": 0.9577464788732394,
        "emission": 2.3677100453339146e-05
    }
}