{
    "Nearest Neighbors": {
        "AVG-PR": 0.04672897196261682,
        "ROC-AUC": 0.5,
        "Accuracy": 0.9532710280373832,
        "emission": 1.4988035264197427e-08
    },
    "Linear SVM": {
        "AVG-PR": 0.07538940809968847,
        "ROC-AUC": 0.5450980392156863,
        "Accuracy": 0.9485981308411215,
        "emission": 9.365934513975867e-09
    },
    "RBF SVM": {
        "AVG-PR": 0.04672897196261682,
        "ROC-AUC": 0.5,
        "Accuracy": 0.9532710280373832,
        "emission": 3.739203120401073e-08
    },
    "Gaussian Process": {
        "AVG-PR": 0.04672897196261682,
        "ROC-AUC": 0.5,
        "Accuracy": 0.9532710280373832,
        "emission": 5.584635918423187e-06
    },
    "Decision Tree": {
        "AVG-PR": 0.04672897196261682,
        "ROC-AUC": 0.4950980392156863,
        "Accuracy": 0.9439252336448598,
        "emission": 7.668749722082889e-09
    },
    "Random Forest": {
        "AVG-PR": 0.04672897196261682,
        "ROC-AUC": 0.5,
        "Accuracy": 0.9532710280373832,
        "emission": 5.53981877328601e-07
    },
    "AdaBoost": {
        "AVG-PR": 0.09205607476635513,
        "ROC-AUC": 0.5475490196078432,
        "Accuracy": 0.9532710280373832,
        "emission": 7.544830356731096e-08
    },
    "Naive Bayes": {
        "AVG-PR": 0.05634178905206942,
        "ROC-AUC": 0.5352941176470588,
        "Accuracy": 0.9299065420560748,
        "emission": 6.208430127395686e-09
    },
    "QDA": {
        "AVG-PR": 0.03869158878504673,
        "ROC-AUC": 0.3735294117647059,
        "Accuracy": 0.16822429906542055,
        "emission": 7.531177130321373e-08
    },
    "PLS-DA": {
        "AVG-PR": 0.05893433584946102,
        "ROC-AUC": 0.5593137254901961,
        "Accuracy": 0.9485981308411215,
        "emission": 6.41667523492848e-07
    },
    "DNN": {
        "AVG-PR": 0.05728035844363472,
        "ROC-AUC": 0.5715686274509805,
        "Accuracy": 0.9532710280373832,
        "emission": 2.1544111611761333e-05
    }
}