{
    "Nearest Neighbors": {
        "AVG-PR": 0.08411214953271028,
        "ROC-AUC": 0.49744897959183676,
        "Accuracy": 0.9112149532710281,
        "emission": 1.4574000248422115e-08
    },
    "Linear SVM": {
        "AVG-PR": 0.23386347488659343,
        "ROC-AUC": 0.6941609977324263,
        "Accuracy": 0.9018691588785047,
        "emission": 1.0653060810119376e-08
    },
    "RBF SVM": {
        "AVG-PR": 0.08411214953271028,
        "ROC-AUC": 0.5,
        "Accuracy": 0.9158878504672897,
        "emission": 3.735493582919425e-08
    },
    "Gaussian Process": {
        "AVG-PR": 0.08411214953271028,
        "ROC-AUC": 0.5,
        "Accuracy": 0.9158878504672897,
        "emission": 4.806310728040056e-06
    },
    "Decision Tree": {
        "AVG-PR": 0.19963655244029077,
        "ROC-AUC": 0.6261337868480725,
        "Accuracy": 0.9158878504672897,
        "emission": 1.8997650974988596e-08
    },
    "Random Forest": {
        "AVG-PR": 0.08411214953271028,
        "ROC-AUC": 0.5,
        "Accuracy": 0.9158878504672897,
        "emission": 5.481867931886799e-07
    },
    "AdaBoost": {
        "AVG-PR": 0.16758527038900872,
        "ROC-AUC": 0.6184807256235827,
        "Accuracy": 0.9018691588785047,
        "emission": 7.934311364335943e-08
    },
    "Naive Bayes": {
        "AVG-PR": 0.18103149878850813,
        "ROC-AUC": 0.6587301587301587,
        "Accuracy": 0.883177570093458,
        "emission": 6.173580449496188e-09
    },
    "QDA": {
        "AVG-PR": 0.08835814007153571,
        "ROC-AUC": 0.5260770975056689,
        "Accuracy": 0.22429906542056074,
        "emission": 6.7986541381878e-08
    },
    "PLS-DA": {
        "AVG-PR": 0.2588617915657126,
        "ROC-AUC": 0.6805555555555556,
        "Accuracy": 0.9112149532710281,
        "emission": 6.464689868270421e-07
    },
    "DNN": {
        "AVG-PR": 0.3924169790585956,
        "ROC-AUC": 0.7599206349206349,
        "Accuracy": 0.9158878504672897,
        "emission": 2.1903388825304897e-05
    }
}