{
    "Nearest Neighbors": {
        "AVG-PR": 0.037383177570093455,
        "ROC-AUC": 0.5,
        "Accuracy": 0.9626168224299065,
        "emission": 1.4607553936860233e-08
    },
    "Linear SVM": {
        "AVG-PR": 0.037383177570093455,
        "ROC-AUC": 0.49029126213592233,
        "Accuracy": 0.9439252336448598,
        "emission": 9.191253639524846e-09
    },
    "RBF SVM": {
        "AVG-PR": 0.037383177570093455,
        "ROC-AUC": 0.5,
        "Accuracy": 0.9626168224299065,
        "emission": 3.6315097010267375e-08
    },
    "Gaussian Process": {
        "AVG-PR": 0.037383177570093455,
        "ROC-AUC": 0.5,
        "Accuracy": 0.9626168224299065,
        "emission": 5.351362012083487e-06
    },
    "Decision Tree": {
        "AVG-PR": 0.037383177570093455,
        "ROC-AUC": 0.49514563106796117,
        "Accuracy": 0.9532710280373832,
        "emission": 8.942261961674718e-09
    },
    "Random Forest": {
        "AVG-PR": 0.037383177570093455,
        "ROC-AUC": 0.5,
        "Accuracy": 0.9626168224299065,
        "emission": 5.4669438602919e-07
    },
    "AdaBoost": {
        "AVG-PR": 0.037383177570093455,
        "ROC-AUC": 0.49514563106796117,
        "Accuracy": 0.9532710280373832,
        "emission": 7.700217362449846e-08
    },
    "Naive Bayes": {
        "AVG-PR": 0.037383177570093455,
        "ROC-AUC": 0.49514563106796117,
        "Accuracy": 0.9532710280373832,
        "emission": 6.498396318524163e-09
    },
    "QDA": {
        "AVG-PR": 0.033935958326949595,
        "ROC-AUC": 0.44538834951456313,
        "Accuracy": 0.16355140186915887,
        "emission": 7.787759920281332e-08
    },
    "PLS-DA": {
        "AVG-PR": 0.04085583919256683,
        "ROC-AUC": 0.37621359223300965,
        "Accuracy": 0.9532710280373832,
        "emission": 6.382030618775445e-07
    },
    "DNN": {
        "AVG-PR": 0.035822898117192324,
        "ROC-AUC": 0.43750000000000006,
        "Accuracy": 0.9626168224299065,
        "emission": 2.179583454356941e-05
    }
}