{
    "Nearest Neighbors": {
        "AVG-PR": 0.14205607476635515,
        "ROC-AUC": 0.55,
        "Accuracy": 0.9579439252336449,
        "emission": 1.7420784176400254e-08
    },
    "Linear SVM": {
        "AVG-PR": 0.18271028037383177,
        "ROC-AUC": 0.6426470588235295,
        "Accuracy": 0.9532710280373832,
        "emission": 7.803494713224217e-09
    },
    "RBF SVM": {
        "AVG-PR": 0.04672897196261682,
        "ROC-AUC": 0.5,
        "Accuracy": 0.9532710280373832,
        "emission": 3.667637413510847e-08
    },
    "Gaussian Process": {
        "AVG-PR": 0.04672897196261682,
        "ROC-AUC": 0.5,
        "Accuracy": 0.9532710280373832,
        "emission": 3.925902536910412e-06
    },
    "Decision Tree": {
        "AVG-PR": 0.0945260347129506,
        "ROC-AUC": 0.5877450980392156,
        "Accuracy": 0.9392523364485982,
        "emission": 6.79781073163953e-09
    },
    "Random Forest": {
        "AVG-PR": 0.04672897196261682,
        "ROC-AUC": 0.5,
        "Accuracy": 0.9532710280373832,
        "emission": 5.12816166523593e-07
    },
    "AdaBoost": {
        "AVG-PR": 0.07738317757009347,
        "ROC-AUC": 0.580392156862745,
        "Accuracy": 0.9252336448598131,
        "emission": 7.376967319911968e-08
    },
    "Naive Bayes": {
        "AVG-PR": 0.20581516095534788,
        "ROC-AUC": 0.6877450980392156,
        "Accuracy": 0.9485981308411215,
        "emission": 5.989991128265961e-09
    },
    "QDA": {
        "AVG-PR": 0.05405405405405406,
        "ROC-AUC": 0.571078431372549,
        "Accuracy": 0.1822429906542056,
        "emission": 8.549190699030736e-08
    },
    "PLS-DA": {
        "AVG-PR": 0.4172722295049881,
        "ROC-AUC": 0.8727941176470589,
        "Accuracy": 0.9532710280373832,
        "emission": 8.099568416457555e-07
    },
    "DNN": {
        "AVG-PR": 0.2035470613077388,
        "ROC-AUC": 0.6772058823529412,
        "Accuracy": 0.9532710280373832,
        "emission": 2.0559593279743788e-05
    }
}