{
    "Nearest Neighbors": {
        "AVG-PR": 0.13217623497997327,
        "ROC-AUC": 0.5357142857142857,
        "Accuracy": 0.9392523364485982,
        "emission": 2.352129259596523e-08
    },
    "Linear SVM": {
        "AVG-PR": 0.17997329773030707,
        "ROC-AUC": 0.6021428571428571,
        "Accuracy": 0.9392523364485982,
        "emission": 8.135865279906e-09
    },
    "RBF SVM": {
        "AVG-PR": 0.06542056074766354,
        "ROC-AUC": 0.5,
        "Accuracy": 0.9345794392523364,
        "emission": 4.420209207201319e-08
    },
    "Gaussian Process": {
        "AVG-PR": 0.19893190921228304,
        "ROC-AUC": 0.5714285714285714,
        "Accuracy": 0.9439252336448598,
        "emission": 1.551744832597517e-06
    },
    "Decision Tree": {
        "AVG-PR": 0.27530040053404536,
        "ROC-AUC": 0.6403571428571427,
        "Accuracy": 0.9485981308411215,
        "emission": 9.541823937441353e-09
    },
    "Random Forest": {
        "AVG-PR": 0.06542056074766354,
        "ROC-AUC": 0.5,
        "Accuracy": 0.9345794392523364,
        "emission": 5.491847219957803e-07
    },
    "AdaBoost": {
        "AVG-PR": 0.12750333778371162,
        "ROC-AUC": 0.5664285714285714,
        "Accuracy": 0.9345794392523364,
        "emission": 7.764929337854902e-08
    },
    "Naive Bayes": {
        "AVG-PR": 0.08455718736092567,
        "ROC-AUC": 0.5307142857142857,
        "Accuracy": 0.9299065420560748,
        "emission": 8.049783419258169e-09
    },
    "QDA": {
        "AVG-PR": 0.11223297730307076,
        "ROC-AUC": 0.7003571428571428,
        "Accuracy": 0.6261682242990654,
        "emission": 9.37022806049856e-08
    },
    "PLS-DA": {
        "AVG-PR": 0.3541000596797482,
        "ROC-AUC": 0.6982142857142857,
        "Accuracy": 0.9345794392523364,
        "emission": 6.243473535710957e-07
    },
    "DNN": {
        "AVG-PR": 0.16156857758392418,
        "ROC-AUC": 0.5239285714285714,
        "Accuracy": 0.9345794392523364,
        "emission": 2.08179505473374e-05
    }
}