{
    "Nearest Neighbors": {
        "AVG-PR": 0.04205607476635514,
        "ROC-AUC": 0.5,
        "Accuracy": 0.9579439252336449,
        "emission": 1.604456170044474e-08
    },
    "Linear SVM": {
        "AVG-PR": 0.04205607476635514,
        "ROC-AUC": 0.4926829268292683,
        "Accuracy": 0.9439252336448598,
        "emission": 9.484372204705176e-09
    },
    "RBF SVM": {
        "AVG-PR": 0.04205607476635514,
        "ROC-AUC": 0.5,
        "Accuracy": 0.9579439252336449,
        "emission": 3.60958456330053e-08
    },
    "Gaussian Process": {
        "AVG-PR": 0.04205607476635514,
        "ROC-AUC": 0.5,
        "Accuracy": 0.9579439252336449,
        "emission": 6.15646729665466e-06
    },
    "Decision Tree": {
        "AVG-PR": 0.04205607476635514,
        "ROC-AUC": 0.4951219512195122,
        "Accuracy": 0.9485981308411215,
        "emission": 7.327324828878849e-09
    },
    "Random Forest": {
        "AVG-PR": 0.04205607476635514,
        "ROC-AUC": 0.5,
        "Accuracy": 0.9579439252336449,
        "emission": 4.936138927803393e-07
    },
    "AdaBoost": {
        "AVG-PR": 0.04205607476635514,
        "ROC-AUC": 0.48292682926829267,
        "Accuracy": 0.9252336448598131,
        "emission": 8.198245974634143e-08
    },
    "Naive Bayes": {
        "AVG-PR": 0.0744202146071305,
        "ROC-AUC": 0.5506775067750678,
        "Accuracy": 0.9532710280373832,
        "emission": 9.665048941714766e-09
    },
    "QDA": {
        "AVG-PR": 0.04332024019143076,
        "ROC-AUC": 0.5151761517615177,
        "Accuracy": 0.17289719626168223,
        "emission": 1.1713167686860817e-07
    },
    "PLS-DA": {
        "AVG-PR": 0.22408928148719187,
        "ROC-AUC": 0.8661246612466125,
        "Accuracy": 0.9485981308411215,
        "emission": 5.973558622042596e-07
    },
    "DNN": {
        "AVG-PR": 0.13444298593487625,
        "ROC-AUC": 0.7008130081300813,
        "Accuracy": 0.9439252336448598,
        "emission": 2.1124114901949425e-05
    }
}