{
    "Nearest Neighbors": {
        "AVG-PR": 0.0514018691588785,
        "ROC-AUC": 0.5,
        "Accuracy": 0.9485981308411215,
        "emission": 1.5393867969564197e-08
    },
    "Linear SVM": {
        "AVG-PR": 0.22387425658453697,
        "ROC-AUC": 0.5909090909090909,
        "Accuracy": 0.9579439252336449,
        "emission": 9.288293932891657e-09
    },
    "RBF SVM": {
        "AVG-PR": 0.0514018691588785,
        "ROC-AUC": 0.5,
        "Accuracy": 0.9485981308411215,
        "emission": 3.548184902649165e-08
    },
    "Gaussian Process": {
        "AVG-PR": 0.22387425658453697,
        "ROC-AUC": 0.5909090909090909,
        "Accuracy": 0.9579439252336449,
        "emission": 9.956775230800693e-07
    },
    "Decision Tree": {
        "AVG-PR": 0.11478334749362787,
        "ROC-AUC": 0.5835199283475146,
        "Accuracy": 0.9439252336448598,
        "emission": 8.504147893423944e-09
    },
    "Random Forest": {
        "AVG-PR": 0.0514018691588785,
        "ROC-AUC": 0.5,
        "Accuracy": 0.9485981308411215,
        "emission": 5.199585094081742e-07
    },
    "AdaBoost": {
        "AVG-PR": 0.08751062022090059,
        "ROC-AUC": 0.5761307657859382,
        "Accuracy": 0.9299065420560748,
        "emission": 7.434172155986015e-08
    },
    "Naive Bayes": {
        "AVG-PR": 0.06188048711413197,
        "ROC-AUC": 0.5331392745185849,
        "Accuracy": 0.9299065420560748,
        "emission": 6.226066818005142e-09
    },
    "QDA": {
        "AVG-PR": 0.059782608695652176,
        "ROC-AUC": 0.5738916256157636,
        "Accuracy": 0.19158878504672897,
        "emission": 7.610060720427727e-08
    },
    "PLS-DA": {
        "AVG-PR": 0.25274772194477874,
        "ROC-AUC": 0.7622033139274519,
        "Accuracy": 0.9485981308411215,
        "emission": 6.101556829328926e-07
    },
    "DNN": {
        "AVG-PR": 0.15672207651992906,
        "ROC-AUC": 0.6574115539632781,
        "Accuracy": 0.9485981308411215,
        "emission": 2.0520105090308397e-05
    }
}