{
    "Nearest Neighbors": {
        "AVG-PR": 0.06074766355140187,
        "ROC-AUC": 0.49502487562189057,
        "Accuracy": 0.9299065420560748,
        "emission": 1.749864524063391e-08
    },
    "Linear SVM": {
        "AVG-PR": 0.12996816267844305,
        "ROC-AUC": 0.6289705319556066,
        "Accuracy": 0.9112149532710281,
        "emission": 1.1812275963574148e-08
    },
    "RBF SVM": {
        "AVG-PR": 0.06074766355140187,
        "ROC-AUC": 0.4975124378109453,
        "Accuracy": 0.9345794392523364,
        "emission": 3.355274252005745e-08
    },
    "Gaussian Process": {
        "AVG-PR": 0.06074766355140187,
        "ROC-AUC": 0.5,
        "Accuracy": 0.9392523364485982,
        "emission": 2.9574508954491218e-06
    },
    "Decision Tree": {
        "AVG-PR": 0.07530553558590942,
        "ROC-AUC": 0.5309988518943742,
        "Accuracy": 0.9299065420560748,
        "emission": 9.904354943224486e-09
    },
    "Random Forest": {
        "AVG-PR": 0.06074766355140187,
        "ROC-AUC": 0.5,
        "Accuracy": 0.9392523364485982,
        "emission": 5.119209093340615e-07
    },
    "AdaBoost": {
        "AVG-PR": 0.1446201773304577,
        "ROC-AUC": 0.633945656333716,
        "Accuracy": 0.9205607476635514,
        "emission": 7.130485591603995e-08
    },
    "Naive Bayes": {
        "AVG-PR": 0.08171579199616583,
        "ROC-AUC": 0.533486414083429,
        "Accuracy": 0.9345794392523364,
        "emission": 7.50038407725647e-09
    },
    "QDA": {
        "AVG-PR": 0.07103825136612021,
        "ROC-AUC": 0.5771144278606966,
        "Accuracy": 0.205607476635514,
        "emission": 7.654594465733325e-08
    },
    "PLS-DA": {
        "AVG-PR": 0.1805457130372815,
        "ROC-AUC": 0.7110600841944126,
        "Accuracy": 0.9252336448598131,
        "emission": 6.147446070937295e-07
    },
    "DNN": {
        "AVG-PR": 0.17476250448871108,
        "ROC-AUC": 0.5311902028319938,
        "Accuracy": 0.9392523364485982,
        "emission": 2.0729451368134564e-05
    }
}