{
    "Nearest Neighbors": {
        "AVG-PR": 0.056074766355140186,
        "ROC-AUC": 0.5,
        "Accuracy": 0.9439252336448598,
        "emission": 1.6874050618878444e-08
    },
    "Linear SVM": {
        "AVG-PR": 0.29312694704049846,
        "ROC-AUC": 0.7009075907590758,
        "Accuracy": 0.9532710280373832,
        "emission": 1.1129253412137222e-08
    },
    "RBF SVM": {
        "AVG-PR": 0.056074766355140186,
        "ROC-AUC": 0.5,
        "Accuracy": 0.9439252336448598,
        "emission": 3.539294648432001e-08
    },
    "Gaussian Process": {
        "AVG-PR": 0.056074766355140186,
        "ROC-AUC": 0.5,
        "Accuracy": 0.9439252336448598,
        "emission": 4.4468047684933246e-06
    },
    "Decision Tree": {
        "AVG-PR": 0.29205607476635514,
        "ROC-AUC": 0.625,
        "Accuracy": 0.9579439252336449,
        "emission": 7.225085184315168e-09
    },
    "Random Forest": {
        "AVG-PR": 0.056074766355140186,
        "ROC-AUC": 0.5,
        "Accuracy": 0.9439252336448598,
        "emission": 5.23255370078883e-07
    },
    "AdaBoost": {
        "AVG-PR": 0.09306853582554517,
        "ROC-AUC": 0.5391914191419142,
        "Accuracy": 0.9439252336448598,
        "emission": 7.521286769295778e-08
    },
    "Naive Bayes": {
        "AVG-PR": 0.2063213914849429,
        "ROC-AUC": 0.691006600660066,
        "Accuracy": 0.9345794392523364,
        "emission": 6.6013350588595005e-09
    },
    "QDA": {
        "AVG-PR": 0.0670391061452514,
        "ROC-AUC": 0.5866336633663367,
        "Accuracy": 0.21962616822429906,
        "emission": 7.999749298899945e-08
    },
    "PLS-DA": {
        "AVG-PR": 0.4427355068247364,
        "ROC-AUC": 0.8706683168316831,
        "Accuracy": 0.9485981308411215,
        "emission": 6.257839407718375e-07
    },
    "DNN": {
        "AVG-PR": 0.28088252426488275,
        "ROC-AUC": 0.7782590759075908,
        "Accuracy": 0.9439252336448598,
        "emission": 2.036244407069756e-05
    }
}