{
    "Nearest Neighbors": {
        "AVG-PR": 0.12274143302180685,
        "ROC-AUC": 0.5972222222222222,
        "Accuracy": 0.8925233644859814,
        "emission": 1.5590915844057254e-08
    },
    "Linear SVM": {
        "AVG-PR": 0.2737817089452603,
        "ROC-AUC": 0.7509469696969697,
        "Accuracy": 0.9112149532710281,
        "emission": 1.4474752247229686e-08
    },
    "RBF SVM": {
        "AVG-PR": 0.13259345794392524,
        "ROC-AUC": 0.53125,
        "Accuracy": 0.9299065420560748,
        "emission": 4.282439224054132e-08
    },
    "Gaussian Process": {
        "AVG-PR": 0.13259345794392524,
        "ROC-AUC": 0.53125,
        "Accuracy": 0.9299065420560748,
        "emission": 7.417956029746714e-06
    },
    "Decision Tree": {
        "AVG-PR": 0.10401689432063263,
        "ROC-AUC": 0.5684974747474748,
        "Accuracy": 0.8925233644859814,
        "emission": 6.651174806177354e-09
    },
    "Random Forest": {
        "AVG-PR": 0.07476635514018691,
        "ROC-AUC": 0.5,
        "Accuracy": 0.9252336448598131,
        "emission": 5.10035200343158e-07
    },
    "AdaBoost": {
        "AVG-PR": 0.14331363386476087,
        "ROC-AUC": 0.6259469696969697,
        "Accuracy": 0.8925233644859814,
        "emission": 7.30252754020385e-08
    },
    "Naive Bayes": {
        "AVG-PR": 0.14698385726423108,
        "ROC-AUC": 0.6073232323232324,
        "Accuracy": 0.9112149532710281,
        "emission": 7.554278506742542e-09
    },
    "QDA": {
        "AVG-PR": 0.08695652173913043,
        "ROC-AUC": 0.5757575757575757,
        "Accuracy": 0.21495327102803738,
        "emission": 7.914982671063554e-08
    },
    "PLS-DA": {
        "AVG-PR": 0.47381258097515244,
        "ROC-AUC": 0.8177083333333333,
        "Accuracy": 0.9205607476635514,
        "emission": 6.189640487600899e-07
    },
    "DNN": {
        "AVG-PR": 0.27746398598332783,
        "ROC-AUC": 0.7542613636363636,
        "Accuracy": 0.9252336448598131,
        "emission": 2.0370727249818807e-05
    }
}