{
    "Nearest Neighbors": {
        "AVG-PR": 0.14849428868120457,
        "ROC-AUC": 0.5555555555555556,
        "Accuracy": 0.9626168224299065,
        "emission": 1.713863932254552e-08
    },
    "Linear SVM": {
        "AVG-PR": 0.3196607822776047,
        "ROC-AUC": 0.7173441734417344,
        "Accuracy": 0.9672897196261683,
        "emission": 1.0226622379456738e-08
    },
    "RBF SVM": {
        "AVG-PR": 0.04205607476635514,
        "ROC-AUC": 0.5,
        "Accuracy": 0.9579439252336449,
        "emission": 3.886247139425561e-08
    },
    "Gaussian Process": {
        "AVG-PR": 0.04205607476635514,
        "ROC-AUC": 0.5,
        "Accuracy": 0.9579439252336449,
        "emission": 3.7583494935514557e-06
    },
    "Decision Tree": {
        "AVG-PR": 0.06516095534787122,
        "ROC-AUC": 0.5482384823848239,
        "Accuracy": 0.9485981308411215,
        "emission": 7.345745602079715e-09
    },
    "Random Forest": {
        "AVG-PR": 0.04205607476635514,
        "ROC-AUC": 0.5,
        "Accuracy": 0.9579439252336449,
        "emission": 1.082926538384391e-06
    },
    "AdaBoost": {
        "AVG-PR": 0.12803738317757007,
        "ROC-AUC": 0.6495934959349593,
        "Accuracy": 0.9392523364485982,
        "emission": 7.459044056118884e-08
    },
    "Naive Bayes": {
        "AVG-PR": 0.09293873312564901,
        "ROC-AUC": 0.5531165311653117,
        "Accuracy": 0.9579439252336449,
        "emission": 6.597788987979869e-09
    },
    "QDA": {
        "AVG-PR": 0.05027932960893855,
        "ROC-AUC": 0.5853658536585367,
        "Accuracy": 0.205607476635514,
        "emission": 8.765728487399176e-08
    },
    "PLS-DA": {
        "AVG-PR": 0.5507240323029796,
        "ROC-AUC": 0.964769647696477,
        "Accuracy": 0.9579439252336449,
        "emission": 6.251779793353171e-07
    },
    "DNN": {
        "AVG-PR": 0.31976878574100787,
        "ROC-AUC": 0.8726287262872627,
        "Accuracy": 0.9579439252336449,
        "emission": 2.1580731158992865e-05
    }
}