{
    "Nearest Neighbors": {
        "AVG-PR": 0.09218351741716227,
        "ROC-AUC": 0.5429914912673534,
        "Accuracy": 0.9485981308411215,
        "emission": 1.6189265638744715e-08
    },
    "Linear SVM": {
        "AVG-PR": 0.25531011045029733,
        "ROC-AUC": 0.7149574563367667,
        "Accuracy": 0.9485981308411215,
        "emission": 1.0345671938852442e-08
    },
    "RBF SVM": {
        "AVG-PR": 0.0514018691588785,
        "ROC-AUC": 0.5,
        "Accuracy": 0.9485981308411215,
        "emission": 3.740628639359822e-08
    },
    "Gaussian Process": {
        "AVG-PR": 0.0514018691588785,
        "ROC-AUC": 0.5,
        "Accuracy": 0.9485981308411215,
        "emission": 4.414255442502247e-06
    },
    "Decision Tree": {
        "AVG-PR": 0.241928632115548,
        "ROC-AUC": 0.6339005821764442,
        "Accuracy": 0.9579439252336449,
        "emission": 8.883351225288922e-09
    },
    "Random Forest": {
        "AVG-PR": 0.0514018691588785,
        "ROC-AUC": 0.5,
        "Accuracy": 0.9485981308411215,
        "emission": 5.224946407336988e-07
    },
    "AdaBoost": {
        "AVG-PR": 0.15426629445321033,
        "ROC-AUC": 0.6265114196148679,
        "Accuracy": 0.9439252336448598,
        "emission": 7.463926946659787e-08
    },
    "Naive Bayes": {
        "AVG-PR": 0.2751345227980742,
        "ROC-AUC": 0.6768920734437976,
        "Accuracy": 0.9579439252336449,
        "emission": 7.754176447823665e-09
    },
    "QDA": {
        "AVG-PR": 0.060109289617486336,
        "ROC-AUC": 0.5763546798029557,
        "Accuracy": 0.19626168224299065,
        "emission": 8.794641787755057e-08
    },
    "PLS-DA": {
        "AVG-PR": 0.5538892593334204,
        "ROC-AUC": 0.8822212270488132,
        "Accuracy": 0.9532710280373832,
        "emission": 6.364154487853473e-07
    },
    "DNN": {
        "AVG-PR": 0.45778311056340926,
        "ROC-AUC": 0.8831168831168832,
        "Accuracy": 0.9485981308411215,
        "emission": 2.1782451204815073e-05
    }
}