{
    "Nearest Neighbors": {
        "AVG-PR": 0.22407170294494239,
        "ROC-AUC": 0.5909090909090909,
        "Accuracy": 0.9577464788732394,
        "emission": 1.5230560936537802e-08
    },
    "Linear SVM": {
        "AVG-PR": 0.240656057557466,
        "ROC-AUC": 0.6743924392439244,
        "Accuracy": 0.9530516431924883,
        "emission": 1.080676072069088e-08
    },
    "RBF SVM": {
        "AVG-PR": 0.051643192488262914,
        "ROC-AUC": 0.5,
        "Accuracy": 0.9483568075117371,
        "emission": 3.887484951582624e-08
    },
    "Gaussian Process": {
        "AVG-PR": 0.3965002134016219,
        "ROC-AUC": 0.6818181818181819,
        "Accuracy": 0.9671361502347418,
        "emission": 4.7504193720719815e-06
    },
    "Decision Tree": {
        "AVG-PR": 0.13316261203585147,
        "ROC-AUC": 0.585958595859586,
        "Accuracy": 0.9483568075117371,
        "emission": 8.218588045174924e-09
    },
    "Random Forest": {
        "AVG-PR": 0.051643192488262914,
        "ROC-AUC": 0.5,
        "Accuracy": 0.9483568075117371,
        "emission": 5.09725390363047e-07
    },
    "AdaBoost": {
        "AVG-PR": 0.240656057557466,
        "ROC-AUC": 0.6743924392439244,
        "Accuracy": 0.9530516431924883,
        "emission": 7.425954378126144e-08
    },
    "Naive Bayes": {
        "AVG-PR": 0.49100664593622334,
        "ROC-AUC": 0.7702520252025202,
        "Accuracy": 0.971830985915493,
        "emission": 7.855142197213552e-09
    },
    "QDA": {
        "AVG-PR": 0.06547619047619048,
        "ROC-AUC": 0.6113861386138614,
        "Accuracy": 0.26291079812206575,
        "emission": 7.757456768011648e-08
    },
    "PLS-DA": {
        "AVG-PR": 0.5418701773808909,
        "ROC-AUC": 0.878037803780378,
        "Accuracy": 0.9671361502347418,
        "emission": 6.131119557739995e-07
    },
    "DNN": {
        "AVG-PR": 0.49260556016328766,
        "ROC-AUC": 0.6854185418541854,
        "Accuracy": 0.9483568075117371,
        "emission": 2.1032582178085984e-05
    }
}