{
    "Nearest Neighbors": {
        "AVG-PR": 0.03271028037383177,
        "ROC-AUC": 0.5,
        "Accuracy": 0.9672897196261683,
        "emission": 1.8001459923163154e-08
    },
    "Linear SVM": {
        "AVG-PR": 0.340549303833683,
        "ROC-AUC": 0.7784679089026915,
        "Accuracy": 0.9719626168224299,
        "emission": 7.413531839298402e-09
    },
    "RBF SVM": {
        "AVG-PR": 0.03271028037383177,
        "ROC-AUC": 0.5,
        "Accuracy": 0.9672897196261683,
        "emission": 3.498818437048918e-08
    },
    "Gaussian Process": {
        "AVG-PR": 0.17089452603471295,
        "ROC-AUC": 0.5714285714285714,
        "Accuracy": 0.9719626168224299,
        "emission": 5.2654365599837735e-06
    },
    "Decision Tree": {
        "AVG-PR": 0.27583444592790385,
        "ROC-AUC": 0.7094547964113181,
        "Accuracy": 0.9719626168224299,
        "emission": 8.741796160627322e-09
    },
    "Random Forest": {
        "AVG-PR": 0.03271028037383177,
        "ROC-AUC": 0.5,
        "Accuracy": 0.9672897196261683,
        "emission": 4.883813214769471e-07
    },
    "AdaBoost": {
        "AVG-PR": 0.29973297730307075,
        "ROC-AUC": 0.7760524499654934,
        "Accuracy": 0.9672897196261683,
        "emission": 7.464831745316783e-08
    },
    "Naive Bayes": {
        "AVG-PR": 0.1049971390425329,
        "ROC-AUC": 0.6307798481711525,
        "Accuracy": 0.9532710280373832,
        "emission": 6.765904681207792e-09
    },
    "QDA": {
        "AVG-PR": 0.0374331550802139,
        "ROC-AUC": 0.5652173913043479,
        "Accuracy": 0.1588785046728972,
        "emission": 8.854968254002851e-08
    },
    "PLS-DA": {
        "AVG-PR": 0.6740225447121999,
        "ROC-AUC": 0.9330572808833678,
        "Accuracy": 0.985981308411215,
        "emission": 6.086084456208783e-07
    },
    "DNN": {
        "AVG-PR": 0.2809676340374529,
        "ROC-AUC": 0.7991718426501035,
        "Accuracy": 0.9672897196261683,
        "emission": 2.1450913193613094e-05
    }
}