{
    "Nearest Neighbors": {
        "AVG-PR": 0.5068286604361371,
        "ROC-AUC": 0.7313852813852814,
        "Accuracy": 0.8037383177570093,
        "emission": 2.770953084024935e-08
    },
    "Linear SVM": {
        "AVG-PR": 0.586935667309499,
        "ROC-AUC": 0.804978354978355,
        "Accuracy": 0.8364485981308412,
        "emission": 1.5006004178194967e-08
    },
    "RBF SVM": {
        "AVG-PR": 0.29325025960539974,
        "ROC-AUC": 0.5134199134199134,
        "Accuracy": 0.7242990654205608,
        "emission": 3.6152290959293676e-08
    },
    "Gaussian Process": {
        "AVG-PR": 0.6144751141056293,
        "ROC-AUC": 0.7772727272727273,
        "Accuracy": 0.8551401869158879,
        "emission": 4.904557651170288e-06
    },
    "Decision Tree": {
        "AVG-PR": 0.45730579841221985,
        "ROC-AUC": 0.6656926406926407,
        "Accuracy": 0.7897196261682243,
        "emission": 8.709759203548164e-09
    },
    "Random Forest": {
        "AVG-PR": 0.2803738317757009,
        "ROC-AUC": 0.5,
        "Accuracy": 0.719626168224299,
        "emission": 5.197696281667865e-07
    },
    "AdaBoost": {
        "AVG-PR": 0.5636438037911189,
        "ROC-AUC": 0.7832251082251082,
        "Accuracy": 0.8271028037383178,
        "emission": 7.64703648643598e-08
    },
    "Naive Bayes": {
        "AVG-PR": 0.45525226046652995,
        "ROC-AUC": 0.7317099567099568,
        "Accuracy": 0.7383177570093458,
        "emission": 8.793489020032417e-09
    },
    "QDA": {
        "AVG-PR": 0.2972112219934175,
        "ROC-AUC": 0.539069264069264,
        "Accuracy": 0.3878504672897196,
        "emission": 8.942234546386097e-08
    },
    "PLS-DA": {
        "AVG-PR": 0.8198865659223932,
        "ROC-AUC": 0.9000541125541125,
        "Accuracy": 0.8598130841121495,
        "emission": 6.008418321084643e-07
    },
    "DNN": {
        "AVG-PR": 0.8379804140139662,
        "ROC-AUC": 0.9146645021645021,
        "Accuracy": 0.8598130841121495,
        "emission": 2.087621509509353e-05
    }
}