{
    "Nearest Neighbors": {
        "AVG-PR": 0.1707165109034268,
        "ROC-AUC": 0.5975490196078431,
        "Accuracy": 0.9579439252336449,
        "emission": 2.6980805888965845e-08
    },
    "Linear SVM": {
        "AVG-PR": 0.4400311526479751,
        "ROC-AUC": 0.7475490196078431,
        "Accuracy": 0.9719626168224299,
        "emission": 1.1438509712910306e-08
    },
    "RBF SVM": {
        "AVG-PR": 0.04672897196261682,
        "ROC-AUC": 0.5,
        "Accuracy": 0.9532710280373832,
        "emission": 3.500149908198442e-08
    },
    "Gaussian Process": {
        "AVG-PR": 0.04672897196261682,
        "ROC-AUC": 0.5,
        "Accuracy": 0.9532710280373832,
        "emission": 4.395555393010864e-06
    },
    "Decision Tree": {
        "AVG-PR": 0.4186915887850467,
        "ROC-AUC": 0.7926470588235295,
        "Accuracy": 0.9672897196261683,
        "emission": 6.875961934149311e-09
    },
    "Random Forest": {
        "AVG-PR": 0.04672897196261682,
        "ROC-AUC": 0.5,
        "Accuracy": 0.9532710280373832,
        "emission": 5.206748777466196e-07
    },
    "AdaBoost": {
        "AVG-PR": 0.25660881174899863,
        "ROC-AUC": 0.6926470588235294,
        "Accuracy": 0.9579439252336449,
        "emission": 7.30597028207273e-08
    },
    "Naive Bayes": {
        "AVG-PR": 0.4400311526479751,
        "ROC-AUC": 0.7475490196078431,
        "Accuracy": 0.9719626168224299,
        "emission": 5.924525592923003e-09
    },
    "QDA": {
        "AVG-PR": 0.056179775280898875,
        "ROC-AUC": 0.5882352941176471,
        "Accuracy": 0.21495327102803738,
        "emission": 8.600821963223685e-08
    },
    "PLS-DA": {
        "AVG-PR": 0.7129036656773882,
        "ROC-AUC": 0.9215686274509803,
        "Accuracy": 0.9719626168224299,
        "emission": 6.039172691493872e-07
    },
    "DNN": {
        "AVG-PR": 0.6034328028293545,
        "ROC-AUC": 0.8588235294117647,
        "Accuracy": 0.9532710280373832,
        "emission": 2.0813690925223964e-05
    }
}