{
    "Nearest Neighbors": {
        "AVG-PR": 0.16950319724545004,
        "ROC-AUC": 0.5738191632928475,
        "Accuracy": 0.9158878504672897,
        "emission": 1.656479629949413e-08
    },
    "Linear SVM": {
        "AVG-PR": 0.13024383388377486,
        "ROC-AUC": 0.5796221322537112,
        "Accuracy": 0.883177570093458,
        "emission": 1.0850698567089993e-08
    },
    "RBF SVM": {
        "AVG-PR": 0.08878504672897196,
        "ROC-AUC": 0.4948717948717949,
        "Accuracy": 0.9018691588785047,
        "emission": 3.458474252371691e-08
    },
    "Gaussian Process": {
        "AVG-PR": 0.08878504672897196,
        "ROC-AUC": 0.5,
        "Accuracy": 0.9112149532710281,
        "emission": 3.1951393948260046e-06
    },
    "Decision Tree": {
        "AVG-PR": 0.09463846532218397,
        "ROC-AUC": 0.516059379217274,
        "Accuracy": 0.897196261682243,
        "emission": 8.705726609837177e-09
    },
    "Random Forest": {
        "AVG-PR": 0.08878504672897196,
        "ROC-AUC": 0.5,
        "Accuracy": 0.9112149532710281,
        "emission": 5.144418133188783e-07
    },
    "AdaBoost": {
        "AVG-PR": 0.10837096990564771,
        "ROC-AUC": 0.5591093117408907,
        "Accuracy": 0.8457943925233645,
        "emission": 7.243016674635132e-08
    },
    "Naive Bayes": {
        "AVG-PR": 0.0925971470732907,
        "ROC-AUC": 0.5167341430499325,
        "Accuracy": 0.8551401869158879,
        "emission": 6.395561543563639e-09
    },
    "QDA": {
        "AVG-PR": 0.09888633133409244,
        "ROC-AUC": 0.5557354925775978,
        "Accuracy": 0.2336448598130841,
        "emission": 8.122736822299298e-08
    },
    "PLS-DA": {
        "AVG-PR": 0.28848619488607863,
        "ROC-AUC": 0.8237516869095816,
        "Accuracy": 0.9158878504672897,
        "emission": 6.080546944685049e-07
    },
    "DNN": {
        "AVG-PR": 0.19918905035378134,
        "ROC-AUC": 0.6653171390013495,
        "Accuracy": 0.897196261682243,
        "emission": 2.0816516823899312e-05
    }
}