{
    "Nearest Neighbors": {
        "AVG-PR": 0.13326743350107836,
        "ROC-AUC": 0.6029468044393418,
        "Accuracy": 0.9299065420560748,
        "emission": 1.82900940804137e-08
    },
    "Linear SVM": {
        "AVG-PR": 0.12410735681763718,
        "ROC-AUC": 0.6264829697665519,
        "Accuracy": 0.9065420560747663,
        "emission": 1.139542854659712e-08
    },
    "RBF SVM": {
        "AVG-PR": 0.06074766355140187,
        "ROC-AUC": 0.5,
        "Accuracy": 0.9392523364485982,
        "emission": 3.6575711048583745e-08
    },
    "Gaussian Process": {
        "AVG-PR": 0.06074766355140187,
        "ROC-AUC": 0.5,
        "Accuracy": 0.9392523364485982,
        "emission": 3.8967401599532034e-06
    },
    "Decision Tree": {
        "AVG-PR": 0.1853121716529337,
        "ROC-AUC": 0.6724071947952545,
        "Accuracy": 0.9252336448598131,
        "emission": 8.227654444757582e-09
    },
    "Random Forest": {
        "AVG-PR": 0.06074766355140187,
        "ROC-AUC": 0.5,
        "Accuracy": 0.9392523364485982,
        "emission": 5.122063012016074e-07
    },
    "AdaBoost": {
        "AVG-PR": 0.16558830577522166,
        "ROC-AUC": 0.667432070417145,
        "Accuracy": 0.9158878504672897,
        "emission": 7.443799398695159e-08
    },
    "Naive Bayes": {
        "AVG-PR": 0.06889527917565301,
        "ROC-AUC": 0.5260237275162648,
        "Accuracy": 0.9205607476635514,
        "emission": 5.993363109599953e-09
    },
    "QDA": {
        "AVG-PR": 0.06520253149638779,
        "ROC-AUC": 0.5361653272101033,
        "Accuracy": 0.19626168224299065,
        "emission": 8.617572008924411e-08
    },
    "PLS-DA": {
        "AVG-PR": 0.23497984397086663,
        "ROC-AUC": 0.6716417910447762,
        "Accuracy": 0.9252336448598131,
        "emission": 6.028538470503752e-07
    },
    "DNN": {
        "AVG-PR": 0.24549485024419526,
        "ROC-AUC": 0.7068503635667815,
        "Accuracy": 0.9392523364485982,
        "emission": 2.0714313443505396e-05
    }
}