{
    "Nearest Neighbors": {
        "AVG-PR": 0.22634345794392524,
        "ROC-AUC": 0.6172680412371134,
        "Accuracy": 0.9158878504672897,
        "emission": 1.7734684211018044e-08
    },
    "Linear SVM": {
        "AVG-PR": 0.21387266355140186,
        "ROC-AUC": 0.6518041237113402,
        "Accuracy": 0.897196261682243,
        "emission": 1.209565037184366e-08
    },
    "RBF SVM": {
        "AVG-PR": 0.09345794392523364,
        "ROC-AUC": 0.5,
        "Accuracy": 0.9065420560747663,
        "emission": 3.868343478649072e-08
    },
    "Gaussian Process": {
        "AVG-PR": 0.09345794392523364,
        "ROC-AUC": 0.5,
        "Accuracy": 0.9065420560747663,
        "emission": 2.146436901687832e-06
    },
    "Decision Tree": {
        "AVG-PR": 0.12411214953271028,
        "ROC-AUC": 0.5422680412371135,
        "Accuracy": 0.9018691588785047,
        "emission": 7.237794308112328e-09
    },
    "Random Forest": {
        "AVG-PR": 0.09345794392523364,
        "ROC-AUC": 0.5,
        "Accuracy": 0.9065420560747663,
        "emission": 5.127431768898786e-07
    },
    "AdaBoost": {
        "AVG-PR": 0.20152931180968567,
        "ROC-AUC": 0.6639175257731958,
        "Accuracy": 0.8785046728971962,
        "emission": 7.725830065797581e-08
    },
    "Naive Bayes": {
        "AVG-PR": 0.17211129991503823,
        "ROC-AUC": 0.6363402061855671,
        "Accuracy": 0.8691588785046729,
        "emission": 5.350517588365159e-09
    },
    "QDA": {
        "AVG-PR": 0.11299435028248588,
        "ROC-AUC": 0.595360824742268,
        "Accuracy": 0.26635514018691586,
        "emission": 8.779071544627825e-08
    },
    "PLS-DA": {
        "AVG-PR": 0.2971691035876278,
        "ROC-AUC": 0.725,
        "Accuracy": 0.897196261682243,
        "emission": 6.141417490702559e-07
    },
    "DNN": {
        "AVG-PR": 0.3764465442639017,
        "ROC-AUC": 0.7152061855670103,
        "Accuracy": 0.9065420560747663,
        "emission": 2.098338615019844e-05
    }
}