{
    "Nearest Neighbors": {
        "AVG-PR": 0.11042793900639448,
        "ROC-AUC": 0.5237516869095816,
        "Accuracy": 0.9112149532710281,
        "emission": 1.760598002196679e-08
    },
    "Linear SVM": {
        "AVG-PR": 0.1791687161829808,
        "ROC-AUC": 0.6322537112010796,
        "Accuracy": 0.8925233644859814,
        "emission": 1.12730235285856e-08
    },
    "RBF SVM": {
        "AVG-PR": 0.08878504672897196,
        "ROC-AUC": 0.49743589743589745,
        "Accuracy": 0.9065420560747663,
        "emission": 3.802181006654685e-08
    },
    "Gaussian Process": {
        "AVG-PR": 0.18470241023118544,
        "ROC-AUC": 0.5526315789473684,
        "Accuracy": 0.9205607476635514,
        "emission": 3.492943075207813e-06
    },
    "Decision Tree": {
        "AVG-PR": 0.2104443351369077,
        "ROC-AUC": 0.6001349527665318,
        "Accuracy": 0.9205607476635514,
        "emission": 7.283105903670165e-09
    },
    "Random Forest": {
        "AVG-PR": 0.08878504672897196,
        "ROC-AUC": 0.5,
        "Accuracy": 0.9112149532710281,
        "emission": 5.16669155905345e-07
    },
    "AdaBoost": {
        "AVG-PR": 0.19608600941606352,
        "ROC-AUC": 0.6373819163292848,
        "Accuracy": 0.9018691588785047,
        "emission": 7.32368739031483e-08
    },
    "Naive Bayes": {
        "AVG-PR": 0.19180883837730084,
        "ROC-AUC": 0.6534412955465587,
        "Accuracy": 0.8878504672897196,
        "emission": 7.559989836150835e-09
    },
    "QDA": {
        "AVG-PR": 0.09940973930152484,
        "ROC-AUC": 0.5582995951417004,
        "Accuracy": 0.2383177570093458,
        "emission": 7.919328445312013e-08
    },
    "PLS-DA": {
        "AVG-PR": 0.46432139027702307,
        "ROC-AUC": 0.8240215924426452,
        "Accuracy": 0.9252336448598131,
        "emission": 6.006487127616432e-07
    },
    "DNN": {
        "AVG-PR": 0.4535635161673016,
        "ROC-AUC": 0.8693657219973009,
        "Accuracy": 0.9112149532710281,
        "emission": 2.0754419497003e-05
    }
}