{
    "Nearest Neighbors": {
        "AVG-PR": 0.056074766355140186,
        "ROC-AUC": 0.5,
        "Accuracy": 0.9439252336448598,
        "emission": 1.6694233841086655e-08
    },
    "Linear SVM": {
        "AVG-PR": 0.09434801958166444,
        "ROC-AUC": 0.570957095709571,
        "Accuracy": 0.9299065420560748,
        "emission": 1.0858720555969557e-08
    },
    "RBF SVM": {
        "AVG-PR": 0.056074766355140186,
        "ROC-AUC": 0.5,
        "Accuracy": 0.9439252336448598,
        "emission": 3.6965523669917695e-08
    },
    "Gaussian Process": {
        "AVG-PR": 0.056074766355140186,
        "ROC-AUC": 0.4975247524752475,
        "Accuracy": 0.9392523364485982,
        "emission": 6.356595549286014e-06
    },
    "Decision Tree": {
        "AVG-PR": 0.08839563862928349,
        "ROC-AUC": 0.5684818481848185,
        "Accuracy": 0.9252336448598131,
        "emission": 9.322432069357335e-09
    },
    "Random Forest": {
        "AVG-PR": 0.056074766355140186,
        "ROC-AUC": 0.5,
        "Accuracy": 0.9439252336448598,
        "emission": 5.292958770547228e-07
    },
    "AdaBoost": {
        "AVG-PR": 0.13580607476635514,
        "ROC-AUC": 0.6126237623762376,
        "Accuracy": 0.9345794392523364,
        "emission": 7.769897968167188e-08
    },
    "Naive Bayes": {
        "AVG-PR": 0.06806853582554517,
        "ROC-AUC": 0.5317656765676567,
        "Accuracy": 0.9299065420560748,
        "emission": 6.583639950480347e-09
    },
    "QDA": {
        "AVG-PR": 0.06132083727116805,
        "ROC-AUC": 0.54496699669967,
        "Accuracy": 0.21495327102803738,
        "emission": 8.459143521270005e-08
    },
    "PLS-DA": {
        "AVG-PR": 0.22562865232238352,
        "ROC-AUC": 0.8191006600660066,
        "Accuracy": 0.9392523364485982,
        "emission": 6.229075543779141e-07
    },
    "DNN": {
        "AVG-PR": 0.24269612036158641,
        "ROC-AUC": 0.7019389438943894,
        "Accuracy": 0.9439252336448598,
        "emission": 2.0812066117655445e-05
    }
}