{
    "Nearest Neighbors": {
        "AVG-PR": 0.04672897196261682,
        "ROC-AUC": 0.5,
        "Accuracy": 0.9532710280373832,
        "emission": 2.6415388366988946e-08
    },
    "Linear SVM": {
        "AVG-PR": 0.23738317757009347,
        "ROC-AUC": 0.6,
        "Accuracy": 0.9626168224299065,
        "emission": 9.779950067634007e-09
    },
    "RBF SVM": {
        "AVG-PR": 0.04672897196261682,
        "ROC-AUC": 0.5,
        "Accuracy": 0.9532710280373832,
        "emission": 3.9908688971280885e-08
    },
    "Gaussian Process": {
        "AVG-PR": 0.04672897196261682,
        "ROC-AUC": 0.5,
        "Accuracy": 0.9532710280373832,
        "emission": 4.812904245280584e-06
    },
    "Decision Tree": {
        "AVG-PR": 0.1707165109034268,
        "ROC-AUC": 0.5975490196078431,
        "Accuracy": 0.9579439252336449,
        "emission": 8.713342016147738e-09
    },
    "Random Forest": {
        "AVG-PR": 0.04672897196261682,
        "ROC-AUC": 0.5,
        "Accuracy": 0.9532710280373832,
        "emission": 5.17850012510309e-07
    },
    "AdaBoost": {
        "AVG-PR": 0.09205607476635513,
        "ROC-AUC": 0.5475490196078432,
        "Accuracy": 0.9532710280373832,
        "emission": 7.481645182037811e-08
    },
    "Naive Bayes": {
        "AVG-PR": 0.04672897196261682,
        "ROC-AUC": 0.4950980392156863,
        "Accuracy": 0.9439252336448598,
        "emission": 6.629465373900421e-09
    },
    "QDA": {
        "AVG-PR": 0.05649717514124294,
        "ROC-AUC": 0.5906862745098039,
        "Accuracy": 0.21962616822429906,
        "emission": 8.64221717258942e-08
    },
    "PLS-DA": {
        "AVG-PR": 0.5209888301956458,
        "ROC-AUC": 0.796078431372549,
        "Accuracy": 0.9532710280373832,
        "emission": 6.245645615712292e-07
    },
    "DNN": {
        "AVG-PR": 0.3212513717550031,
        "ROC-AUC": 0.7901960784313726,
        "Accuracy": 0.9532710280373832,
        "emission": 2.2458618405242562e-05
    }
}