{
    "Nearest Neighbors": {
        "AVG-PR": 0.037383177570093455,
        "ROC-AUC": 0.5,
        "Accuracy": 0.9626168224299065,
        "emission": 1.659023171098672e-08
    },
    "Linear SVM": {
        "AVG-PR": 0.2108644859813084,
        "ROC-AUC": 0.6802184466019418,
        "Accuracy": 0.9626168224299065,
        "emission": 1.0639320409288388e-08
    },
    "RBF SVM": {
        "AVG-PR": 0.037383177570093455,
        "ROC-AUC": 0.5,
        "Accuracy": 0.9626168224299065,
        "emission": 3.541389506488348e-08
    },
    "Gaussian Process": {
        "AVG-PR": 0.09521028037383178,
        "ROC-AUC": 0.5600728155339806,
        "Accuracy": 0.9626168224299065,
        "emission": 6.544938144354136e-06
    },
    "Decision Tree": {
        "AVG-PR": 0.2108644859813084,
        "ROC-AUC": 0.6802184466019418,
        "Accuracy": 0.9626168224299065,
        "emission": 7.185747206414028e-09
    },
    "Random Forest": {
        "AVG-PR": 0.037383177570093455,
        "ROC-AUC": 0.5,
        "Accuracy": 0.9626168224299065,
        "emission": 5.221823816490296e-07
    },
    "AdaBoost": {
        "AVG-PR": 0.19470404984423675,
        "ROC-AUC": 0.6225728155339806,
        "Accuracy": 0.9672897196261683,
        "emission": 7.161538911353671e-08
    },
    "Naive Bayes": {
        "AVG-PR": 0.1530373831775701,
        "ROC-AUC": 0.6201456310679613,
        "Accuracy": 0.9626168224299065,
        "emission": 6.653571367793187e-09
    },
    "QDA": {
        "AVG-PR": 0.03742690789144885,
        "ROC-AUC": 0.5006067961165049,
        "Accuracy": 0.1542056074766355,
        "emission": 7.491383522290493e-08
    },
    "PLS-DA": {
        "AVG-PR": 0.3588909993515257,
        "ROC-AUC": 0.8024878640776698,
        "Accuracy": 0.9626168224299065,
        "emission": 6.430724833093054e-07
    },
    "DNN": {
        "AVG-PR": 0.44029269122412523,
        "ROC-AUC": 0.7211771844660193,
        "Accuracy": 0.9626168224299065,
        "emission": 2.160029314750854e-05
    }
}