{
    "Nearest Neighbors": {
        "AVG-PR": 0.29205607476635514,
        "ROC-AUC": 0.625,
        "Accuracy": 0.9579439252336449,
        "emission": 1.5551367004647735e-08
    },
    "Linear SVM": {
        "AVG-PR": 0.3303293279928794,
        "ROC-AUC": 0.7033828382838284,
        "Accuracy": 0.9579439252336449,
        "emission": 9.139607055512718e-09
    },
    "RBF SVM": {
        "AVG-PR": 0.056074766355140186,
        "ROC-AUC": 0.5,
        "Accuracy": 0.9439252336448598,
        "emission": 4.452625120834527e-08
    },
    "Gaussian Process": {
        "AVG-PR": 0.37993250259605404,
        "ROC-AUC": 0.7058580858085809,
        "Accuracy": 0.9626168224299065,
        "emission": 3.7089031026218833e-06
    },
    "Decision Tree": {
        "AVG-PR": 0.22210421976777117,
        "ROC-AUC": 0.6934818481848185,
        "Accuracy": 0.9392523364485982,
        "emission": 8.961791880036321e-09
    },
    "Random Forest": {
        "AVG-PR": 0.056074766355140186,
        "ROC-AUC": 0.5,
        "Accuracy": 0.9439252336448598,
        "emission": 5.165673212374092e-07
    },
    "AdaBoost": {
        "AVG-PR": 0.2063213914849429,
        "ROC-AUC": 0.691006600660066,
        "Accuracy": 0.9345794392523364,
        "emission": 7.56196191180386e-08
    },
    "Naive Bayes": {
        "AVG-PR": 0.4030373831775701,
        "ROC-AUC": 0.745049504950495,
        "Accuracy": 0.9626168224299065,
        "emission": 7.951589857598426e-09
    },
    "QDA": {
        "AVG-PR": 0.05568535825545171,
        "ROC-AUC": 0.4962871287128713,
        "Accuracy": 0.27102803738317754,
        "emission": 7.742455519171369e-08
    },
    "PLS-DA": {
        "AVG-PR": 0.5305234101264429,
        "ROC-AUC": 0.8325082508250825,
        "Accuracy": 0.9626168224299065,
        "emission": 6.119727978896245e-07
    },
    "DNN": {
        "AVG-PR": 0.5223971406254871,
        "ROC-AUC": 0.7929042904290429,
        "Accuracy": 0.9485981308411215,
        "emission": 2.08907018397655e-05
    }
}