{
    "Nearest Neighbors": {
        "AVG-PR": 0.22975352112676056,
        "ROC-AUC": 0.6225124378109453,
        "Accuracy": 0.9530516431924883,
        "emission": 1.6751245585993342e-08
    },
    "Linear SVM": {
        "AVG-PR": 0.20422535211267606,
        "ROC-AUC": 0.6567164179104477,
        "Accuracy": 0.9436619718309859,
        "emission": 1.0811773431072694e-08
    },
    "RBF SVM": {
        "AVG-PR": 0.056338028169014086,
        "ROC-AUC": 0.5,
        "Accuracy": 0.9436619718309859,
        "emission": 3.461851663568757e-08
    },
    "Gaussian Process": {
        "AVG-PR": 0.056338028169014086,
        "ROC-AUC": 0.5,
        "Accuracy": 0.9436619718309859,
        "emission": 3.034087584442808e-06
    },
    "Decision Tree": {
        "AVG-PR": 0.1025039123630673,
        "ROC-AUC": 0.5733830845771144,
        "Accuracy": 0.9342723004694836,
        "emission": 7.185588139265529e-09
    },
    "Random Forest": {
        "AVG-PR": 0.056338028169014086,
        "ROC-AUC": 0.5,
        "Accuracy": 0.9436619718309859,
        "emission": 5.097280215002713e-07
    },
    "AdaBoost": {
        "AVG-PR": 0.30089628681177977,
        "ROC-AUC": 0.7375621890547264,
        "Accuracy": 0.9483568075117371,
        "emission": 7.474170174276861e-08
    },
    "Naive Bayes": {
        "AVG-PR": 0.11043533930857874,
        "ROC-AUC": 0.6050995024875622,
        "Accuracy": 0.92018779342723,
        "emission": 5.839341892720214e-09
    },
    "QDA": {
        "AVG-PR": 0.05832958745380082,
        "ROC-AUC": 0.5180348258706468,
        "Accuracy": 0.1643192488262911,
        "emission": 8.205225236228694e-08
    },
    "PLS-DA": {
        "AVG-PR": 0.5725136425374074,
        "ROC-AUC": 0.8799751243781094,
        "Accuracy": 0.9577464788732394,
        "emission": 5.924574887969214e-07
    },
    "DNN": {
        "AVG-PR": 0.34414138164557345,
        "ROC-AUC": 0.7224295190713101,
        "Accuracy": 0.9436619718309859,
        "emission": 2.1276947526343276e-05
    }
}