{
    "Nearest Neighbors": {
        "AVG-PR": 0.037383177570093455,
        "ROC-AUC": 0.5,
        "Accuracy": 0.9626168224299065,
        "emission": 1.5602724417664808e-08
    },
    "Linear SVM": {
        "AVG-PR": 0.037383177570093455,
        "ROC-AUC": 0.4878640776699029,
        "Accuracy": 0.9392523364485982,
        "emission": 9.3881476601148e-09
    },
    "RBF SVM": {
        "AVG-PR": 0.037383177570093455,
        "ROC-AUC": 0.4975728155339806,
        "Accuracy": 0.9579439252336449,
        "emission": 3.509023169247971e-08
    },
    "Gaussian Process": {
        "AVG-PR": 0.037383177570093455,
        "ROC-AUC": 0.5,
        "Accuracy": 0.9626168224299065,
        "emission": 3.3142011869004204e-06
    },
    "Decision Tree": {
        "AVG-PR": 0.037383177570093455,
        "ROC-AUC": 0.4878640776699029,
        "Accuracy": 0.9392523364485982,
        "emission": 9.829866022541323e-09
    },
    "Random Forest": {
        "AVG-PR": 0.037383177570093455,
        "ROC-AUC": 0.5,
        "Accuracy": 0.9626168224299065,
        "emission": 5.087434060458978e-07
    },
    "AdaBoost": {
        "AVG-PR": 0.037383177570093455,
        "ROC-AUC": 0.4830097087378641,
        "Accuracy": 0.9299065420560748,
        "emission": 7.441960200210627e-08
    },
    "Naive Bayes": {
        "AVG-PR": 0.037383177570093455,
        "ROC-AUC": 0.47815533980582525,
        "Accuracy": 0.9205607476635514,
        "emission": 6.0372023193044555e-09
    },
    "QDA": {
        "AVG-PR": 0.0338023161316538,
        "ROC-AUC": 0.4429611650485437,
        "Accuracy": 0.1588785046728972,
        "emission": 7.920287586797317e-08
    },
    "PLS-DA": {
        "AVG-PR": 0.09589418379395388,
        "ROC-AUC": 0.7190533980582524,
        "Accuracy": 0.9579439252336449,
        "emission": 6.343967271266614e-07
    },
    "DNN": {
        "AVG-PR": 0.03572215049625624,
        "ROC-AUC": 0.44356796116504854,
        "Accuracy": 0.9626168224299065,
        "emission": 2.0727472681735756e-05
    }
}