{
    "Nearest Neighbors": {
        "AVG-PR": 0.037383177570093455,
        "ROC-AUC": 0.5,
        "Accuracy": 0.9626168224299065,
        "emission": 1.9365709524572768e-08
    },
    "Linear SVM": {
        "AVG-PR": 0.1280373831775701,
        "ROC-AUC": 0.6177184466019418,
        "Accuracy": 0.9579439252336449,
        "emission": 8.610188322907822e-09
    },
    "RBF SVM": {
        "AVG-PR": 0.037383177570093455,
        "ROC-AUC": 0.5,
        "Accuracy": 0.9626168224299065,
        "emission": 3.405613877679481e-08
    },
    "Gaussian Process": {
        "AVG-PR": 0.037383177570093455,
        "ROC-AUC": 0.5,
        "Accuracy": 0.9626168224299065,
        "emission": 3.361919658151582e-06
    },
    "Decision Tree": {
        "AVG-PR": 0.1530373831775701,
        "ROC-AUC": 0.6201456310679613,
        "Accuracy": 0.9626168224299065,
        "emission": 6.9517404399055005e-09
    },
    "Random Forest": {
        "AVG-PR": 0.037383177570093455,
        "ROC-AUC": 0.5,
        "Accuracy": 0.9626168224299065,
        "emission": 5.249458383788407e-07
    },
    "AdaBoost": {
        "AVG-PR": 0.1483644859813084,
        "ROC-AUC": 0.6729368932038835,
        "Accuracy": 0.9485981308411215,
        "emission": 7.425485402547545e-08
    },
    "Naive Bayes": {
        "AVG-PR": 0.07437694704049844,
        "ROC-AUC": 0.5576456310679612,
        "Accuracy": 0.9579439252336449,
        "emission": 5.229638597293441e-09
    },
    "QDA": {
        "AVG-PR": 0.03690973930152484,
        "ROC-AUC": 0.4933252427184466,
        "Accuracy": 0.14018691588785046,
        "emission": 7.846481223429804e-08
    },
    "PLS-DA": {
        "AVG-PR": 0.4314185585499728,
        "ROC-AUC": 0.9156553398058251,
        "Accuracy": 0.9672897196261683,
        "emission": 6.149412714979826e-07
    },
    "DNN": {
        "AVG-PR": 0.1272091597605557,
        "ROC-AUC": 0.7354368932038835,
        "Accuracy": 0.9626168224299065,
        "emission": 2.088833619556422e-05
    }
}