{
    "Nearest Neighbors": {
        "AVG-PR": 0.31011045029736617,
        "ROC-AUC": 0.6363636363636364,
        "Accuracy": 0.9626168224299065,
        "emission": 1.5841398821887312e-08
    },
    "Linear SVM": {
        "AVG-PR": 0.09218351741716227,
        "ROC-AUC": 0.5429914912673534,
        "Accuracy": 0.9485981308411215,
        "emission": 1.0455723207948708e-08
    },
    "RBF SVM": {
        "AVG-PR": 0.0514018691588785,
        "ROC-AUC": 0.5,
        "Accuracy": 0.9485981308411215,
        "emission": 3.6052214584946295e-08
    },
    "Gaussian Process": {
        "AVG-PR": 0.13763806287170774,
        "ROC-AUC": 0.5454545454545454,
        "Accuracy": 0.9532710280373832,
        "emission": 4.640368984422612e-06
    },
    "Decision Tree": {
        "AVG-PR": 0.13296516567544606,
        "ROC-AUC": 0.5859829825347067,
        "Accuracy": 0.9485981308411215,
        "emission": 7.769327471800695e-09
    },
    "Random Forest": {
        "AVG-PR": 0.0514018691588785,
        "ROC-AUC": 0.5,
        "Accuracy": 0.9485981308411215,
        "emission": 5.158238348035402e-07
    },
    "AdaBoost": {
        "AVG-PR": 0.17374681393372982,
        "ROC-AUC": 0.6289744738020601,
        "Accuracy": 0.9485981308411215,
        "emission": 7.322233347589553e-08
    },
    "Naive Bayes": {
        "AVG-PR": 0.2145284621920136,
        "ROC-AUC": 0.6719659650694134,
        "Accuracy": 0.9485981308411215,
        "emission": 7.338844332601752e-09
    },
    "QDA": {
        "AVG-PR": 0.06043956043956044,
        "ROC-AUC": 0.5788177339901478,
        "Accuracy": 0.20093457943925233,
        "emission": 8.531446851911214e-08
    },
    "PLS-DA": {
        "AVG-PR": 0.7065518475796071,
        "ROC-AUC": 0.8696820420958351,
        "Accuracy": 0.9626168224299065,
        "emission": 6.295774984093062e-07
    },
    "DNN": {
        "AVG-PR": 0.6685806730375036,
        "ROC-AUC": 0.8549037169726824,
        "Accuracy": 0.9485981308411215,
        "emission": 2.0778073227905432e-05
    }
}