{
    "Nearest Neighbors": {
        "AVG-PR": 0.03755868544600939,
        "ROC-AUC": 0.4975609756097561,
        "Accuracy": 0.9577464788732394,
        "emission": 1.5028678285704006e-08
    },
    "Linear SVM": {
        "AVG-PR": 0.03755868544600939,
        "ROC-AUC": 0.47560975609756095,
        "Accuracy": 0.9154929577464789,
        "emission": 9.32501267413377e-09
    },
    "RBF SVM": {
        "AVG-PR": 0.03755868544600939,
        "ROC-AUC": 0.5,
        "Accuracy": 0.9624413145539906,
        "emission": 3.532869247546944e-08
    },
    "Gaussian Process": {
        "AVG-PR": 0.03755868544600939,
        "ROC-AUC": 0.5,
        "Accuracy": 0.9624413145539906,
        "emission": 2.8653677364124093e-06
    },
    "Decision Tree": {
        "AVG-PR": 0.03755868544600939,
        "ROC-AUC": 0.4926829268292683,
        "Accuracy": 0.9483568075117371,
        "emission": 6.9378246681443525e-09
    },
    "Random Forest": {
        "AVG-PR": 0.03755868544600939,
        "ROC-AUC": 0.5,
        "Accuracy": 0.9624413145539906,
        "emission": 5.241942711580781e-07
    },
    "AdaBoost": {
        "AVG-PR": 0.03755868544600939,
        "ROC-AUC": 0.46829268292682924,
        "Accuracy": 0.9014084507042254,
        "emission": 7.550173183267348e-08
    },
    "Naive Bayes": {
        "AVG-PR": 0.03755868544600939,
        "ROC-AUC": 0.4878048780487805,
        "Accuracy": 0.9389671361502347,
        "emission": 5.5376469343540885e-09
    },
    "QDA": {
        "AVG-PR": 0.0427807486631016,
        "ROC-AUC": 0.5634146341463415,
        "Accuracy": 0.1596244131455399,
        "emission": 8.661086050480898e-08
    },
    "PLS-DA": {
        "AVG-PR": 0.0648925267374236,
        "ROC-AUC": 0.5975609756097561,
        "Accuracy": 0.9436619718309859,
        "emission": 6.339229679549708e-07
    },
    "DNN": {
        "AVG-PR": 0.06392960006732962,
        "ROC-AUC": 0.573780487804878,
        "Accuracy": 0.9624413145539906,
        "emission": 2.080671555454401e-05
    }
}