{
    "Nearest Neighbors": {
        "AVG-PR": 0.33967512238540276,
        "ROC-AUC": 0.6760714285714285,
        "Accuracy": 0.9532710280373832,
        "emission": 1.574811190671758e-08
    },
    "Linear SVM": {
        "AVG-PR": 0.24046877317905357,
        "ROC-AUC": 0.6685714285714286,
        "Accuracy": 0.9392523364485982,
        "emission": 1.1298574911891447e-08
    },
    "RBF SVM": {
        "AVG-PR": 0.13217623497997327,
        "ROC-AUC": 0.5357142857142857,
        "Accuracy": 0.9392523364485982,
        "emission": 3.621484016478176e-08
    },
    "Gaussian Process": {
        "AVG-PR": 0.06542056074766354,
        "ROC-AUC": 0.5,
        "Accuracy": 0.9345794392523364,
        "emission": 2.5480576220020134e-06
    },
    "Decision Tree": {
        "AVG-PR": 0.26527036048064084,
        "ROC-AUC": 0.6710714285714285,
        "Accuracy": 0.9439252336448598,
        "emission": 8.6926278896344e-09
    },
    "Random Forest": {
        "AVG-PR": 0.06542056074766354,
        "ROC-AUC": 0.5,
        "Accuracy": 0.9345794392523364,
        "emission": 5.259373095982526e-07
    },
    "AdaBoost": {
        "AVG-PR": 0.35881174899866486,
        "ROC-AUC": 0.7092857142857143,
        "Accuracy": 0.9532710280373832,
        "emission": 7.496854795994767e-08
    },
    "Naive Bayes": {
        "AVG-PR": 0.5327102803738317,
        "ROC-AUC": 0.75,
        "Accuracy": 0.9672897196261683,
        "emission": 7.664422517554987e-09
    },
    "QDA": {
        "AVG-PR": 0.068121304596605,
        "ROC-AUC": 0.5210714285714286,
        "Accuracy": 0.22897196261682243,
        "emission": 8.489065504205743e-08
    },
    "PLS-DA": {
        "AVG-PR": 0.6007414425121296,
        "ROC-AUC": 0.8246428571428571,
        "Accuracy": 0.9579439252336449,
        "emission": 6.312220611620805e-07
    },
    "DNN": {
        "AVG-PR": 0.6378569315420809,
        "ROC-AUC": 0.8221428571428571,
        "Accuracy": 0.9579439252336449,
        "emission": 2.116707730324957e-05
    }
}