{
    "Nearest Neighbors": {
        "AVG-PR": 0.2960417811984607,
        "ROC-AUC": 0.6176470588235294,
        "Accuracy": 0.9392523364485982,
        "emission": 1.7267075864009045e-08
    },
    "Linear SVM": {
        "AVG-PR": 0.4003573391973612,
        "ROC-AUC": 0.7788892206628845,
        "Accuracy": 0.9392523364485982,
        "emission": 1.0974374813693886e-08
    },
    "RBF SVM": {
        "AVG-PR": 0.13358988455195162,
        "ROC-AUC": 0.5294117647058824,
        "Accuracy": 0.9252336448598131,
        "emission": 3.8734576778050875e-08
    },
    "Gaussian Process": {
        "AVG-PR": 0.35392287756223983,
        "ROC-AUC": 0.6739325171693044,
        "Accuracy": 0.9439252336448598,
        "emission": 6.597208872512631e-06
    },
    "Decision Tree": {
        "AVG-PR": 0.48519896815663727,
        "ROC-AUC": 0.7865034338608541,
        "Accuracy": 0.9532710280373832,
        "emission": 6.976732071140324e-09
    },
    "Random Forest": {
        "AVG-PR": 0.0794392523364486,
        "ROC-AUC": 0.5,
        "Accuracy": 0.9205607476635514,
        "emission": 5.19491550936065e-07
    },
    "AdaBoost": {
        "AVG-PR": 0.5216343821750801,
        "ROC-AUC": 0.8402508211406391,
        "Accuracy": 0.9532710280373832,
        "emission": 7.582830522319055e-08
    },
    "Naive Bayes": {
        "AVG-PR": 0.21947345916559768,
        "ROC-AUC": 0.6369065392654524,
        "Accuracy": 0.9252336448598131,
        "emission": 5.940279372647498e-09
    },
    "QDA": {
        "AVG-PR": 0.09941520467836257,
        "ROC-AUC": 0.6091370558375635,
        "Accuracy": 0.2803738317757009,
        "emission": 8.643527069043442e-08
    },
    "PLS-DA": {
        "AVG-PR": 0.7914239733884842,
        "ROC-AUC": 0.9117647058823529,
        "Accuracy": 0.9672897196261683,
        "emission": 6.105697325544341e-07
    },
    "DNN": {
        "AVG-PR": 0.6937544074634763,
        "ROC-AUC": 0.8968348760824125,
        "Accuracy": 0.9345794392523364,
        "emission": 2.027913221337071e-05
    }
}