{
    "Nearest Neighbors": {
        "AVG-PR": 0.15771028037383178,
        "ROC-AUC": 0.5625,
        "Accuracy": 0.9672897196261683,
        "emission": 1.5734413435276464e-08
    },
    "Linear SVM": {
        "AVG-PR": 0.6522029372496662,
        "ROC-AUC": 0.8725728155339806,
        "Accuracy": 0.985981308411215,
        "emission": 8.884885072568718e-09
    },
    "RBF SVM": {
        "AVG-PR": 0.037383177570093455,
        "ROC-AUC": 0.5,
        "Accuracy": 0.9626168224299065,
        "emission": 3.3970925200433386e-08
    },
    "Gaussian Process": {
        "AVG-PR": 0.5186915887850467,
        "ROC-AUC": 0.75,
        "Accuracy": 0.9813084112149533,
        "emission": 4.8380021610393944e-06
    },
    "Decision Tree": {
        "AVG-PR": 0.35202492211838005,
        "ROC-AUC": 0.7451456310679612,
        "Accuracy": 0.9719626168224299,
        "emission": 6.678616206238535e-09
    },
    "Random Forest": {
        "AVG-PR": 0.037383177570093455,
        "ROC-AUC": 0.5,
        "Accuracy": 0.9626168224299065,
        "emission": 4.995956406090077e-07
    },
    "AdaBoost": {
        "AVG-PR": 0.40464369158878505,
        "ROC-AUC": 0.8052184466019418,
        "Accuracy": 0.9719626168224299,
        "emission": 7.140761907329448e-08
    },
    "Naive Bayes": {
        "AVG-PR": 0.1840787716955941,
        "ROC-AUC": 0.6777912621359223,
        "Accuracy": 0.9579439252336449,
        "emission": 5.4601243363245676e-09
    },
    "QDA": {
        "AVG-PR": 0.044444444444444446,
        "ROC-AUC": 0.5825242718446602,
        "Accuracy": 0.19626168224299065,
        "emission": 8.523462626402229e-08
    },
    "PLS-DA": {
        "AVG-PR": 0.777695988222304,
        "ROC-AUC": 0.9787621359223301,
        "Accuracy": 0.9813084112149533,
        "emission": 5.911761229850819e-07
    },
    "DNN": {
        "AVG-PR": 0.7370175438596491,
        "ROC-AUC": 0.9271844660194175,
        "Accuracy": 0.9626168224299065,
        "emission": 2.0175253914630152e-05
    }
}