{
    "Nearest Neighbors": {
        "AVG-PR": 0.037383177570093455,
        "ROC-AUC": 0.5,
        "Accuracy": 0.9626168224299065,
        "emission": 1.7483672516639538e-08
    },
    "Linear SVM": {
        "AVG-PR": 0.037383177570093455,
        "ROC-AUC": 0.47815533980582525,
        "Accuracy": 0.9205607476635514,
        "emission": 9.232350715985562e-09
    },
    "RBF SVM": {
        "AVG-PR": 0.037383177570093455,
        "ROC-AUC": 0.5,
        "Accuracy": 0.9626168224299065,
        "emission": 3.859233346705005e-08
    },
    "Gaussian Process": {
        "AVG-PR": 0.037383177570093455,
        "ROC-AUC": 0.5,
        "Accuracy": 0.9626168224299065,
        "emission": 5.149702832693195e-06
    },
    "Decision Tree": {
        "AVG-PR": 0.037383177570093455,
        "ROC-AUC": 0.4975728155339806,
        "Accuracy": 0.9579439252336449,
        "emission": 7.180368826678972e-09
    },
    "Random Forest": {
        "AVG-PR": 0.037383177570093455,
        "ROC-AUC": 0.5,
        "Accuracy": 0.9626168224299065,
        "emission": 4.977629093982225e-07
    },
    "AdaBoost": {
        "AVG-PR": 0.037383177570093455,
        "ROC-AUC": 0.4854368932038835,
        "Accuracy": 0.9345794392523364,
        "emission": 7.48110426546888e-08
    },
    "Naive Bayes": {
        "AVG-PR": 0.037383177570093455,
        "ROC-AUC": 0.4975728155339806,
        "Accuracy": 0.9579439252336449,
        "emission": 7.156519815938506e-09
    },
    "QDA": {
        "AVG-PR": 0.03814284255145294,
        "ROC-AUC": 0.5103155339805826,
        "Accuracy": 0.17289719626168223,
        "emission": 8.817182509614085e-08
    },
    "PLS-DA": {
        "AVG-PR": 0.08814039142745882,
        "ROC-AUC": 0.7132888349514562,
        "Accuracy": 0.9579439252336449,
        "emission": 6.128722871342215e-07
    },
    "DNN": {
        "AVG-PR": 0.058030759396255904,
        "ROC-AUC": 0.6253033980582525,
        "Accuracy": 0.9626168224299065,
        "emission": 2.085689895440974e-05
    }
}