{
    "Nearest Neighbors": {
        "AVG-PR": 0.09225352112676057,
        "ROC-AUC": 0.5475369458128079,
        "Accuracy": 0.9530516431924883,
        "emission": 1.5290167388613376e-08
    },
    "Linear SVM": {
        "AVG-PR": 0.2734741784037559,
        "ROC-AUC": 0.7376847290640395,
        "Accuracy": 0.9530516431924883,
        "emission": 1.1015832522258645e-08
    },
    "RBF SVM": {
        "AVG-PR": 0.046948356807511735,
        "ROC-AUC": 0.4975369458128079,
        "Accuracy": 0.9483568075117371,
        "emission": 3.738909451238523e-08
    },
    "Gaussian Process": {
        "AVG-PR": 0.046948356807511735,
        "ROC-AUC": 0.5,
        "Accuracy": 0.9530516431924883,
        "emission": 7.680590039254939e-06
    },
    "Decision Tree": {
        "AVG-PR": 0.2128638497652582,
        "ROC-AUC": 0.6450738916256158,
        "Accuracy": 0.9577464788732394,
        "emission": 7.0422179709114546e-09
    },
    "Random Forest": {
        "AVG-PR": 0.046948356807511735,
        "ROC-AUC": 0.5,
        "Accuracy": 0.9530516431924883,
        "emission": 5.133423167127224e-07
    },
    "AdaBoost": {
        "AVG-PR": 0.2734741784037559,
        "ROC-AUC": 0.7376847290640395,
        "Accuracy": 0.9530516431924883,
        "emission": 7.262324607162519e-08
    },
    "Naive Bayes": {
        "AVG-PR": 0.08200312989045383,
        "ROC-AUC": 0.5827586206896552,
        "Accuracy": 0.9295774647887324,
        "emission": 5.684656560473102e-09
    },
    "QDA": {
        "AVG-PR": 0.044554506526337516,
        "ROC-AUC": 0.4714285714285715,
        "Accuracy": 0.17370892018779344,
        "emission": 8.852747086339472e-08
    },
    "PLS-DA": {
        "AVG-PR": 0.49749866457165715,
        "ROC-AUC": 0.8098522167487685,
        "Accuracy": 0.9577464788732394,
        "emission": 5.941407925966007e-07
    },
    "DNN": {
        "AVG-PR": 0.24869280900587615,
        "ROC-AUC": 0.7990147783251231,
        "Accuracy": 0.9530516431924883,
        "emission": 2.040084865560673e-05
    }
}