{
    "Nearest Neighbors": {
        "AVG-PR": 0.22387425658453697,
        "ROC-AUC": 0.5909090909090909,
        "Accuracy": 0.9579439252336449,
        "emission": 1.593244900556547e-08
    },
    "Linear SVM": {
        "AVG-PR": 0.35626468089359786,
        "ROC-AUC": 0.8414688759516346,
        "Accuracy": 0.9439252336448598,
        "emission": 1.0994531496383907e-08
    },
    "RBF SVM": {
        "AVG-PR": 0.0514018691588785,
        "ROC-AUC": 0.5,
        "Accuracy": 0.9485981308411215,
        "emission": 3.72454100803166e-08
    },
    "Gaussian Process": {
        "AVG-PR": 0.0514018691588785,
        "ROC-AUC": 0.5,
        "Accuracy": 0.9485981308411215,
        "emission": 2.2767764052394793e-06
    },
    "Decision Tree": {
        "AVG-PR": 0.4908969535137759,
        "ROC-AUC": 0.7702642185400806,
        "Accuracy": 0.9719626168224299,
        "emission": 8.422280017184097e-09
    },
    "Random Forest": {
        "AVG-PR": 0.0514018691588785,
        "ROC-AUC": 0.5,
        "Accuracy": 0.9485981308411215,
        "emission": 5.052332938779209e-07
    },
    "AdaBoost": {
        "AVG-PR": 0.4988671764372699,
        "ROC-AUC": 0.8537841468875952,
        "Accuracy": 0.9672897196261683,
        "emission": 9.293203640142483e-08
    },
    "Naive Bayes": {
        "AVG-PR": 0.09400412671440708,
        "ROC-AUC": 0.5785938199731304,
        "Accuracy": 0.9345794392523364,
        "emission": 6.036221545145223e-09
    },
    "QDA": {
        "AVG-PR": 0.04581203485753815,
        "ROC-AUC": 0.432601880877743,
        "Accuracy": 0.16822429906542055,
        "emission": 1.0072569102186895e-07
    },
    "PLS-DA": {
        "AVG-PR": 0.602924337001235,
        "ROC-AUC": 0.8978952082400358,
        "Accuracy": 0.9532710280373832,
        "emission": 6.12127379287229e-07
    },
    "DNN": {
        "AVG-PR": 0.4745849984360699,
        "ROC-AUC": 0.8625167935512763,
        "Accuracy": 0.9626168224299065,
        "emission": 2.1792451654888817e-05
    }
}