{
    "Nearest Neighbors": {
        "AVG-PR": 0.11489829576690488,
        "ROC-AUC": 0.5921717171717172,
        "Accuracy": 0.883177570093458,
        "emission": 1.766178672497393e-08
    },
    "Linear SVM": {
        "AVG-PR": 0.08327770360480641,
        "ROC-AUC": 0.5321969696969697,
        "Accuracy": 0.8785046728971962,
        "emission": 1.2920778765787157e-08
    },
    "RBF SVM": {
        "AVG-PR": 0.07476635514018691,
        "ROC-AUC": 0.5,
        "Accuracy": 0.9252336448598131,
        "emission": 3.7859436670711004e-08
    },
    "Gaussian Process": {
        "AVG-PR": 0.07476635514018691,
        "ROC-AUC": 0.5,
        "Accuracy": 0.9252336448598131,
        "emission": 3.960970599526873e-06
    },
    "Decision Tree": {
        "AVG-PR": 0.08571845794392523,
        "ROC-AUC": 0.5236742424242424,
        "Accuracy": 0.9158878504672897,
        "emission": 7.814821946329788e-09
    },
    "Random Forest": {
        "AVG-PR": 0.07476635514018691,
        "ROC-AUC": 0.5,
        "Accuracy": 0.9252336448598131,
        "emission": 5.251776929887915e-07
    },
    "AdaBoost": {
        "AVG-PR": 0.1275033377837116,
        "ROC-AUC": 0.5997474747474747,
        "Accuracy": 0.897196261682243,
        "emission": 7.551783984858296e-08
    },
    "Naive Bayes": {
        "AVG-PR": 0.11542056074766355,
        "ROC-AUC": 0.5549242424242424,
        "Accuracy": 0.9205607476635514,
        "emission": 6.544395330005146e-09
    },
    "QDA": {
        "AVG-PR": 0.0855614973262032,
        "ROC-AUC": 0.5681818181818181,
        "Accuracy": 0.20093457943925233,
        "emission": 7.65372784210578e-08
    },
    "PLS-DA": {
        "AVG-PR": 0.2330092053046123,
        "ROC-AUC": 0.7525252525252526,
        "Accuracy": 0.9018691588785047,
        "emission": 6.086780809402963e-07
    },
    "DNN": {
        "AVG-PR": 0.34738746098468715,
        "ROC-AUC": 0.7515782828282829,
        "Accuracy": 0.9252336448598131,
        "emission": 2.1351915286323132e-05
    }
}