{
    "Nearest Neighbors": {
        "AVG-PR": 0.0514018691588785,
        "ROC-AUC": 0.49507389162561577,
        "Accuracy": 0.9392523364485982,
        "emission": 1.4195221989196027e-08
    },
    "Linear SVM": {
        "AVG-PR": 0.09218351741716227,
        "ROC-AUC": 0.5429914912673534,
        "Accuracy": 0.9485981308411215,
        "emission": 9.511613440017592e-09
    },
    "RBF SVM": {
        "AVG-PR": 0.13763806287170774,
        "ROC-AUC": 0.5454545454545454,
        "Accuracy": 0.9532710280373832,
        "emission": 3.4207295167543886e-08
    },
    "Gaussian Process": {
        "AVG-PR": 0.0514018691588785,
        "ROC-AUC": 0.4975369458128079,
        "Accuracy": 0.9439252336448598,
        "emission": 5.836055925710567e-06
    },
    "Decision Tree": {
        "AVG-PR": 0.064910790144435,
        "ROC-AUC": 0.535602328705777,
        "Accuracy": 0.9345794392523364,
        "emission": 8.5804056154169e-09
    },
    "Random Forest": {
        "AVG-PR": 0.0514018691588785,
        "ROC-AUC": 0.5,
        "Accuracy": 0.9485981308411215,
        "emission": 5.19167205222096e-07
    },
    "AdaBoost": {
        "AVG-PR": 0.16494168533250947,
        "ROC-AUC": 0.6645768025078371,
        "Accuracy": 0.9345794392523364,
        "emission": 7.38415672722283e-08
    },
    "Naive Bayes": {
        "AVG-PR": 0.06188048711413197,
        "ROC-AUC": 0.5331392745185849,
        "Accuracy": 0.9299065420560748,
        "emission": 7.597974860086539e-09
    },
    "QDA": {
        "AVG-PR": 0.06358381502890173,
        "ROC-AUC": 0.6009852216748768,
        "Accuracy": 0.24299065420560748,
        "emission": 7.66278077656615e-08
    },
    "PLS-DA": {
        "AVG-PR": 0.1281617183491084,
        "ROC-AUC": 0.6408419167039857,
        "Accuracy": 0.9345794392523364,
        "emission": 6.162223275727904e-07
    },
    "DNN": {
        "AVG-PR": 0.14959971795244603,
        "ROC-AUC": 0.6739811912225705,
        "Accuracy": 0.9485981308411215,
        "emission": 2.1153210635792963e-05
    }
}