{
    "Nearest Neighbors": {
        "AVG-PR": 0.20512865984500522,
        "ROC-AUC": 0.5855808214348669,
        "Accuracy": 0.8411214953271028,
        "emission": 1.6235106802924507e-08
    },
    "Linear SVM": {
        "AVG-PR": 0.24358201340414182,
        "ROC-AUC": 0.6364357482813328,
        "Accuracy": 0.8364485981308412,
        "emission": 1.4333580350955067e-08
    },
    "RBF SVM": {
        "AVG-PR": 0.14485981308411214,
        "ROC-AUC": 0.5,
        "Accuracy": 0.8551401869158879,
        "emission": 3.4350414000833586e-08
    },
    "Gaussian Process": {
        "AVG-PR": 0.19068435333132347,
        "ROC-AUC": 0.5535871672836241,
        "Accuracy": 0.8551401869158879,
        "emission": 4.011643233319168e-06
    },
    "Decision Tree": {
        "AVG-PR": 0.23373762204030518,
        "ROC-AUC": 0.5965097831835008,
        "Accuracy": 0.8598130841121495,
        "emission": 1.0009364713364525e-08
    },
    "Random Forest": {
        "AVG-PR": 0.14485981308411214,
        "ROC-AUC": 0.5,
        "Accuracy": 0.8551401869158879,
        "emission": 5.44861446531474e-07
    },
    "AdaBoost": {
        "AVG-PR": 0.2886192342478143,
        "ROC-AUC": 0.6528291909042835,
        "Accuracy": 0.8644859813084113,
        "emission": 7.877023137104469e-08
    },
    "Naive Bayes": {
        "AVG-PR": 0.1787760024118179,
        "ROC-AUC": 0.579323109465891,
        "Accuracy": 0.7616822429906542,
        "emission": 7.18023201837691e-09
    },
    "QDA": {
        "AVG-PR": 0.16596321977690684,
        "ROC-AUC": 0.574034902168165,
        "Accuracy": 0.29439252336448596,
        "emission": 7.434976992508736e-08
    },
    "PLS-DA": {
        "AVG-PR": 0.44050230277459557,
        "ROC-AUC": 0.8130618720253834,
        "Accuracy": 0.8785046728971962,
        "emission": 6.58366394130849e-07
    },
    "DNN": {
        "AVG-PR": 0.525497382238358,
        "ROC-AUC": 0.7968447029790233,
        "Accuracy": 0.8785046728971962,
        "emission": 2.1753856197503253e-05
    }
}