{
    "Nearest Neighbors": {
        "AVG-PR": 0.19225352112676056,
        "ROC-AUC": 0.6200248756218906,
        "Accuracy": 0.9483568075117371,
        "emission": 1.651214321797947e-08
    },
    "Linear SVM": {
        "AVG-PR": 0.2643453312467397,
        "ROC-AUC": 0.6983830845771145,
        "Accuracy": 0.9483568075117371,
        "emission": 1.1335579016090218e-08
    },
    "RBF SVM": {
        "AVG-PR": 0.056338028169014086,
        "ROC-AUC": 0.5,
        "Accuracy": 0.9436619718309859,
        "emission": 3.9322179887189324e-08
    },
    "Gaussian Process": {
        "AVG-PR": 0.13497652582159625,
        "ROC-AUC": 0.5416666666666666,
        "Accuracy": 0.9483568075117371,
        "emission": 6.24530835332213e-06
    },
    "Decision Tree": {
        "AVG-PR": 0.2597809076682316,
        "ROC-AUC": 0.6616915422885572,
        "Accuracy": 0.9530516431924883,
        "emission": 8.777325643979252e-09
    },
    "Random Forest": {
        "AVG-PR": 0.056338028169014086,
        "ROC-AUC": 0.5,
        "Accuracy": 0.9436619718309859,
        "emission": 5.218540472351521e-07
    },
    "AdaBoost": {
        "AVG-PR": 0.18167337357478203,
        "ROC-AUC": 0.6859452736318408,
        "Accuracy": 0.9248826291079812,
        "emission": 7.637762772234597e-08
    },
    "Naive Bayes": {
        "AVG-PR": 0.13279678068410464,
        "ROC-AUC": 0.6417910447761194,
        "Accuracy": 0.9154929577464789,
        "emission": 6.5092833349271735e-09
    },
    "QDA": {
        "AVG-PR": 0.06198650234741784,
        "ROC-AUC": 0.5478855721393034,
        "Accuracy": 0.22065727699530516,
        "emission": 7.601465195345404e-08
    },
    "PLS-DA": {
        "AVG-PR": 0.3695938686415864,
        "ROC-AUC": 0.654228855721393,
        "Accuracy": 0.9483568075117371,
        "emission": 6.212440660936719e-07
    },
    "DNN": {
        "AVG-PR": 0.28385313906815834,
        "ROC-AUC": 0.8308457711442786,
        "Accuracy": 0.9436619718309859,
        "emission": 2.1220913168076417e-05
    }
}