{
    "Nearest Neighbors": {
        "AVG-PR": 0.1710261569416499,
        "ROC-AUC": 0.5714285714285714,
        "Accuracy": 0.971830985915493,
        "emission": 1.556118614735645e-08
    },
    "Linear SVM": {
        "AVG-PR": 0.16633132126089872,
        "ROC-AUC": 0.638002773925104,
        "Accuracy": 0.9671361502347418,
        "emission": 1.0040845916509049e-08
    },
    "RBF SVM": {
        "AVG-PR": 0.03286384976525822,
        "ROC-AUC": 0.5,
        "Accuracy": 0.9671361502347418,
        "emission": 3.5178471470468086e-08
    },
    "Gaussian Process": {
        "AVG-PR": 0.13775989268947014,
        "ROC-AUC": 0.6355755894590845,
        "Accuracy": 0.9624413145539906,
        "emission": 1.0855701156239877e-06
    },
    "Decision Tree": {
        "AVG-PR": 0.16633132126089872,
        "ROC-AUC": 0.638002773925104,
        "Accuracy": 0.9671361502347418,
        "emission": 1.1152925976158026e-08
    },
    "Random Forest": {
        "AVG-PR": 0.03286384976525822,
        "ROC-AUC": 0.5,
        "Accuracy": 0.9671361502347418,
        "emission": 6.405271053936299e-07
    },
    "AdaBoost": {
        "AVG-PR": 0.05674044265593561,
        "ROC-AUC": 0.5617198335644937,
        "Accuracy": 0.9530516431924883,
        "emission": 9.164302934146447e-08
    },
    "Naive Bayes": {
        "AVG-PR": 0.08061703554661301,
        "ROC-AUC": 0.6234396671289875,
        "Accuracy": 0.9389671361502347,
        "emission": 7.185650528387448e-09
    },
    "QDA": {
        "AVG-PR": 0.03442233361634159,
        "ROC-AUC": 0.5232316227461858,
        "Accuracy": 0.2112676056338028,
        "emission": 8.016412369127157e-08
    },
    "PLS-DA": {
        "AVG-PR": 0.3099913817302805,
        "ROC-AUC": 0.5110957004160888,
        "Accuracy": 0.971830985915493,
        "emission": 6.61281069918605e-07
    },
    "DNN": {
        "AVG-PR": 0.32811929164420567,
        "ROC-AUC": 0.6213592233009708,
        "Accuracy": 0.9671361502347418,
        "emission": 2.1252175581670557e-05
    }
}