{
    "Nearest Neighbors": {
        "AVG-PR": 0.037383177570093455,
        "ROC-AUC": 0.5,
        "Accuracy": 0.9626168224299065,
        "emission": 2.0017219994815752e-08
    },
    "Linear SVM": {
        "AVG-PR": 0.1840787716955941,
        "ROC-AUC": 0.6777912621359223,
        "Accuracy": 0.9579439252336449,
        "emission": 9.631945613163334e-09
    },
    "RBF SVM": {
        "AVG-PR": 0.15771028037383178,
        "ROC-AUC": 0.5625,
        "Accuracy": 0.9672897196261683,
        "emission": 4.086185573415351e-08
    },
    "Gaussian Process": {
        "AVG-PR": 0.19470404984423675,
        "ROC-AUC": 0.6225728155339806,
        "Accuracy": 0.9672897196261683,
        "emission": 4.840804705950721e-06
    },
    "Decision Tree": {
        "AVG-PR": 0.2108644859813084,
        "ROC-AUC": 0.6802184466019418,
        "Accuracy": 0.9626168224299065,
        "emission": 7.355398235390401e-09
    },
    "Random Forest": {
        "AVG-PR": 0.037383177570093455,
        "ROC-AUC": 0.5,
        "Accuracy": 0.9626168224299065,
        "emission": 5.307297768849447e-07
    },
    "AdaBoost": {
        "AVG-PR": 0.2108644859813084,
        "ROC-AUC": 0.6802184466019418,
        "Accuracy": 0.9626168224299065,
        "emission": 7.697515167590158e-08
    },
    "Naive Bayes": {
        "AVG-PR": 0.0905373831775701,
        "ROC-AUC": 0.6104368932038835,
        "Accuracy": 0.9439252336448598,
        "emission": 5.9387545092558894e-09
    },
    "QDA": {
        "AVG-PR": 0.03851267620178654,
        "ROC-AUC": 0.5151699029126213,
        "Accuracy": 0.1822429906542056,
        "emission": 8.546461974317419e-08
    },
    "PLS-DA": {
        "AVG-PR": 0.3667899877337878,
        "ROC-AUC": 0.7475728155339805,
        "Accuracy": 0.9626168224299065,
        "emission": 6.2331736455838e-07
    },
    "DNN": {
        "AVG-PR": 0.41073395186341477,
        "ROC-AUC": 0.8683252427184466,
        "Accuracy": 0.9626168224299065,
        "emission": 2.1077464329981967e-05
    }
}