{
    "Nearest Neighbors": {
        "AVG-PR": 0.5736166740839638,
        "ROC-AUC": 0.7804166666666666,
        "Accuracy": 0.8177570093457944,
        "emission": 1.5193095835830797e-08
    },
    "Linear SVM": {
        "AVG-PR": 0.6089137368342976,
        "ROC-AUC": 0.8027083333333334,
        "Accuracy": 0.8364485981308412,
        "emission": 2.027569125766407e-08
    },
    "RBF SVM": {
        "AVG-PR": 0.30220502336448596,
        "ROC-AUC": 0.5044791666666666,
        "Accuracy": 0.7009345794392523,
        "emission": 4.122008022214909e-08
    },
    "Gaussian Process": {
        "AVG-PR": 0.674513935246996,
        "ROC-AUC": 0.8260416666666667,
        "Accuracy": 0.8691588785046729,
        "emission": 3.564133769254894e-06
    },
    "Decision Tree": {
        "AVG-PR": 0.5328499593661113,
        "ROC-AUC": 0.7256250000000001,
        "Accuracy": 0.8037383177570093,
        "emission": 7.016789670437219e-09
    },
    "Random Forest": {
        "AVG-PR": 0.29906542056074764,
        "ROC-AUC": 0.5,
        "Accuracy": 0.7009345794392523,
        "emission": 4.989159374183049e-07
    },
    "AdaBoost": {
        "AVG-PR": 0.5893595832694959,
        "ROC-AUC": 0.7870833333333334,
        "Accuracy": 0.8271028037383178,
        "emission": 8.493083720591989e-08
    },
    "Naive Bayes": {
        "AVG-PR": 0.4654591538718291,
        "ROC-AUC": 0.7215625,
        "Accuracy": 0.7289719626168224,
        "emission": 5.872882015080972e-09
    },
    "QDA": {
        "AVG-PR": 0.34868195258461376,
        "ROC-AUC": 0.6010416666666667,
        "Accuracy": 0.4532710280373832,
        "emission": 9.627534582789044e-08
    },
    "PLS-DA": {
        "AVG-PR": 0.7928317336947992,
        "ROC-AUC": 0.8494791666666668,
        "Accuracy": 0.8411214953271028,
        "emission": 6.137989413020972e-07
    },
    "DNN": {
        "AVG-PR": 0.7891781349161301,
        "ROC-AUC": 0.8582291666666667,
        "Accuracy": 0.8457943925233645,
        "emission": 2.0628929372561676e-05
    }
}