{
    "Nearest Neighbors": {
        "AVG-PR": 0.5099829747717072,
        "ROC-AUC": 0.7688603531300161,
        "Accuracy": 0.9014084507042254,
        "emission": 2.6808570470099147e-08
    },
    "Linear SVM": {
        "AVG-PR": 0.5601475519785379,
        "ROC-AUC": 0.8089085072231139,
        "Accuracy": 0.9107981220657277,
        "emission": 1.4087801051096114e-08
    },
    "RBF SVM": {
        "AVG-PR": 0.1739101274312542,
        "ROC-AUC": 0.5114767255216693,
        "Accuracy": 0.8356807511737089,
        "emission": 4.0427747049474505e-08
    },
    "Gaussian Process": {
        "AVG-PR": 0.5908316566063044,
        "ROC-AUC": 0.7686195826645263,
        "Accuracy": 0.92018779342723,
        "emission": 4.322969728863505e-06
    },
    "Decision Tree": {
        "AVG-PR": 0.40507209926224014,
        "ROC-AUC": 0.6772873194221508,
        "Accuracy": 0.8826291079812206,
        "emission": 8.563658535473354e-09
    },
    "Random Forest": {
        "AVG-PR": 0.1643192488262911,
        "ROC-AUC": 0.5,
        "Accuracy": 0.8356807511737089,
        "emission": 5.146717035657702e-07
    },
    "AdaBoost": {
        "AVG-PR": 0.5157276995305164,
        "ROC-AUC": 0.7803370786516854,
        "Accuracy": 0.9014084507042254,
        "emission": 7.590854807447868e-08
    },
    "Naive Bayes": {
        "AVG-PR": 0.37531857813547953,
        "ROC-AUC": 0.7524879614767256,
        "Accuracy": 0.8356807511737089,
        "emission": 5.9434015625918425e-09
    },
    "QDA": {
        "AVG-PR": 0.2229299363057325,
        "ROC-AUC": 0.6573033707865168,
        "Accuracy": 0.4272300469483568,
        "emission": 7.795433469457275e-08
    },
    "PLS-DA": {
        "AVG-PR": 0.7238968843522455,
        "ROC-AUC": 0.874478330658106,
        "Accuracy": 0.892018779342723,
        "emission": 6.263834407719071e-07
    },
    "DNN": {
        "AVG-PR": 0.7358826380809356,
        "ROC-AUC": 0.8797752808988765,
        "Accuracy": 0.8967136150234741,
        "emission": 2.0489579955010092e-05
    }
}