{
    "Nearest Neighbors": {
        "AVG-PR": 0.03755868544600939,
        "ROC-AUC": 0.5,
        "Accuracy": 0.9624413145539906,
        "emission": 1.7098766213914135e-08
    },
    "Linear SVM": {
        "AVG-PR": 0.03755868544600939,
        "ROC-AUC": 0.4951219512195122,
        "Accuracy": 0.9530516431924883,
        "emission": 1.105326606280154e-08
    },
    "RBF SVM": {
        "AVG-PR": 0.03755868544600939,
        "ROC-AUC": 0.5,
        "Accuracy": 0.9624413145539906,
        "emission": 3.6284423003304416e-08
    },
    "Gaussian Process": {
        "AVG-PR": 0.03755868544600939,
        "ROC-AUC": 0.4951219512195122,
        "Accuracy": 0.9530516431924883,
        "emission": 1.0289101452457127e-06
    },
    "Decision Tree": {
        "AVG-PR": 0.15786384976525822,
        "ROC-AUC": 0.5625,
        "Accuracy": 0.9671361502347418,
        "emission": 7.495404045713688e-09
    },
    "Random Forest": {
        "AVG-PR": 0.03755868544600939,
        "ROC-AUC": 0.5,
        "Accuracy": 0.9624413145539906,
        "emission": 4.886367731207168e-07
    },
    "AdaBoost": {
        "AVG-PR": 0.03755868544600939,
        "ROC-AUC": 0.4951219512195122,
        "Accuracy": 0.9530516431924883,
        "emission": 8.779712115064173e-08
    },
    "Naive Bayes": {
        "AVG-PR": 0.03755868544600939,
        "ROC-AUC": 0.4975609756097561,
        "Accuracy": 0.9577464788732394,
        "emission": 9.648038688635497e-09
    },
    "QDA": {
        "AVG-PR": 0.04371584699453552,
        "ROC-AUC": 0.5731707317073171,
        "Accuracy": 0.1784037558685446,
        "emission": 9.501026420759647e-08
    },
    "PLS-DA": {
        "AVG-PR": 0.5538333333333334,
        "ROC-AUC": 0.8902439024390243,
        "Accuracy": 0.9624413145539906,
        "emission": 5.992423465547267e-07
    },
    "DNN": {
        "AVG-PR": 0.36222943722943723,
        "ROC-AUC": 0.901219512195122,
        "Accuracy": 0.9624413145539906,
        "emission": 2.046149556086295e-05
    }
}