{
    "Nearest Neighbors": {
        "AVG-PR": 0.05786384976525822,
        "ROC-AUC": 0.5527439024390244,
        "Accuracy": 0.9483568075117371,
        "emission": 1.4695368700275058e-08
    },
    "Linear SVM": {
        "AVG-PR": 0.18418846411804157,
        "ROC-AUC": 0.6777439024390244,
        "Accuracy": 0.9577464788732394,
        "emission": 8.76602956925643e-09
    },
    "RBF SVM": {
        "AVG-PR": 0.03755868544600939,
        "ROC-AUC": 0.5,
        "Accuracy": 0.9624413145539906,
        "emission": 3.55347497846214e-08
    },
    "Gaussian Process": {
        "AVG-PR": 0.09066901408450705,
        "ROC-AUC": 0.6103658536585366,
        "Accuracy": 0.9436619718309859,
        "emission": 1.2815361124605516e-06
    },
    "Decision Tree": {
        "AVG-PR": 0.12816901408450704,
        "ROC-AUC": 0.6176829268292683,
        "Accuracy": 0.9577464788732394,
        "emission": 8.928328810849284e-09
    },
    "Random Forest": {
        "AVG-PR": 0.03755868544600939,
        "ROC-AUC": 0.5,
        "Accuracy": 0.9624413145539906,
        "emission": 4.980949746404834e-07
    },
    "AdaBoost": {
        "AVG-PR": 0.12816901408450704,
        "ROC-AUC": 0.6176829268292683,
        "Accuracy": 0.9577464788732394,
        "emission": 7.222539388069139e-08
    },
    "Naive Bayes": {
        "AVG-PR": 0.18418846411804157,
        "ROC-AUC": 0.6777439024390244,
        "Accuracy": 0.9577464788732394,
        "emission": 7.756948391112674e-09
    },
    "QDA": {
        "AVG-PR": 0.04678362573099415,
        "ROC-AUC": 0.6024390243902439,
        "Accuracy": 0.2347417840375587,
        "emission": 9.013233568509495e-08
    },
    "PLS-DA": {
        "AVG-PR": 0.3185383195505865,
        "ROC-AUC": 0.738109756097561,
        "Accuracy": 0.9577464788732394,
        "emission": 6.282871191657955e-07
    },
    "DNN": {
        "AVG-PR": 0.2516093619216645,
        "ROC-AUC": 0.6606707317073172,
        "Accuracy": 0.9624413145539906,
        "emission": 2.0500687536136768e-05
    }
}