{
    "Nearest Neighbors": {
        "AVG-PR": 0.04205607476635514,
        "ROC-AUC": 0.4951219512195122,
        "Accuracy": 0.9485981308411215,
        "emission": 1.5704104137617413e-08
    },
    "Linear SVM": {
        "AVG-PR": 0.09620234386589527,
        "ROC-AUC": 0.5989159891598916,
        "Accuracy": 0.9439252336448598,
        "emission": 8.053310576232705e-09
    },
    "RBF SVM": {
        "AVG-PR": 0.04205607476635514,
        "ROC-AUC": 0.5,
        "Accuracy": 0.9579439252336449,
        "emission": 3.7097304559393736e-08
    },
    "Gaussian Process": {
        "AVG-PR": 0.04205607476635514,
        "ROC-AUC": 0.5,
        "Accuracy": 0.9579439252336449,
        "emission": 2.8744380396029367e-06
    },
    "Decision Tree": {
        "AVG-PR": 0.19470404984423675,
        "ROC-AUC": 0.6593495934959349,
        "Accuracy": 0.9579439252336449,
        "emission": 8.357435552660376e-09
    },
    "Random Forest": {
        "AVG-PR": 0.04205607476635514,
        "ROC-AUC": 0.5,
        "Accuracy": 0.9579439252336449,
        "emission": 4.903853526427954e-07
    },
    "AdaBoost": {
        "AVG-PR": 0.1391484942886812,
        "ROC-AUC": 0.6520325203252032,
        "Accuracy": 0.9439252336448598,
        "emission": 8.76796252343302e-08
    },
    "Naive Bayes": {
        "AVG-PR": 0.2964693665628245,
        "ROC-AUC": 0.7655826558265583,
        "Accuracy": 0.9579439252336449,
        "emission": 6.754487733526223e-09
    },
    "QDA": {
        "AVG-PR": 0.03741050445428212,
        "ROC-AUC": 0.4308943089430894,
        "Accuracy": 0.21495327102803738,
        "emission": 1.620288174513893e-07
    },
    "PLS-DA": {
        "AVG-PR": 0.43291554037168073,
        "ROC-AUC": 0.810840108401084,
        "Accuracy": 0.9626168224299065,
        "emission": 6.15198247429056e-07
    },
    "DNN": {
        "AVG-PR": 0.30480772111486537,
        "ROC-AUC": 0.743089430894309,
        "Accuracy": 0.9579439252336449,
        "emission": 2.0519653539861793e-05
    }
}