{
    "Nearest Neighbors": {
        "AVG-PR": 0.04205607476635514,
        "ROC-AUC": 0.5,
        "Accuracy": 0.9579439252336449,
        "emission": 3.02163260675955e-08
    },
    "Linear SVM": {
        "AVG-PR": 0.2011422637590862,
        "ROC-AUC": 0.7075880758807588,
        "Accuracy": 0.9485981308411215,
        "emission": 8.697312332258835e-09
    },
    "RBF SVM": {
        "AVG-PR": 0.04205607476635514,
        "ROC-AUC": 0.4975609756097561,
        "Accuracy": 0.9532710280373832,
        "emission": 3.85643373712097e-08
    },
    "Gaussian Process": {
        "AVG-PR": 0.254932502596054,
        "ROC-AUC": 0.6111111111111112,
        "Accuracy": 0.9672897196261683,
        "emission": 6.8268174645409934e-06
    },
    "Decision Tree": {
        "AVG-PR": 0.3613707165109034,
        "ROC-AUC": 0.6666666666666666,
        "Accuracy": 0.9719626168224299,
        "emission": 7.469885929472975e-09
    },
    "Random Forest": {
        "AVG-PR": 0.04205607476635514,
        "ROC-AUC": 0.5,
        "Accuracy": 0.9579439252336449,
        "emission": 5.134108424780087e-07
    },
    "AdaBoost": {
        "AVG-PR": 0.5537902388369678,
        "ROC-AUC": 0.8815718157181571,
        "Accuracy": 0.9766355140186916,
        "emission": 7.408000462353277e-08
    },
    "Naive Bayes": {
        "AVG-PR": 0.4155169856104436,
        "ROC-AUC": 0.77289972899729,
        "Accuracy": 0.9719626168224299,
        "emission": 7.2002838810855015e-09
    },
    "QDA": {
        "AVG-PR": 0.047872340425531915,
        "ROC-AUC": 0.5634146341463415,
        "Accuracy": 0.16355140186915887,
        "emission": 8.771658768310112e-08
    },
    "PLS-DA": {
        "AVG-PR": 0.718806474424452,
        "ROC-AUC": 0.9029810298102982,
        "Accuracy": 0.9766355140186916,
        "emission": 6.072847856210017e-07
    },
    "DNN": {
        "AVG-PR": 0.7260659819483348,
        "ROC-AUC": 0.8086720867208672,
        "Accuracy": 0.9579439252336449,
        "emission": 2.0543156078137102e-05
    }
}