{
    "Nearest Neighbors": {
        "AVG-PR": 0.5994659546061415,
        "ROC-AUC": 0.7857142857142857,
        "Accuracy": 0.9719626168224299,
        "emission": 1.837168625758058e-08
    },
    "Linear SVM": {
        "AVG-PR": 0.6680422381356961,
        "ROC-AUC": 0.8546428571428571,
        "Accuracy": 0.9766355140186916,
        "emission": 9.514194187811994e-09
    },
    "RBF SVM": {
        "AVG-PR": 0.13217623497997327,
        "ROC-AUC": 0.5357142857142857,
        "Accuracy": 0.9392523364485982,
        "emission": 3.808800606884752e-08
    },
    "Gaussian Process": {
        "AVG-PR": 0.5994659546061415,
        "ROC-AUC": 0.7857142857142857,
        "Accuracy": 0.9719626168224299,
        "emission": 3.5809702292583777e-06
    },
    "Decision Tree": {
        "AVG-PR": 0.5994659546061415,
        "ROC-AUC": 0.7857142857142857,
        "Accuracy": 0.9719626168224299,
        "emission": 8.63735767621945e-09
    },
    "Random Forest": {
        "AVG-PR": 0.06542056074766354,
        "ROC-AUC": 0.5,
        "Accuracy": 0.9345794392523364,
        "emission": 5.10696903582834e-07
    },
    "AdaBoost": {
        "AVG-PR": 0.6662216288384513,
        "ROC-AUC": 0.8214285714285714,
        "Accuracy": 0.9766355140186916,
        "emission": 7.649285249784575e-08
    },
    "Naive Bayes": {
        "AVG-PR": 0.35089209855564996,
        "ROC-AUC": 0.74,
        "Accuracy": 0.9485981308411215,
        "emission": 5.605210812313823e-09
    },
    "QDA": {
        "AVG-PR": 0.07446808510638298,
        "ROC-AUC": 0.565,
        "Accuracy": 0.18691588785046728,
        "emission": 7.839906612243221e-08
    },
    "PLS-DA": {
        "AVG-PR": 0.7640188756578856,
        "ROC-AUC": 0.8175000000000001,
        "Accuracy": 0.9719626168224299,
        "emission": 6.042153698528267e-07
    },
    "DNN": {
        "AVG-PR": 0.7266848719483452,
        "ROC-AUC": 0.9010714285714286,
        "Accuracy": 0.9579439252336449,
        "emission": 2.0747428351926757e-05
    }
}