{
    "Nearest Neighbors": {
        "AVG-PR": 0.14849428868120457,
        "ROC-AUC": 0.5555555555555556,
        "Accuracy": 0.9626168224299065,
        "emission": 1.8213742674733284e-08
    },
    "Linear SVM": {
        "AVG-PR": 0.05590169608861197,
        "ROC-AUC": 0.5433604336043361,
        "Accuracy": 0.9392523364485982,
        "emission": 9.822927675271988e-09
    },
    "RBF SVM": {
        "AVG-PR": 0.04205607476635514,
        "ROC-AUC": 0.5,
        "Accuracy": 0.9579439252336449,
        "emission": 3.60014823140205e-08
    },
    "Gaussian Process": {
        "AVG-PR": 0.04205607476635514,
        "ROC-AUC": 0.5,
        "Accuracy": 0.9579439252336449,
        "emission": 2.917369314850539e-06
    },
    "Decision Tree": {
        "AVG-PR": 0.09293873312564901,
        "ROC-AUC": 0.5531165311653117,
        "Accuracy": 0.9579439252336449,
        "emission": 7.551690995682282e-09
    },
    "Random Forest": {
        "AVG-PR": 0.04205607476635514,
        "ROC-AUC": 0.5,
        "Accuracy": 0.9579439252336449,
        "emission": 5.183731457365186e-07
    },
    "AdaBoost": {
        "AVG-PR": 0.14849428868120457,
        "ROC-AUC": 0.5555555555555556,
        "Accuracy": 0.9626168224299065,
        "emission": 7.295420332702374e-08
    },
    "Naive Bayes": {
        "AVG-PR": 0.0744202146071305,
        "ROC-AUC": 0.5506775067750678,
        "Accuracy": 0.9532710280373832,
        "emission": 5.419614691693163e-09
    },
    "QDA": {
        "AVG-PR": 0.04332024019143076,
        "ROC-AUC": 0.5151761517615177,
        "Accuracy": 0.17289719626168223,
        "emission": 9.179278578887799e-08
    },
    "PLS-DA": {
        "AVG-PR": 0.17876628406289424,
        "ROC-AUC": 0.7176151761517615,
        "Accuracy": 0.9485981308411215,
        "emission": 6.24220854762811e-07
    },
    "DNN": {
        "AVG-PR": 0.25955355661025176,
        "ROC-AUC": 0.7799457994579946,
        "Accuracy": 0.9579439252336449,
        "emission": 2.054385782460254e-05
    }
}