{
    "Nearest Neighbors": {
        "AVG-PR": 0.03271028037383177,
        "ROC-AUC": 0.5,
        "Accuracy": 0.9672897196261683,
        "emission": 1.6373225742586545e-08
    },
    "Linear SVM": {
        "AVG-PR": 0.17089452603471295,
        "ROC-AUC": 0.5714285714285714,
        "Accuracy": 0.9719626168224299,
        "emission": 1.0447296595282694e-08
    },
    "RBF SVM": {
        "AVG-PR": 0.03271028037383177,
        "ROC-AUC": 0.5,
        "Accuracy": 0.9672897196261683,
        "emission": 3.608663243271615e-08
    },
    "Gaussian Process": {
        "AVG-PR": 0.03271028037383177,
        "ROC-AUC": 0.5,
        "Accuracy": 0.9672897196261683,
        "emission": 3.930474804158838e-06
    },
    "Decision Tree": {
        "AVG-PR": 0.07565643079661771,
        "ROC-AUC": 0.5665976535541752,
        "Accuracy": 0.9626168224299065,
        "emission": 1.0026149404986138e-08
    },
    "Random Forest": {
        "AVG-PR": 0.03271028037383177,
        "ROC-AUC": 0.5,
        "Accuracy": 0.9672897196261683,
        "emission": 5.173798351725871e-07
    },
    "AdaBoost": {
        "AVG-PR": 0.048445546442876214,
        "ROC-AUC": 0.556935817805383,
        "Accuracy": 0.9439252336448598,
        "emission": 7.596295628413515e-08
    },
    "Naive Bayes": {
        "AVG-PR": 0.09946595460614152,
        "ROC-AUC": 0.5690131124913733,
        "Accuracy": 0.9672897196261683,
        "emission": 6.041522529622207e-09
    },
    "QDA": {
        "AVG-PR": 0.027307728133635543,
        "ROC-AUC": 0.3799171842650103,
        "Accuracy": 0.20093457943925233,
        "emission": 7.999256713971133e-08
    },
    "PLS-DA": {
        "AVG-PR": 0.22198441866634083,
        "ROC-AUC": 0.5838509316770186,
        "Accuracy": 0.9672897196261683,
        "emission": 6.078977047557613e-07
    },
    "DNN": {
        "AVG-PR": 0.1755717797998615,
        "ROC-AUC": 0.5286404416839199,
        "Accuracy": 0.9672897196261683,
        "emission": 2.3426730662636493e-05
    }
}