{
    "Nearest Neighbors": {
        "AVG-PR": 0.1710261569416499,
        "ROC-AUC": 0.5714285714285714,
        "Accuracy": 0.971830985915493,
        "emission": 2.8449057258465345e-08
    },
    "Linear SVM": {
        "AVG-PR": 0.44735077129443324,
        "ROC-AUC": 0.7142857142857143,
        "Accuracy": 0.9812206572769953,
        "emission": 8.904602683367269e-09
    },
    "RBF SVM": {
        "AVG-PR": 0.03286384976525822,
        "ROC-AUC": 0.5,
        "Accuracy": 0.9671361502347418,
        "emission": 3.6083142607284254e-08
    },
    "Gaussian Process": {
        "AVG-PR": 0.3091884641180416,
        "ROC-AUC": 0.6428571428571428,
        "Accuracy": 0.9765258215962441,
        "emission": 3.479526655776311e-06
    },
    "Decision Tree": {
        "AVG-PR": 0.3402079141515761,
        "ROC-AUC": 0.7118585298196949,
        "Accuracy": 0.9765258215962441,
        "emission": 8.888096542234787e-09
    },
    "Random Forest": {
        "AVG-PR": 0.03286384976525822,
        "ROC-AUC": 0.5,
        "Accuracy": 0.9671361502347418,
        "emission": 5.288622566828835e-07
    },
    "AdaBoost": {
        "AVG-PR": 0.1710261569416499,
        "ROC-AUC": 0.5714285714285714,
        "Accuracy": 0.971830985915493,
        "emission": 7.582753197781109e-08
    },
    "Naive Bayes": {
        "AVG-PR": 0.1710261569416499,
        "ROC-AUC": 0.5714285714285714,
        "Accuracy": 0.971830985915493,
        "emission": 6.12310741130929e-09
    },
    "QDA": {
        "AVG-PR": 0.041176470588235294,
        "ROC-AUC": 0.604368932038835,
        "Accuracy": 0.2347417840375587,
        "emission": 7.991800000099516e-08
    },
    "PLS-DA": {
        "AVG-PR": 0.5164361798849639,
        "ROC-AUC": 0.877253814147018,
        "Accuracy": 0.9812206572769953,
        "emission": 6.310006355060715e-07
    },
    "DNN": {
        "AVG-PR": 0.2764250522368355,
        "ROC-AUC": 0.7919556171983356,
        "Accuracy": 0.9671361502347418,
        "emission": 2.1057583758322275e-05
    }
}