{
    "Nearest Neighbors": {
        "AVG-PR": 0.09042056074766355,
        "ROC-AUC": 0.5422979797979798,
        "Accuracy": 0.897196261682243,
        "emission": 2.8067144408525108e-08
    },
    "Linear SVM": {
        "AVG-PR": 0.08327770360480641,
        "ROC-AUC": 0.5321969696969697,
        "Accuracy": 0.8785046728971962,
        "emission": 1.169900110510604e-08
    },
    "RBF SVM": {
        "AVG-PR": 0.07476635514018691,
        "ROC-AUC": 0.5,
        "Accuracy": 0.9252336448598131,
        "emission": 3.602857422240083e-08
    },
    "Gaussian Process": {
        "AVG-PR": 0.08465132997843278,
        "ROC-AUC": 0.5347222222222222,
        "Accuracy": 0.883177570093458,
        "emission": 1.3419656550650242e-06
    },
    "Decision Tree": {
        "AVG-PR": 0.07902202937249665,
        "ROC-AUC": 0.5160984848484849,
        "Accuracy": 0.9018691588785047,
        "emission": 9.436322649149422e-09
    },
    "Random Forest": {
        "AVG-PR": 0.07476635514018691,
        "ROC-AUC": 0.5,
        "Accuracy": 0.9252336448598131,
        "emission": 5.017368965796775e-07
    },
    "AdaBoost": {
        "AVG-PR": 0.0805101246105919,
        "ROC-AUC": 0.5186237373737373,
        "Accuracy": 0.9065420560747663,
        "emission": 7.867825348992911e-08
    },
    "Naive Bayes": {
        "AVG-PR": 0.0757752761257434,
        "ROC-AUC": 0.5059974747474748,
        "Accuracy": 0.883177570093458,
        "emission": 6.589643761735307e-09
    },
    "QDA": {
        "AVG-PR": 0.07702535240357308,
        "ROC-AUC": 0.5157828282828283,
        "Accuracy": 0.2102803738317757,
        "emission": 7.751883728221322e-08
    },
    "PLS-DA": {
        "AVG-PR": 0.19066137044494907,
        "ROC-AUC": 0.643939393939394,
        "Accuracy": 0.9205607476635514,
        "emission": 6.050985609362878e-07
    },
    "DNN": {
        "AVG-PR": 0.23377875459951336,
        "ROC-AUC": 0.603219696969697,
        "Accuracy": 0.9252336448598131,
        "emission": 2.1203425804311993e-05
    }
}