{
    "Nearest Neighbors": {
        "AVG-PR": 0.2801121495327103,
        "ROC-AUC": 0.6320634920634921,
        "Accuracy": 0.9018691588785047,
        "emission": 1.6322263220875445e-08
    },
    "Linear SVM": {
        "AVG-PR": 0.3780685358255452,
        "ROC-AUC": 0.7535449735449736,
        "Accuracy": 0.9018691588785047,
        "emission": 1.1746262336736112e-08
    },
    "RBF SVM": {
        "AVG-PR": 0.15214953271028037,
        "ROC-AUC": 0.52,
        "Accuracy": 0.8878504672897196,
        "emission": 3.652489983776548e-08
    },
    "Gaussian Process": {
        "AVG-PR": 0.31216652506372133,
        "ROC-AUC": 0.6520634920634921,
        "Accuracy": 0.9065420560747663,
        "emission": 8.506908876416559e-07
    },
    "Decision Tree": {
        "AVG-PR": 0.27636232925952553,
        "ROC-AUC": 0.6467724867724868,
        "Accuracy": 0.897196261682243,
        "emission": 8.502412617363968e-09
    },
    "Random Forest": {
        "AVG-PR": 0.11682242990654206,
        "ROC-AUC": 0.5,
        "Accuracy": 0.883177570093458,
        "emission": 5.068714706301067e-07
    },
    "AdaBoost": {
        "AVG-PR": 0.4077655055225149,
        "ROC-AUC": 0.7588359788359789,
        "Accuracy": 0.9112149532710281,
        "emission": 7.107375866289696e-08
    },
    "Naive Bayes": {
        "AVG-PR": 0.15949676491732567,
        "ROC-AUC": 0.5897354497354499,
        "Accuracy": 0.8271028037383178,
        "emission": 6.870938193947165e-09
    },
    "QDA": {
        "AVG-PR": 0.12625187174058966,
        "ROC-AUC": 0.542010582010582,
        "Accuracy": 0.2523364485981308,
        "emission": 7.401116490969519e-08
    },
    "PLS-DA": {
        "AVG-PR": 0.5562749800523323,
        "ROC-AUC": 0.8182010582010582,
        "Accuracy": 0.9205607476635514,
        "emission": 6.248440247392394e-07
    },
    "DNN": {
        "AVG-PR": 0.4250069759940872,
        "ROC-AUC": 0.7892063492063492,
        "Accuracy": 0.883177570093458,
        "emission": 2.163099271924623e-05
    }
}