{
    "Nearest Neighbors": {
        "AVG-PR": 0.04205607476635514,
        "ROC-AUC": 0.4975609756097561,
        "Accuracy": 0.9532710280373832,
        "emission": 2.953165857435297e-08
    },
    "Linear SVM": {
        "AVG-PR": 0.254932502596054,
        "ROC-AUC": 0.6111111111111112,
        "Accuracy": 0.9672897196261683,
        "emission": 7.35974649258142e-09
    },
    "RBF SVM": {
        "AVG-PR": 0.04205607476635514,
        "ROC-AUC": 0.5,
        "Accuracy": 0.9579439252336449,
        "emission": 3.4319097328265685e-08
    },
    "Gaussian Process": {
        "AVG-PR": 0.14849428868120457,
        "ROC-AUC": 0.5555555555555556,
        "Accuracy": 0.9626168224299065,
        "emission": 4.116960756807509e-06
    },
    "Decision Tree": {
        "AVG-PR": 0.09293873312564901,
        "ROC-AUC": 0.5531165311653117,
        "Accuracy": 0.9579439252336449,
        "emission": 9.578807099212437e-09
    },
    "Random Forest": {
        "AVG-PR": 0.04205607476635514,
        "ROC-AUC": 0.5,
        "Accuracy": 0.9579439252336449,
        "emission": 4.985873187548752e-07
    },
    "AdaBoost": {
        "AVG-PR": 0.18085842852197992,
        "ROC-AUC": 0.6086720867208673,
        "Accuracy": 0.9626168224299065,
        "emission": 7.343337124265092e-08
    },
    "Naive Bayes": {
        "AVG-PR": 0.3613707165109034,
        "ROC-AUC": 0.6666666666666666,
        "Accuracy": 0.9719626168224299,
        "emission": 8.600504249675259e-09
    },
    "QDA": {
        "AVG-PR": 0.04507693760030208,
        "ROC-AUC": 0.5346883468834689,
        "Accuracy": 0.2102803738317757,
        "emission": 8.256848951094416e-08
    },
    "PLS-DA": {
        "AVG-PR": 0.3551670570091623,
        "ROC-AUC": 0.8065040650406504,
        "Accuracy": 0.9579439252336449,
        "emission": 6.041615279247955e-07
    },
    "DNN": {
        "AVG-PR": 0.16641201789051252,
        "ROC-AUC": 0.7837398373983739,
        "Accuracy": 0.9579439252336449,
        "emission": 2.067021758018756e-05
    }
}