{
    "Nearest Neighbors": {
        "AVG-PR": 0.535973891114078,
        "ROC-AUC": 0.7832142857142858,
        "Accuracy": 0.9672897196261683,
        "emission": 1.6935590619286628e-08
    },
    "Linear SVM": {
        "AVG-PR": 0.2516688918558077,
        "ROC-AUC": 0.6992857142857143,
        "Accuracy": 0.9345794392523364,
        "emission": 1.161575116380647e-08
    },
    "RBF SVM": {
        "AVG-PR": 0.06542056074766354,
        "ROC-AUC": 0.5,
        "Accuracy": 0.9345794392523364,
        "emission": 3.678001536059648e-08
    },
    "Gaussian Process": {
        "AVG-PR": 0.465954606141522,
        "ROC-AUC": 0.7142857142857143,
        "Accuracy": 0.9626168224299065,
        "emission": 4.825844371151976e-06
    },
    "Decision Tree": {
        "AVG-PR": 0.4215991692627207,
        "ROC-AUC": 0.7449999999999999,
        "Accuracy": 0.9579439252336449,
        "emission": 7.606692531647592e-09
    },
    "Random Forest": {
        "AVG-PR": 0.06542056074766354,
        "ROC-AUC": 0.5,
        "Accuracy": 0.9345794392523364,
        "emission": 5.212421006845381e-07
    },
    "AdaBoost": {
        "AVG-PR": 0.32309746328437916,
        "ROC-AUC": 0.7067857142857144,
        "Accuracy": 0.9485981308411215,
        "emission": 7.486909345011527e-08
    },
    "Naive Bayes": {
        "AVG-PR": 0.18958611481975968,
        "ROC-AUC": 0.6328571428571428,
        "Accuracy": 0.9345794392523364,
        "emission": 6.204680316063937e-09
    },
    "QDA": {
        "AVG-PR": 0.06770103409100332,
        "ROC-AUC": 0.5178571428571428,
        "Accuracy": 0.2850467289719626,
        "emission": 8.424070628325936e-08
    },
    "PLS-DA": {
        "AVG-PR": 0.6246135861946417,
        "ROC-AUC": 0.7807142857142857,
        "Accuracy": 0.9672897196261683,
        "emission": 6.240588652024697e-07
    },
    "DNN": {
        "AVG-PR": 0.4198096737510776,
        "ROC-AUC": 0.7089285714285715,
        "Accuracy": 0.9532710280373832,
        "emission": 2.0861243462956652e-05
    }
}