{
    "Nearest Neighbors": {
        "AVG-PR": 0.2774982027318476,
        "ROC-AUC": 0.6153846153846154,
        "Accuracy": 0.9532710280373832,
        "emission": 1.4980463508416595e-08
    },
    "Linear SVM": {
        "AVG-PR": 0.357895998082914,
        "ROC-AUC": 0.6898201301186376,
        "Accuracy": 0.9579439252336449,
        "emission": 1.2030343783879631e-08
    },
    "RBF SVM": {
        "AVG-PR": 0.06074766355140187,
        "ROC-AUC": 0.5,
        "Accuracy": 0.9392523364485982,
        "emission": 3.7271724477581246e-08
    },
    "Gaussian Process": {
        "AVG-PR": 0.15396597172298107,
        "ROC-AUC": 0.5744355147340221,
        "Accuracy": 0.9439252336448598,
        "emission": 5.793854055517228e-06
    },
    "Decision Tree": {
        "AVG-PR": 0.4468408019809889,
        "ROC-AUC": 0.7642556448526597,
        "Accuracy": 0.9626168224299065,
        "emission": 6.748825790894612e-09
    },
    "Random Forest": {
        "AVG-PR": 0.06074766355140187,
        "ROC-AUC": 0.5,
        "Accuracy": 0.9392523364485982,
        "emission": 5.245391966128288e-07
    },
    "AdaBoost": {
        "AVG-PR": 0.1788082115184919,
        "ROC-AUC": 0.6414083429008802,
        "Accuracy": 0.9345794392523364,
        "emission": 7.489929465751424e-08
    },
    "Naive Bayes": {
        "AVG-PR": 0.21788025059053098,
        "ROC-AUC": 0.6463834672789897,
        "Accuracy": 0.9439252336448598,
        "emission": 6.169219973138125e-09
    },
    "QDA": {
        "AVG-PR": 0.07058061220628856,
        "ROC-AUC": 0.5723306544202067,
        "Accuracy": 0.3317757009345794,
        "emission": 8.409779508053219e-08
    },
    "PLS-DA": {
        "AVG-PR": 0.6007944839319503,
        "ROC-AUC": 0.7851128970531954,
        "Accuracy": 0.9626168224299065,
        "emission": 6.274577137440809e-07
    },
    "DNN": {
        "AVG-PR": 0.521786089888911,
        "ROC-AUC": 0.7146957520091848,
        "Accuracy": 0.9579439252336449,
        "emission": 2.1063199344846756e-05
    }
}