{
    "Nearest Neighbors": {
        "AVG-PR": 0.04205607476635514,
        "ROC-AUC": 0.5,
        "Accuracy": 0.9579439252336449,
        "emission": 2.094360987275156e-08
    },
    "Linear SVM": {
        "AVG-PR": 0.05590169608861197,
        "ROC-AUC": 0.5433604336043361,
        "Accuracy": 0.9392523364485982,
        "emission": 9.41568959391548e-09
    },
    "RBF SVM": {
        "AVG-PR": 0.04205607476635514,
        "ROC-AUC": 0.5,
        "Accuracy": 0.9579439252336449,
        "emission": 3.8425190088692346e-08
    },
    "Gaussian Process": {
        "AVG-PR": 0.04205607476635514,
        "ROC-AUC": 0.5,
        "Accuracy": 0.9579439252336449,
        "emission": 3.7417433010283726e-06
    },
    "Decision Tree": {
        "AVG-PR": 0.05590169608861197,
        "ROC-AUC": 0.5433604336043361,
        "Accuracy": 0.9392523364485982,
        "emission": 8.082072969573042e-09
    },
    "Random Forest": {
        "AVG-PR": 0.04205607476635514,
        "ROC-AUC": 0.5,
        "Accuracy": 0.9579439252336449,
        "emission": 5.275172714278238e-07
    },
    "AdaBoost": {
        "AVG-PR": 0.05325619344310933,
        "ROC-AUC": 0.5409214092140922,
        "Accuracy": 0.9345794392523364,
        "emission": 7.585529800262222e-08
    },
    "Naive Bayes": {
        "AVG-PR": 0.049728856582439133,
        "ROC-AUC": 0.5360433604336043,
        "Accuracy": 0.9252336448598131,
        "emission": 5.454827809223701e-09
    },
    "QDA": {
        "AVG-PR": 0.038935166373199694,
        "ROC-AUC": 0.45718157181571817,
        "Accuracy": 0.16355140186915887,
        "emission": 8.692950217546903e-08
    },
    "PLS-DA": {
        "AVG-PR": 0.10222804057348192,
        "ROC-AUC": 0.4975609756097561,
        "Accuracy": 0.9532710280373832,
        "emission": 6.205712929169058e-07
    },
    "DNN": {
        "AVG-PR": 0.15238021230420032,
        "ROC-AUC": 0.45257452574525736,
        "Accuracy": 0.9579439252336449,
        "emission": 2.0641693861370024e-05
    }
}