{
    "Nearest Neighbors": {
        "AVG-PR": 0.8275276125743416,
        "ROC-AUC": 0.9090909090909092,
        "Accuracy": 0.9906542056074766,
        "emission": 3.0017268595068786e-08
    },
    "Linear SVM": {
        "AVG-PR": 0.622982158028887,
        "ROC-AUC": 0.9017017465293329,
        "Accuracy": 0.9766355140186916,
        "emission": 1.1332876901803595e-08
    },
    "RBF SVM": {
        "AVG-PR": 0.0514018691588785,
        "ROC-AUC": 0.5,
        "Accuracy": 0.9485981308411215,
        "emission": 3.510013054583037e-08
    },
    "Gaussian Process": {
        "AVG-PR": 0.8275276125743416,
        "ROC-AUC": 0.9090909090909092,
        "Accuracy": 0.9906542056074766,
        "emission": 3.5561669479160102e-06
    },
    "Decision Tree": {
        "AVG-PR": 0.7457094307561598,
        "ROC-AUC": 0.9066278549037171,
        "Accuracy": 0.985981308411215,
        "emission": 7.2286657017402316e-09
    },
    "Random Forest": {
        "AVG-PR": 0.0514018691588785,
        "ROC-AUC": 0.5,
        "Accuracy": 0.9485981308411215,
        "emission": 5.17055681419073e-07
    },
    "AdaBoost": {
        "AVG-PR": 0.6604833380534314,
        "ROC-AUC": 0.8611733094491715,
        "Accuracy": 0.9813084112149533,
        "emission": 7.595768163769157e-08
    },
    "Naive Bayes": {
        "AVG-PR": 0.5688190314358539,
        "ROC-AUC": 0.7727272727272727,
        "Accuracy": 0.9766355140186916,
        "emission": 6.471119436469253e-09
    },
    "QDA": {
        "AVG-PR": 0.06179775280898876,
        "ROC-AUC": 0.5886699507389163,
        "Accuracy": 0.21962616822429906,
        "emission": 9.682559118898391e-08
    },
    "PLS-DA": {
        "AVG-PR": 0.9777495232040687,
        "ROC-AUC": 0.9986565158978952,
        "Accuracy": 0.9906542056074766,
        "emission": 6.065813878601095e-07
    },
    "DNN": {
        "AVG-PR": 0.9490909090909091,
        "ROC-AUC": 0.993730407523511,
        "Accuracy": 0.985981308411215,
        "emission": 2.0975829864375435e-05
    }
}