{
    "Nearest Neighbors": {
        "AVG-PR": 0.4825828377230246,
        "ROC-AUC": 0.7272727272727273,
        "Accuracy": 0.9719626168224299,
        "emission": 2.9330568181071614e-08
    },
    "Linear SVM": {
        "AVG-PR": 0.6604833380534314,
        "ROC-AUC": 0.8611733094491715,
        "Accuracy": 0.9813084112149533,
        "emission": 9.370764586086843e-09
    },
    "RBF SVM": {
        "AVG-PR": 0.0514018691588785,
        "ROC-AUC": 0.5,
        "Accuracy": 0.9485981308411215,
        "emission": 3.6550217418365295e-08
    },
    "Gaussian Process": {
        "AVG-PR": 0.7412914188615123,
        "ROC-AUC": 0.8636363636363636,
        "Accuracy": 0.985981308411215,
        "emission": 3.721779790742729e-06
    },
    "Decision Tree": {
        "AVG-PR": 0.7412914188615123,
        "ROC-AUC": 0.8636363636363636,
        "Accuracy": 0.985981308411215,
        "emission": 8.698253663963165e-09
    },
    "Random Forest": {
        "AVG-PR": 0.0514018691588785,
        "ROC-AUC": 0.5,
        "Accuracy": 0.9485981308411215,
        "emission": 5.334226146672441e-07
    },
    "AdaBoost": {
        "AVG-PR": 0.7412914188615123,
        "ROC-AUC": 0.8636363636363636,
        "Accuracy": 0.985981308411215,
        "emission": 1.0544617372731122e-07
    },
    "Naive Bayes": {
        "AVG-PR": 0.32361937128292273,
        "ROC-AUC": 0.6793551276309897,
        "Accuracy": 0.9626168224299065,
        "emission": 8.167084005208202e-09
    },
    "QDA": {
        "AVG-PR": 0.06179775280898876,
        "ROC-AUC": 0.5886699507389163,
        "Accuracy": 0.21962616822429906,
        "emission": 1.3960088056574953e-07
    },
    "PLS-DA": {
        "AVG-PR": 0.8587590417733959,
        "ROC-AUC": 0.9516345723242275,
        "Accuracy": 0.985981308411215,
        "emission": 6.419187861993596e-07
    },
    "DNN": {
        "AVG-PR": 0.8330295915630936,
        "ROC-AUC": 0.8929690998656515,
        "Accuracy": 0.985981308411215,
        "emission": 2.3006854946213616e-05
    }
}