{
    "Nearest Neighbors": {
        "AVG-PR": 0.6550552251486831,
        "ROC-AUC": 0.8181818181818181,
        "Accuracy": 0.9813084112149533,
        "emission": 2.0378445957461743e-08
    },
    "Linear SVM": {
        "AVG-PR": 0.4908969535137759,
        "ROC-AUC": 0.7702642185400806,
        "Accuracy": 0.9719626168224299,
        "emission": 1.0971182945471169e-08
    },
    "RBF SVM": {
        "AVG-PR": 0.0514018691588785,
        "ROC-AUC": 0.5,
        "Accuracy": 0.9485981308411215,
        "emission": 3.5366364625764136e-08
    },
    "Gaussian Process": {
        "AVG-PR": 0.0514018691588785,
        "ROC-AUC": 0.5,
        "Accuracy": 0.9485981308411215,
        "emission": 2.4600567630296084e-06
    },
    "Decision Tree": {
        "AVG-PR": 0.5688190314358539,
        "ROC-AUC": 0.7727272727272727,
        "Accuracy": 0.9766355140186916,
        "emission": 7.686604833950159e-09
    },
    "Random Forest": {
        "AVG-PR": 0.0514018691588785,
        "ROC-AUC": 0.5,
        "Accuracy": 0.9485981308411215,
        "emission": 5.284014813501685e-07
    },
    "AdaBoost": {
        "AVG-PR": 0.25531011045029733,
        "ROC-AUC": 0.7149574563367667,
        "Accuracy": 0.9485981308411215,
        "emission": 7.521724860205596e-08
    },
    "Naive Bayes": {
        "AVG-PR": 0.32361937128292273,
        "ROC-AUC": 0.6793551276309897,
        "Accuracy": 0.9626168224299065,
        "emission": 5.6920563404435555e-09
    },
    "QDA": {
        "AVG-PR": 0.060109289617486336,
        "ROC-AUC": 0.5763546798029557,
        "Accuracy": 0.19626168224299065,
        "emission": 8.114895798610477e-08
    },
    "PLS-DA": {
        "AVG-PR": 0.8626918536009445,
        "ROC-AUC": 0.9699955217196596,
        "Accuracy": 0.9813084112149533,
        "emission": 6.236302590087751e-07
    },
    "DNN": {
        "AVG-PR": 0.8025123025123027,
        "ROC-AUC": 0.961486789072996,
        "Accuracy": 0.9813084112149533,
        "emission": 2.07159288169539e-05
    }
}