{
    "Nearest Neighbors": {
        "AVG-PR": 0.07265242545616377,
        "ROC-AUC": 0.5232142857142856,
        "Accuracy": 0.9158878504672897,
        "emission": 1.551497353563076e-08
    },
    "Linear SVM": {
        "AVG-PR": 0.2099942780850658,
        "ROC-AUC": 0.6353571428571427,
        "Accuracy": 0.9392523364485982,
        "emission": 1.0965439941285548e-08
    },
    "RBF SVM": {
        "AVG-PR": 0.06542056074766354,
        "ROC-AUC": 0.5,
        "Accuracy": 0.9345794392523364,
        "emission": 3.5408003610730024e-08
    },
    "Gaussian Process": {
        "AVG-PR": 0.06542056074766354,
        "ROC-AUC": 0.495,
        "Accuracy": 0.9252336448598131,
        "emission": 2.7662955193047604e-06
    },
    "Decision Tree": {
        "AVG-PR": 0.20439373710401748,
        "ROC-AUC": 0.6635714285714286,
        "Accuracy": 0.9299065420560748,
        "emission": 7.28893473307945e-09
    },
    "Random Forest": {
        "AVG-PR": 0.06542056074766354,
        "ROC-AUC": 0.5,
        "Accuracy": 0.9345794392523364,
        "emission": 5.167643980037398e-07
    },
    "AdaBoost": {
        "AVG-PR": 0.18958611481975968,
        "ROC-AUC": 0.6328571428571428,
        "Accuracy": 0.9345794392523364,
        "emission": 7.509567211785988e-08
    },
    "Naive Bayes": {
        "AVG-PR": 0.11321762349799733,
        "ROC-AUC": 0.5639285714285714,
        "Accuracy": 0.9299065420560748,
        "emission": 5.414643926166775e-09
    },
    "QDA": {
        "AVG-PR": 0.08284023668639054,
        "ROC-AUC": 0.6125,
        "Accuracy": 0.2757009345794392,
        "emission": 8.875623534115342e-08
    },
    "PLS-DA": {
        "AVG-PR": 0.4175260563080261,
        "ROC-AUC": 0.7492857142857142,
        "Accuracy": 0.9392523364485982,
        "emission": 6.163799266552782e-07
    },
    "DNN": {
        "AVG-PR": 0.33889745314223396,
        "ROC-AUC": 0.7321428571428572,
        "Accuracy": 0.9345794392523364,
        "emission": 2.0155468245800572e-05
    }
}