{
    "Nearest Neighbors": {
        "AVG-PR": 0.34974838245866285,
        "ROC-AUC": 0.6538461538461539,
        "Accuracy": 0.9579439252336449,
        "emission": 1.5890864189808522e-08
    },
    "Linear SVM": {
        "AVG-PR": 0.6387491013659238,
        "ROC-AUC": 0.8076923076923077,
        "Accuracy": 0.9766355140186916,
        "emission": 9.554766438627042e-09
    },
    "RBF SVM": {
        "AVG-PR": 0.13299784327821712,
        "ROC-AUC": 0.5384615384615384,
        "Accuracy": 0.9439252336448598,
        "emission": 3.718900943904073e-08
    },
    "Gaussian Process": {
        "AVG-PR": 0.710999281092739,
        "ROC-AUC": 0.8461538461538461,
        "Accuracy": 0.9813084112149533,
        "emission": 6.813677200860994e-06
    },
    "Decision Tree": {
        "AVG-PR": 0.6417685118619698,
        "ROC-AUC": 0.8436662839647915,
        "Accuracy": 0.9766355140186916,
        "emission": 9.086767566074558e-09
    },
    "Random Forest": {
        "AVG-PR": 0.06074766355140187,
        "ROC-AUC": 0.5,
        "Accuracy": 0.9392523364485982,
        "emission": 5.177591427634633e-07
    },
    "AdaBoost": {
        "AVG-PR": 0.7133193908894843,
        "ROC-AUC": 0.8821278224263299,
        "Accuracy": 0.9813084112149533,
        "emission": 7.574729264822836e-08
    },
    "Naive Bayes": {
        "AVG-PR": 0.605734667920146,
        "ROC-AUC": 0.8771526980482204,
        "Accuracy": 0.9719626168224299,
        "emission": 5.685548920120656e-09
    },
    "QDA": {
        "AVG-PR": 0.0718232044198895,
        "ROC-AUC": 0.582089552238806,
        "Accuracy": 0.21495327102803738,
        "emission": 7.580048652116355e-08
    },
    "PLS-DA": {
        "AVG-PR": 0.8948595264384736,
        "ROC-AUC": 0.9716800612323001,
        "Accuracy": 0.985981308411215,
        "emission": 6.103794104866274e-07
    },
    "DNN": {
        "AVG-PR": 0.766791891336086,
        "ROC-AUC": 0.908534251817834,
        "Accuracy": 0.9626168224299065,
        "emission": 2.0702373409147054e-05
    }
}