{
    "Nearest Neighbors": {
        "AVG-PR": 0.2136150234741784,
        "ROC-AUC": 0.5833333333333334,
        "Accuracy": 0.9530516431924883,
        "emission": 2.6924815551944276e-08
    },
    "Linear SVM": {
        "AVG-PR": 0.30422535211267604,
        "ROC-AUC": 0.664179104477612,
        "Accuracy": 0.9577464788732394,
        "emission": 9.04292132509825e-09
    },
    "RBF SVM": {
        "AVG-PR": 0.056338028169014086,
        "ROC-AUC": 0.5,
        "Accuracy": 0.9436619718309859,
        "emission": 3.617476486666634e-08
    },
    "Gaussian Process": {
        "AVG-PR": 0.2136150234741784,
        "ROC-AUC": 0.5833333333333334,
        "Accuracy": 0.9530516431924883,
        "emission": 7.658147415506636e-06
    },
    "Decision Tree": {
        "AVG-PR": 0.3615023474178404,
        "ROC-AUC": 0.7425373134328358,
        "Accuracy": 0.9577464788732394,
        "emission": 8.534244456167953e-09
    },
    "Random Forest": {
        "AVG-PR": 0.056338028169014086,
        "ROC-AUC": 0.5,
        "Accuracy": 0.9436619718309859,
        "emission": 5.285367052198258e-07
    },
    "AdaBoost": {
        "AVG-PR": 0.2643453312467397,
        "ROC-AUC": 0.6983830845771145,
        "Accuracy": 0.9483568075117371,
        "emission": 7.449291702991977e-08
    },
    "Naive Bayes": {
        "AVG-PR": 0.09456740442655936,
        "ROC-AUC": 0.5708955223880597,
        "Accuracy": 0.9295774647887324,
        "emission": 8.57831522123911e-09
    },
    "QDA": {
        "AVG-PR": 0.07317073170731707,
        "ROC-AUC": 0.6218905472636815,
        "Accuracy": 0.2863849765258216,
        "emission": 7.598239680459185e-08
    },
    "PLS-DA": {
        "AVG-PR": 0.6388332758071088,
        "ROC-AUC": 0.9067164179104478,
        "Accuracy": 0.9624413145539906,
        "emission": 6.198943062040633e-07
    },
    "DNN": {
        "AVG-PR": 0.36757417111073887,
        "ROC-AUC": 0.765339966832504,
        "Accuracy": 0.9436619718309859,
        "emission": 2.15885152540177e-05
    }
}