{
    "Nearest Neighbors": {
        "AVG-PR": 0.20548934633441676,
        "ROC-AUC": 0.5769230769230769,
        "Accuracy": 0.9483568075117371,
        "emission": 1.708219194070268e-08
    },
    "Linear SVM": {
        "AVG-PR": 0.11318165402672445,
        "ROC-AUC": 0.5694230769230769,
        "Accuracy": 0.9342723004694836,
        "emission": 9.490540421669437e-09
    },
    "RBF SVM": {
        "AVG-PR": 0.06103286384976526,
        "ROC-AUC": 0.5,
        "Accuracy": 0.9389671361502347,
        "emission": 3.635198205825031e-08
    },
    "Gaussian Process": {
        "AVG-PR": 0.20548934633441676,
        "ROC-AUC": 0.5769230769230769,
        "Accuracy": 0.9483568075117371,
        "emission": 5.824357340562748e-06
    },
    "Decision Tree": {
        "AVG-PR": 0.2779433008306248,
        "ROC-AUC": 0.6848076923076922,
        "Accuracy": 0.9483568075117371,
        "emission": 8.552499288810278e-09
    },
    "Random Forest": {
        "AVG-PR": 0.06103286384976526,
        "ROC-AUC": 0.5,
        "Accuracy": 0.9389671361502347,
        "emission": 5.133968615766229e-07
    },
    "AdaBoost": {
        "AVG-PR": 0.12856626941133983,
        "ROC-AUC": 0.5719230769230769,
        "Accuracy": 0.9389671361502347,
        "emission": 7.405985489147174e-08
    },
    "Naive Bayes": {
        "AVG-PR": 0.07556879739978331,
        "ROC-AUC": 0.5309615384615384,
        "Accuracy": 0.9295774647887324,
        "emission": 6.052261102525148e-09
    },
    "QDA": {
        "AVG-PR": 0.07103825136612021,
        "ROC-AUC": 0.575,
        "Accuracy": 0.20187793427230047,
        "emission": 8.261431014091734e-08
    },
    "PLS-DA": {
        "AVG-PR": 0.4294206763980737,
        "ROC-AUC": 0.7988461538461539,
        "Accuracy": 0.9483568075117371,
        "emission": 6.145254479165922e-07
    },
    "DNN": {
        "AVG-PR": 0.3060408075846899,
        "ROC-AUC": 0.5542307692307692,
        "Accuracy": 0.9483568075117371,
        "emission": 2.0705688128283585e-05
    }
}