{
    "Nearest Neighbors": {
        "AVG-PR": 0.29205607476635514,
        "ROC-AUC": 0.625,
        "Accuracy": 0.9579439252336449,
        "emission": 2.1941554443540504e-08
    },
    "Linear SVM": {
        "AVG-PR": 0.8426791277258567,
        "ROC-AUC": 0.9166666666666667,
        "Accuracy": 0.9906542056074766,
        "emission": 8.50294871517781e-09
    },
    "RBF SVM": {
        "AVG-PR": 0.13473520249221183,
        "ROC-AUC": 0.5416666666666666,
        "Accuracy": 0.9485981308411215,
        "emission": 3.268109807769822e-08
    },
    "Gaussian Process": {
        "AVG-PR": 0.056074766355140186,
        "ROC-AUC": 0.5,
        "Accuracy": 0.9439252336448598,
        "emission": 2.769744363118451e-06
    },
    "Decision Tree": {
        "AVG-PR": 0.576518691588785,
        "ROC-AUC": 0.8675742574257426,
        "Accuracy": 0.9719626168224299,
        "emission": 6.667148367205706e-09
    },
    "Random Forest": {
        "AVG-PR": 0.056074766355140186,
        "ROC-AUC": 0.5,
        "Accuracy": 0.9439252336448598,
        "emission": 5.114890971963564e-07
    },
    "AdaBoost": {
        "AVG-PR": 0.6112841813776393,
        "ROC-AUC": 0.8308580858085808,
        "Accuracy": 0.9766355140186916,
        "emission": 7.29876601006557e-08
    },
    "Naive Bayes": {
        "AVG-PR": 0.43169781931464174,
        "ROC-AUC": 0.7842409240924092,
        "Accuracy": 0.9626168224299065,
        "emission": 6.181399637149141e-09
    },
    "QDA": {
        "AVG-PR": 0.06521739130434782,
        "ROC-AUC": 0.5742574257425743,
        "Accuracy": 0.19626168224299065,
        "emission": 8.676808600049997e-08
    },
    "PLS-DA": {
        "AVG-PR": 0.8330704145109633,
        "ROC-AUC": 0.9014026402640264,
        "Accuracy": 0.9813084112149533,
        "emission": 6.12653509116034e-07
    },
    "DNN": {
        "AVG-PR": 0.7396914081289082,
        "ROC-AUC": 0.9067656765676568,
        "Accuracy": 0.9626168224299065,
        "emission": 2.051991381021936e-05
    }
}