{
    "Nearest Neighbors": {
        "AVG-PR": 0.07009345794392523,
        "ROC-AUC": 0.4849246231155779,
        "Accuracy": 0.9018691588785047,
        "emission": 1.7424426983716005e-08
    },
    "Linear SVM": {
        "AVG-PR": 0.11607476635514019,
        "ROC-AUC": 0.5824120603015075,
        "Accuracy": 0.9112149532710281,
        "emission": 1.1952506647746577e-08
    },
    "RBF SVM": {
        "AVG-PR": 0.07009345794392523,
        "ROC-AUC": 0.5,
        "Accuracy": 0.9299065420560748,
        "emission": 3.679949684496711e-08
    },
    "Gaussian Process": {
        "AVG-PR": 0.09875389408099688,
        "ROC-AUC": 0.530820770519263,
        "Accuracy": 0.9299065420560748,
        "emission": 6.336078775941147e-06
    },
    "Decision Tree": {
        "AVG-PR": 0.231914157147802,
        "ROC-AUC": 0.6566164154103852,
        "Accuracy": 0.9345794392523364,
        "emission": 9.862879181479391e-09
    },
    "Random Forest": {
        "AVG-PR": 0.07009345794392523,
        "ROC-AUC": 0.5,
        "Accuracy": 0.9299065420560748,
        "emission": 5.249224302161711e-07
    },
    "AdaBoost": {
        "AVG-PR": 0.1560747663551402,
        "ROC-AUC": 0.592462311557789,
        "Accuracy": 0.9299065420560748,
        "emission": 7.438723640407396e-08
    },
    "Naive Bayes": {
        "AVG-PR": 0.19824412347776832,
        "ROC-AUC": 0.6515912897822446,
        "Accuracy": 0.9252336448598131,
        "emission": 7.840353845432021e-09
    },
    "QDA": {
        "AVG-PR": 0.07976868263687471,
        "ROC-AUC": 0.5646566164154103,
        "Accuracy": 0.24766355140186916,
        "emission": 7.561704946348698e-08
    },
    "PLS-DA": {
        "AVG-PR": 0.3989184136241314,
        "ROC-AUC": 0.8,
        "Accuracy": 0.9392523364485982,
        "emission": 6.150914953877077e-07
    },
    "DNN": {
        "AVG-PR": 0.44159858478224345,
        "ROC-AUC": 0.7460636515912898,
        "Accuracy": 0.9299065420560748,
        "emission": 2.141297156026108e-05
    }
}