{
    "Nearest Neighbors": {
        "AVG-PR": 0.1320872274143302,
        "ROC-AUC": 0.5333333333333333,
        "Accuracy": 0.9345794392523364,
        "emission": 2.8371994962138728e-08
    },
    "Linear SVM": {
        "AVG-PR": 0.11607476635514019,
        "ROC-AUC": 0.5824120603015075,
        "Accuracy": 0.9112149532710281,
        "emission": 1.1411437708335581e-08
    },
    "RBF SVM": {
        "AVG-PR": 0.07009345794392523,
        "ROC-AUC": 0.5,
        "Accuracy": 0.9299065420560748,
        "emission": 4.253105911013498e-08
    },
    "Gaussian Process": {
        "AVG-PR": 0.07009345794392523,
        "ROC-AUC": 0.5,
        "Accuracy": 0.9299065420560748,
        "emission": 3.81045931155663e-06
    },
    "Decision Tree": {
        "AVG-PR": 0.09875389408099688,
        "ROC-AUC": 0.530820770519263,
        "Accuracy": 0.9299065420560748,
        "emission": 8.726235302190644e-09
    },
    "Random Forest": {
        "AVG-PR": 0.07009345794392523,
        "ROC-AUC": 0.5,
        "Accuracy": 0.9299065420560748,
        "emission": 5.338081685301522e-07
    },
    "AdaBoost": {
        "AVG-PR": 0.14837156612857547,
        "ROC-AUC": 0.6157453936348408,
        "Accuracy": 0.9158878504672897,
        "emission": 7.433246011174368e-08
    },
    "Naive Bayes": {
        "AVG-PR": 0.18473520249221184,
        "ROC-AUC": 0.6232830820770519,
        "Accuracy": 0.9299065420560748,
        "emission": 7.913101463028892e-09
    },
    "QDA": {
        "AVG-PR": 0.08386481638818089,
        "ROC-AUC": 0.5872696817420435,
        "Accuracy": 0.2897196261682243,
        "emission": 7.540570537378841e-08
    },
    "PLS-DA": {
        "AVG-PR": 0.35064968108585476,
        "ROC-AUC": 0.7500837520938023,
        "Accuracy": 0.9439252336448598,
        "emission": 6.310921050772277e-07
    },
    "DNN": {
        "AVG-PR": 0.3564292223641821,
        "ROC-AUC": 0.7061976549413735,
        "Accuracy": 0.9299065420560748,
        "emission": 2.1746636947107438e-05
    }
}