{
    "Nearest Neighbors": {
        "AVG-PR": 0.14749362786745965,
        "ROC-AUC": 0.5819587628865979,
        "Accuracy": 0.8925233644859814,
        "emission": 1.4916678940211733e-08
    },
    "Linear SVM": {
        "AVG-PR": 0.23574766355140186,
        "ROC-AUC": 0.6569587628865979,
        "Accuracy": 0.9065420560747663,
        "emission": 1.2074685493510103e-08
    },
    "RBF SVM": {
        "AVG-PR": 0.09345794392523364,
        "ROC-AUC": 0.4948453608247423,
        "Accuracy": 0.897196261682243,
        "emission": 3.7120290452991e-08
    },
    "Gaussian Process": {
        "AVG-PR": 0.09345794392523364,
        "ROC-AUC": 0.5,
        "Accuracy": 0.9065420560747663,
        "emission": 4.046924515858508e-06
    },
    "Decision Tree": {
        "AVG-PR": 0.3098868666994589,
        "ROC-AUC": 0.7268041237113401,
        "Accuracy": 0.9112149532710281,
        "emission": 8.715967406052526e-09
    },
    "Random Forest": {
        "AVG-PR": 0.09345794392523364,
        "ROC-AUC": 0.5,
        "Accuracy": 0.9065420560747663,
        "emission": 5.278720618783154e-07
    },
    "AdaBoost": {
        "AVG-PR": 0.19399198931909212,
        "ROC-AUC": 0.6293814432989691,
        "Accuracy": 0.897196261682243,
        "emission": 7.415602240565557e-08
    },
    "Naive Bayes": {
        "AVG-PR": 0.1662473040977714,
        "ROC-AUC": 0.604381443298969,
        "Accuracy": 0.8925233644859814,
        "emission": 7.708054954548306e-09
    },
    "QDA": {
        "AVG-PR": 0.11022845275181722,
        "ROC-AUC": 0.5832474226804123,
        "Accuracy": 0.2850467289719626,
        "emission": 7.792436988505503e-08
    },
    "PLS-DA": {
        "AVG-PR": 0.46483318559615644,
        "ROC-AUC": 0.7445876288659794,
        "Accuracy": 0.9252336448598131,
        "emission": 6.272792909240756e-07
    },
    "DNN": {
        "AVG-PR": 0.32541132030047826,
        "ROC-AUC": 0.702061855670103,
        "Accuracy": 0.897196261682243,
        "emission": 2.2024981121828113e-05
    }
}