{
    "Nearest Neighbors": {
        "AVG-PR": 0.19042056074766356,
        "ROC-AUC": 0.5625,
        "Accuracy": 0.9345794392523364,
        "emission": 1.5411522407666187e-08
    },
    "Linear SVM": {
        "AVG-PR": 0.2746161548731642,
        "ROC-AUC": 0.651199494949495,
        "Accuracy": 0.9392523364485982,
        "emission": 1.0412600391813728e-08
    },
    "RBF SVM": {
        "AVG-PR": 0.07476635514018691,
        "ROC-AUC": 0.5,
        "Accuracy": 0.9252336448598131,
        "emission": 3.6472087233818993e-08
    },
    "Gaussian Process": {
        "AVG-PR": 0.2560747663551402,
        "ROC-AUC": 0.6224747474747475,
        "Accuracy": 0.9392523364485982,
        "emission": 1.4725975634580282e-06
    },
    "Decision Tree": {
        "AVG-PR": 0.4818276220145379,
        "ROC-AUC": 0.7474747474747475,
        "Accuracy": 0.9579439252336449,
        "emission": 8.979273567667475e-09
    },
    "Random Forest": {
        "AVG-PR": 0.07476635514018691,
        "ROC-AUC": 0.5,
        "Accuracy": 0.9252336448598131,
        "emission": 5.008645674409204e-07
    },
    "AdaBoost": {
        "AVG-PR": 0.26080607476635514,
        "ROC-AUC": 0.7010732323232323,
        "Accuracy": 0.9252336448598131,
        "emission": 8.275159075915454e-08
    },
    "Naive Bayes": {
        "AVG-PR": 0.2076518691588785,
        "ROC-AUC": 0.6436237373737373,
        "Accuracy": 0.9252336448598131,
        "emission": 6.172141840449165e-09
    },
    "QDA": {
        "AVG-PR": 0.08279789719626168,
        "ROC-AUC": 0.5520833333333333,
        "Accuracy": 0.22429906542056074,
        "emission": 1.3184779092459497e-07
    },
    "PLS-DA": {
        "AVG-PR": 0.6668389361347842,
        "ROC-AUC": 0.9255050505050506,
        "Accuracy": 0.9485981308411215,
        "emission": 6.013818520969623e-07
    },
    "DNN": {
        "AVG-PR": 0.4974044170647177,
        "ROC-AUC": 0.8005050505050505,
        "Accuracy": 0.9345794392523364,
        "emission": 2.0499251681881873e-05
    }
}