{
    "Nearest Neighbors": {
        "AVG-PR": 0.14849428868120457,
        "ROC-AUC": 0.5555555555555556,
        "Accuracy": 0.9626168224299065,
        "emission": 1.9815749722296473e-08
    },
    "Linear SVM": {
        "AVG-PR": 0.4155169856104436,
        "ROC-AUC": 0.77289972899729,
        "Accuracy": 0.9719626168224299,
        "emission": 8.891346845302743e-09
    },
    "RBF SVM": {
        "AVG-PR": 0.04205607476635514,
        "ROC-AUC": 0.5,
        "Accuracy": 0.9579439252336449,
        "emission": 3.6955271952495556e-08
    },
    "Gaussian Process": {
        "AVG-PR": 0.5742471443406023,
        "ROC-AUC": 0.7777777777777778,
        "Accuracy": 0.9813084112149533,
        "emission": 7.481720804551104e-06
    },
    "Decision Tree": {
        "AVG-PR": 0.48165455174800975,
        "ROC-AUC": 0.7753387533875339,
        "Accuracy": 0.9766355140186916,
        "emission": 8.996823692506471e-09
    },
    "Random Forest": {
        "AVG-PR": 0.04205607476635514,
        "ROC-AUC": 0.5,
        "Accuracy": 0.9579439252336449,
        "emission": 5.25611412105746e-07
    },
    "AdaBoost": {
        "AVG-PR": 0.46780893042575283,
        "ROC-AUC": 0.7222222222222222,
        "Accuracy": 0.9766355140186916,
        "emission": 7.530107168296173e-08
    },
    "Naive Bayes": {
        "AVG-PR": 0.48165455174800975,
        "ROC-AUC": 0.7753387533875339,
        "Accuracy": 0.9766355140186916,
        "emission": 6.735157763217725e-09
    },
    "QDA": {
        "AVG-PR": 0.05027932960893855,
        "ROC-AUC": 0.5853658536585367,
        "Accuracy": 0.205607476635514,
        "emission": 8.043787878824504e-08
    },
    "PLS-DA": {
        "AVG-PR": 0.7000285056909575,
        "ROC-AUC": 0.8628726287262873,
        "Accuracy": 0.9766355140186916,
        "emission": 6.08148664043819e-07
    },
    "DNN": {
        "AVG-PR": 0.5820766431171056,
        "ROC-AUC": 0.7967479674796747,
        "Accuracy": 0.9579439252336449,
        "emission": 2.083131128727445e-05
    }
}