{
    "Nearest Neighbors": {
        "AVG-PR": 0.3965002134016219,
        "ROC-AUC": 0.6818181818181819,
        "Accuracy": 0.9671361502347418,
        "emission": 1.4570505157839994e-08
    },
    "Linear SVM": {
        "AVG-PR": 0.5137288376724997,
        "ROC-AUC": 0.8132313231323132,
        "Accuracy": 0.971830985915493,
        "emission": 1.0313923261847033e-08
    },
    "RBF SVM": {
        "AVG-PR": 0.051643192488262914,
        "ROC-AUC": 0.5,
        "Accuracy": 0.9483568075117371,
        "emission": 3.516988972801936e-08
    },
    "Gaussian Process": {
        "AVG-PR": 0.3965002134016219,
        "ROC-AUC": 0.6818181818181819,
        "Accuracy": 0.9671361502347418,
        "emission": 5.429614333204651e-06
    },
    "Decision Tree": {
        "AVG-PR": 0.38711054204011947,
        "ROC-AUC": 0.7653015301530153,
        "Accuracy": 0.9624413145539906,
        "emission": 6.754331498781934e-09
    },
    "Random Forest": {
        "AVG-PR": 0.051643192488262914,
        "ROC-AUC": 0.5,
        "Accuracy": 0.9483568075117371,
        "emission": 5.193822950104439e-07
    },
    "AdaBoost": {
        "AVG-PR": 0.3157490396927017,
        "ROC-AUC": 0.7983798379837983,
        "Accuracy": 0.9436619718309859,
        "emission": 7.6009032728349e-08
    },
    "Naive Bayes": {
        "AVG-PR": 0.19448001138141982,
        "ROC-AUC": 0.6694419441944195,
        "Accuracy": 0.9436619718309859,
        "emission": 6.161281750282801e-09
    },
    "QDA": {
        "AVG-PR": 0.05851063829787234,
        "ROC-AUC": 0.5618811881188119,
        "Accuracy": 0.16901408450704225,
        "emission": 8.328256268422296e-08
    },
    "PLS-DA": {
        "AVG-PR": 0.5661873114589412,
        "ROC-AUC": 0.8154815481548155,
        "Accuracy": 0.971830985915493,
        "emission": 6.162324374828387e-07
    },
    "DNN": {
        "AVG-PR": 0.7006707841301241,
        "ROC-AUC": 0.9608460846084609,
        "Accuracy": 0.9624413145539906,
        "emission": 2.07706596453914e-05
    }
}