{
    "Nearest Neighbors": {
        "AVG-PR": 0.17089452603471295,
        "ROC-AUC": 0.5714285714285714,
        "Accuracy": 0.9719626168224299,
        "emission": 1.5776957081378938e-08
    },
    "Linear SVM": {
        "AVG-PR": 0.07565643079661771,
        "ROC-AUC": 0.5665976535541752,
        "Accuracy": 0.9626168224299065,
        "emission": 8.926998119488326e-09
    },
    "RBF SVM": {
        "AVG-PR": 0.03271028037383177,
        "ROC-AUC": 0.5,
        "Accuracy": 0.9672897196261683,
        "emission": 4.042245372479987e-08
    },
    "Gaussian Process": {
        "AVG-PR": 0.03271028037383177,
        "ROC-AUC": 0.5,
        "Accuracy": 0.9672897196261683,
        "emission": 3.4059589558632722e-06
    },
    "Decision Tree": {
        "AVG-PR": 0.03271028037383177,
        "ROC-AUC": 0.4975845410628019,
        "Accuracy": 0.9626168224299065,
        "emission": 7.633115005861516e-09
    },
    "Random Forest": {
        "AVG-PR": 0.03271028037383177,
        "ROC-AUC": 0.5,
        "Accuracy": 0.9672897196261683,
        "emission": 5.237576615421991e-07
    },
    "AdaBoost": {
        "AVG-PR": 0.09946595460614152,
        "ROC-AUC": 0.5690131124913733,
        "Accuracy": 0.9672897196261683,
        "emission": 7.338721593365793e-08
    },
    "Naive Bayes": {
        "AVG-PR": 0.21384067645749888,
        "ROC-AUC": 0.6404416839199447,
        "Accuracy": 0.9719626168224299,
        "emission": 7.373255888568566e-09
    },
    "QDA": {
        "AVG-PR": 0.03867403314917127,
        "ROC-AUC": 0.5797101449275363,
        "Accuracy": 0.18691588785046728,
        "emission": 9.249508331890084e-08
    },
    "PLS-DA": {
        "AVG-PR": 0.40908838658726593,
        "ROC-AUC": 0.8405797101449275,
        "Accuracy": 0.9719626168224299,
        "emission": 6.209907767320489e-07
    },
    "DNN": {
        "AVG-PR": 0.3256979218486402,
        "ROC-AUC": 0.7826086956521738,
        "Accuracy": 0.9672897196261683,
        "emission": 2.069344236342518e-05
    }
}