{
    "Nearest Neighbors": {
        "AVG-PR": 0.05674044265593561,
        "ROC-AUC": 0.5617198335644937,
        "Accuracy": 0.9530516431924883,
        "emission": 1.4561001652808088e-08
    },
    "Linear SVM": {
        "AVG-PR": 0.07578806170355466,
        "ROC-AUC": 0.5665742024965326,
        "Accuracy": 0.9624413145539906,
        "emission": 8.077038601137368e-09
    },
    "RBF SVM": {
        "AVG-PR": 0.03286384976525822,
        "ROC-AUC": 0.5,
        "Accuracy": 0.9671361502347418,
        "emission": 3.5906490873623616e-08
    },
    "Gaussian Process": {
        "AVG-PR": 0.1710261569416499,
        "ROC-AUC": 0.5714285714285714,
        "Accuracy": 0.971830985915493,
        "emission": 3.4327139155325728e-06
    },
    "Decision Tree": {
        "AVG-PR": 0.05674044265593561,
        "ROC-AUC": 0.5617198335644937,
        "Accuracy": 0.9530516431924883,
        "emission": 8.509835152134673e-09
    },
    "Random Forest": {
        "AVG-PR": 0.03286384976525822,
        "ROC-AUC": 0.5,
        "Accuracy": 0.9671361502347418,
        "emission": 6.569205032497672e-07
    },
    "AdaBoost": {
        "AVG-PR": 0.051978537894030855,
        "ROC-AUC": 0.5592926490984743,
        "Accuracy": 0.9483568075117371,
        "emission": 1.058313232790902e-07
    },
    "Naive Bayes": {
        "AVG-PR": 0.06388329979879276,
        "ROC-AUC": 0.5641470180305131,
        "Accuracy": 0.9577464788732394,
        "emission": 1.1831421123467326e-08
    },
    "QDA": {
        "AVG-PR": 0.038461538461538464,
        "ROC-AUC": 0.575242718446602,
        "Accuracy": 0.1784037558685446,
        "emission": 7.687033181695299e-08
    },
    "PLS-DA": {
        "AVG-PR": 0.20851004444711696,
        "ROC-AUC": 0.7808599167822469,
        "Accuracy": 0.9624413145539906,
        "emission": 6.081700032977799e-07
    },
    "DNN": {
        "AVG-PR": 0.12766590525694402,
        "ROC-AUC": 0.7219140083217753,
        "Accuracy": 0.9671361502347418,
        "emission": 2.0633928361127017e-05
    }
}