{
    "Nearest Neighbors": {
        "AVG-PR": 0.46403344810624697,
        "ROC-AUC": 0.7667724867724868,
        "Accuracy": 0.9252336448598131,
        "emission": 1.7606027413127397e-08
    },
    "Linear SVM": {
        "AVG-PR": 0.562852197992385,
        "ROC-AUC": 0.8588359788359788,
        "Accuracy": 0.9345794392523364,
        "emission": 1.2800668874907382e-08
    },
    "RBF SVM": {
        "AVG-PR": 0.11682242990654206,
        "ROC-AUC": 0.5,
        "Accuracy": 0.883177570093458,
        "emission": 3.591053903618822e-08
    },
    "Gaussian Process": {
        "AVG-PR": 0.6114018691588785,
        "ROC-AUC": 0.78,
        "Accuracy": 0.9485981308411215,
        "emission": 6.126662005069172e-06
    },
    "Decision Tree": {
        "AVG-PR": 0.5540560747663551,
        "ROC-AUC": 0.8094179894179895,
        "Accuracy": 0.9392523364485982,
        "emission": 1.003345979486373e-08
    },
    "Random Forest": {
        "AVG-PR": 0.11682242990654206,
        "ROC-AUC": 0.5,
        "Accuracy": 0.883177570093458,
        "emission": 5.23208441961083e-07
    },
    "AdaBoost": {
        "AVG-PR": 0.562837723024639,
        "ROC-AUC": 0.8267724867724868,
        "Accuracy": 0.9392523364485982,
        "emission": 7.218181002135182e-08
    },
    "Naive Bayes": {
        "AVG-PR": 0.3350333778371161,
        "ROC-AUC": 0.7161904761904762,
        "Accuracy": 0.897196261682243,
        "emission": 5.559475437143278e-09
    },
    "QDA": {
        "AVG-PR": 0.12310923525273842,
        "ROC-AUC": 0.5287830687830688,
        "Accuracy": 0.22897196261682243,
        "emission": 8.296515135080246e-08
    },
    "PLS-DA": {
        "AVG-PR": 0.8416420056987858,
        "ROC-AUC": 0.9439153439153439,
        "Accuracy": 0.9485981308411215,
        "emission": 6.051182704774665e-07
    },
    "DNN": {
        "AVG-PR": 0.8386556674262682,
        "ROC-AUC": 0.9473015873015873,
        "Accuracy": 0.9392523364485982,
        "emission": 2.0730484673585923e-05
    }
}