{
    "Nearest Neighbors": {
        "AVG-PR": 0.23373762204030518,
        "ROC-AUC": 0.5965097831835008,
        "Accuracy": 0.8598130841121495,
        "emission": 1.8295199077685802e-08
    },
    "Linear SVM": {
        "AVG-PR": 0.2489630222573368,
        "ROC-AUC": 0.6471002996650802,
        "Accuracy": 0.8317757009345794,
        "emission": 1.29122961183064e-08
    },
    "RBF SVM": {
        "AVG-PR": 0.1724449804039795,
        "ROC-AUC": 0.5161290322580645,
        "Accuracy": 0.8598130841121495,
        "emission": 3.693849105208602e-08
    },
    "Gaussian Process": {
        "AVG-PR": 0.3955682845945131,
        "ROC-AUC": 0.7094130089899524,
        "Accuracy": 0.8925233644859814,
        "emission": 5.384351071101498e-06
    },
    "Decision Tree": {
        "AVG-PR": 0.2894396830182179,
        "ROC-AUC": 0.6315000881367883,
        "Accuracy": 0.8738317757009346,
        "emission": 9.047701818110882e-09
    },
    "Random Forest": {
        "AVG-PR": 0.14485981308411214,
        "ROC-AUC": 0.5,
        "Accuracy": 0.8551401869158879,
        "emission": 5.193255341202299e-07
    },
    "AdaBoost": {
        "AVG-PR": 0.2907485810908233,
        "ROC-AUC": 0.663493742288031,
        "Accuracy": 0.8598130841121495,
        "emission": 7.25435465903159e-08
    },
    "Naive Bayes": {
        "AVG-PR": 0.22954751007208046,
        "ROC-AUC": 0.6361713379164463,
        "Accuracy": 0.8130841121495327,
        "emission": 8.384453435626932e-09
    },
    "QDA": {
        "AVG-PR": 0.17613636363636365,
        "ROC-AUC": 0.6038251366120219,
        "Accuracy": 0.32242990654205606,
        "emission": 7.700945101973639e-08
    },
    "PLS-DA": {
        "AVG-PR": 0.5299693796687023,
        "ROC-AUC": 0.8028380045831129,
        "Accuracy": 0.8878504672897196,
        "emission": 6.129005513058486e-07
    },
    "DNN": {
        "AVG-PR": 0.5598709394574501,
        "ROC-AUC": 0.8405605499735589,
        "Accuracy": 0.883177570093458,
        "emission": 2.0577927413695657e-05
    }
}