{
    "Nearest Neighbors": {
        "AVG-PR": 0.22340043134435658,
        "ROC-AUC": 0.6159983633387889,
        "Accuracy": 0.8785046728971962,
        "emission": 2.7703682497926696e-08
    },
    "Linear SVM": {
        "AVG-PR": 0.26400371435418163,
        "ROC-AUC": 0.6769639934533552,
        "Accuracy": 0.8691588785046729,
        "emission": 1.1960776466999342e-08
    },
    "RBF SVM": {
        "AVG-PR": 0.1552839683680805,
        "ROC-AUC": 0.5192307692307693,
        "Accuracy": 0.883177570093458,
        "emission": 3.525569125391238e-08
    },
    "Gaussian Process": {
        "AVG-PR": 0.1996447752357593,
        "ROC-AUC": 0.6080196399345335,
        "Accuracy": 0.8644859813084113,
        "emission": 7.093800922848423e-06
    },
    "Decision Tree": {
        "AVG-PR": 0.3253055355859094,
        "ROC-AUC": 0.7319967266775776,
        "Accuracy": 0.8785046728971962,
        "emission": 7.3879649888984e-09
    },
    "Random Forest": {
        "AVG-PR": 0.12149532710280374,
        "ROC-AUC": 0.5,
        "Accuracy": 0.8785046728971962,
        "emission": 5.212227468428854e-07
    },
    "AdaBoost": {
        "AVG-PR": 0.38424210584526897,
        "ROC-AUC": 0.7592062193126021,
        "Accuracy": 0.897196261682243,
        "emission": 7.588644422348581e-08
    },
    "Naive Bayes": {
        "AVG-PR": 0.19113556090394773,
        "ROC-AUC": 0.6139525368248773,
        "Accuracy": 0.8457943925233645,
        "emission": 6.56175699823577e-09
    },
    "QDA": {
        "AVG-PR": 0.1326530612244898,
        "ROC-AUC": 0.5478723404255319,
        "Accuracy": 0.205607476635514,
        "emission": 8.545020950854202e-08
    },
    "PLS-DA": {
        "AVG-PR": 0.4856601324438532,
        "ROC-AUC": 0.8848199672667758,
        "Accuracy": 0.8785046728971962,
        "emission": 6.20304893216559e-07
    },
    "DNN": {
        "AVG-PR": 0.5682936280468771,
        "ROC-AUC": 0.8829787234042554,
        "Accuracy": 0.8878504672897196,
        "emission": 2.0866199844090637e-05
    }
}