{
    "Nearest Neighbors": {
        "AVG-PR": 0.07725138711054205,
        "ROC-AUC": 0.5405040504050405,
        "Accuracy": 0.9436619718309859,
        "emission": 1.7733126929595328e-08
    },
    "Linear SVM": {
        "AVG-PR": 0.10574050362782757,
        "ROC-AUC": 0.6140864086408641,
        "Accuracy": 0.92018779342723,
        "emission": 1.2389484543732968e-08
    },
    "RBF SVM": {
        "AVG-PR": 0.051643192488262914,
        "ROC-AUC": 0.5,
        "Accuracy": 0.9483568075117371,
        "emission": 3.74071744217895e-08
    },
    "Gaussian Process": {
        "AVG-PR": 0.051643192488262914,
        "ROC-AUC": 0.5,
        "Accuracy": 0.9483568075117371,
        "emission": 5.096266817875454e-06
    },
    "Decision Tree": {
        "AVG-PR": 0.09240290226205719,
        "ROC-AUC": 0.5429792979297929,
        "Accuracy": 0.9483568075117371,
        "emission": 8.427137609601928e-09
    },
    "Random Forest": {
        "AVG-PR": 0.051643192488262914,
        "ROC-AUC": 0.5,
        "Accuracy": 0.9483568075117371,
        "emission": 5.167221751904796e-07
    },
    "AdaBoost": {
        "AVG-PR": 0.15407597097737943,
        "ROC-AUC": 0.6620162016201621,
        "Accuracy": 0.9295774647887324,
        "emission": 7.417857885378505e-08
    },
    "Naive Bayes": {
        "AVG-PR": 0.10285958173282117,
        "ROC-AUC": 0.581008100810081,
        "Accuracy": 0.9389671361502347,
        "emission": 6.955624465515159e-09
    },
    "QDA": {
        "AVG-PR": 0.06321839080459771,
        "ROC-AUC": 0.5965346534653465,
        "Accuracy": 0.2347417840375587,
        "emission": 7.76118225035097e-08
    },
    "PLS-DA": {
        "AVG-PR": 0.34308562600791115,
        "ROC-AUC": 0.8807380738073807,
        "Accuracy": 0.9389671361502347,
        "emission": 6.068839787356845e-07
    },
    "DNN": {
        "AVG-PR": 0.29035881847037676,
        "ROC-AUC": 0.7457245724572458,
        "Accuracy": 0.9483568075117371,
        "emission": 2.0945134816860682e-05
    }
}