{
    "Nearest Neighbors": {
        "AVG-PR": 0.3030417368084983,
        "ROC-AUC": 0.6278169815615753,
        "Accuracy": 0.9158878504672897,
        "emission": 1.6555872703498508e-08
    },
    "Linear SVM": {
        "AVG-PR": 0.20259863392736205,
        "ROC-AUC": 0.6398816298656954,
        "Accuracy": 0.8691588785046729,
        "emission": 1.2287967385829564e-08
    },
    "RBF SVM": {
        "AVG-PR": 0.1462819991873222,
        "ROC-AUC": 0.5217391304347826,
        "Accuracy": 0.897196261682243,
        "emission": 3.730866998252583e-08
    },
    "Gaussian Process": {
        "AVG-PR": 0.10747663551401869,
        "ROC-AUC": 0.5,
        "Accuracy": 0.8925233644859814,
        "emission": 3.2617408495770042e-06
    },
    "Decision Tree": {
        "AVG-PR": 0.16607973271931012,
        "ROC-AUC": 0.5738675165035283,
        "Accuracy": 0.8878504672897196,
        "emission": 8.648746719441425e-09
    },
    "Random Forest": {
        "AVG-PR": 0.10747663551401869,
        "ROC-AUC": 0.5,
        "Accuracy": 0.8925233644859814,
        "emission": 5.271703687482209e-07
    },
    "AdaBoost": {
        "AVG-PR": 0.2092238927265339,
        "ROC-AUC": 0.6424994309128158,
        "Accuracy": 0.8738317757009346,
        "emission": 7.505311642950054e-08
    },
    "Naive Bayes": {
        "AVG-PR": 0.19124049457247344,
        "ROC-AUC": 0.6094923742317323,
        "Accuracy": 0.883177570093458,
        "emission": 5.745247923355439e-09
    },
    "QDA": {
        "AVG-PR": 0.12423811458756603,
        "ROC-AUC": 0.575119508308673,
        "Accuracy": 0.2757009345794392,
        "emission": 8.34614376446858e-08
    },
    "PLS-DA": {
        "AVG-PR": 0.4109447534890427,
        "ROC-AUC": 0.854996585476895,
        "Accuracy": 0.8785046728971962,
        "emission": 6.283146079730434e-07
    },
    "DNN": {
        "AVG-PR": 0.512836577109723,
        "ROC-AUC": 0.8463464602777145,
        "Accuracy": 0.8925233644859814,
        "emission": 2.0391185026226862e-05
    }
}