{
    "Nearest Neighbors": {
        "AVG-PR": 0.037383177570093455,
        "ROC-AUC": 0.4975728155339806,
        "Accuracy": 0.9579439252336449,
        "emission": 1.612125973324173e-08
    },
    "Linear SVM": {
        "AVG-PR": 0.037383177570093455,
        "ROC-AUC": 0.4830097087378641,
        "Accuracy": 0.9299065420560748,
        "emission": 9.985132647956184e-09
    },
    "RBF SVM": {
        "AVG-PR": 0.037383177570093455,
        "ROC-AUC": 0.5,
        "Accuracy": 0.9626168224299065,
        "emission": 3.530580106234019e-08
    },
    "Gaussian Process": {
        "AVG-PR": 0.037383177570093455,
        "ROC-AUC": 0.5,
        "Accuracy": 0.9626168224299065,
        "emission": 3.0843046993694047e-06
    },
    "Decision Tree": {
        "AVG-PR": 0.1280373831775701,
        "ROC-AUC": 0.6177184466019418,
        "Accuracy": 0.9579439252336449,
        "emission": 8.777092259449267e-09
    },
    "Random Forest": {
        "AVG-PR": 0.037383177570093455,
        "ROC-AUC": 0.5,
        "Accuracy": 0.9626168224299065,
        "emission": 5.327475052974942e-07
    },
    "AdaBoost": {
        "AVG-PR": 0.08359293873312565,
        "ROC-AUC": 0.6080097087378641,
        "Accuracy": 0.9392523364485982,
        "emission": 7.402119935952002e-08
    },
    "Naive Bayes": {
        "AVG-PR": 0.037383177570093455,
        "ROC-AUC": 0.49514563106796117,
        "Accuracy": 0.9532710280373832,
        "emission": 6.229084839700542e-09
    },
    "QDA": {
        "AVG-PR": 0.03725268443030423,
        "ROC-AUC": 0.4981796116504854,
        "Accuracy": 0.14953271028037382,
        "emission": 7.53536997995192e-08
    },
    "PLS-DA": {
        "AVG-PR": 0.1645403879634494,
        "ROC-AUC": 0.6941747572815534,
        "Accuracy": 0.9579439252336449,
        "emission": 6.275733429157566e-07
    },
    "DNN": {
        "AVG-PR": 0.10248057638518582,
        "ROC-AUC": 0.5576456310679612,
        "Accuracy": 0.9626168224299065,
        "emission": 2.121531386558668e-05
    }
}