{
    "Nearest Neighbors": {
        "AVG-PR": 0.28817023521073365,
        "ROC-AUC": 0.6769657357892652,
        "Accuracy": 0.8785046728971962,
        "emission": 1.6436635061247437e-08
    },
    "Linear SVM": {
        "AVG-PR": 0.2073035652474905,
        "ROC-AUC": 0.6160625866508219,
        "Accuracy": 0.8551401869158879,
        "emission": 1.2343859164955467e-08
    },
    "RBF SVM": {
        "AVG-PR": 0.1261682242990654,
        "ROC-AUC": 0.4946524064171123,
        "Accuracy": 0.8644859813084113,
        "emission": 3.5348118845405775e-08
    },
    "Gaussian Process": {
        "AVG-PR": 0.1261682242990654,
        "ROC-AUC": 0.5,
        "Accuracy": 0.8738317757009346,
        "emission": 1.6982115676268067e-06
    },
    "Decision Tree": {
        "AVG-PR": 0.17332025691319564,
        "ROC-AUC": 0.5607050901168549,
        "Accuracy": 0.8691588785046729,
        "emission": 7.698849378150424e-09
    },
    "Random Forest": {
        "AVG-PR": 0.1261682242990654,
        "ROC-AUC": 0.5,
        "Accuracy": 0.8738317757009346,
        "emission": 1.312202478299272e-06
    },
    "AdaBoost": {
        "AVG-PR": 0.18701973001038422,
        "ROC-AUC": 0.5870469399881165,
        "Accuracy": 0.8598130841121495,
        "emission": 7.395151493492758e-08
    },
    "Naive Bayes": {
        "AVG-PR": 0.1445136725510557,
        "ROC-AUC": 0.5419885125767478,
        "Accuracy": 0.8364485981308412,
        "emission": 6.770747078835501e-09
    },
    "QDA": {
        "AVG-PR": 0.1407437506584195,
        "ROC-AUC": 0.5590215884333531,
        "Accuracy": 0.2570093457943925,
        "emission": 7.791866737786997e-08
    },
    "PLS-DA": {
        "AVG-PR": 0.409140755408102,
        "ROC-AUC": 0.7127153891859774,
        "Accuracy": 0.8878504672897196,
        "emission": 6.057769102897186e-07
    },
    "DNN": {
        "AVG-PR": 0.3955768474818762,
        "ROC-AUC": 0.7414339473163003,
        "Accuracy": 0.883177570093458,
        "emission": 2.1579077196215242e-05
    }
}