{
    "Nearest Neighbors": {
        "AVG-PR": 0.5959026888604354,
        "ROC-AUC": 0.8586858685868587,
        "Accuracy": 0.9765258215962441,
        "emission": 1.4602662457999425e-08
    },
    "Linear SVM": {
        "AVG-PR": 0.42966892262666906,
        "ROC-AUC": 0.8487848784878488,
        "Accuracy": 0.9577464788732394,
        "emission": 9.955924712932981e-09
    },
    "RBF SVM": {
        "AVG-PR": 0.13785744771660266,
        "ROC-AUC": 0.5454545454545454,
        "Accuracy": 0.9530516431924883,
        "emission": 3.7832081777674634e-08
    },
    "Gaussian Process": {
        "AVG-PR": 0.051643192488262914,
        "ROC-AUC": 0.5,
        "Accuracy": 0.9483568075117371,
        "emission": 3.285308955064295e-06
    },
    "Decision Tree": {
        "AVG-PR": 0.38711054204011947,
        "ROC-AUC": 0.7653015301530153,
        "Accuracy": 0.9624413145539906,
        "emission": 8.647858641665809e-09
    },
    "Random Forest": {
        "AVG-PR": 0.051643192488262914,
        "ROC-AUC": 0.5,
        "Accuracy": 0.9483568075117371,
        "emission": 5.197526201682215e-07
    },
    "AdaBoost": {
        "AVG-PR": 0.33696116090482287,
        "ROC-AUC": 0.8008550855085508,
        "Accuracy": 0.9483568075117371,
        "emission": 7.235727741855159e-08
    },
    "Naive Bayes": {
        "AVG-PR": 0.240656057557466,
        "ROC-AUC": 0.6743924392439244,
        "Accuracy": 0.9530516431924883,
        "emission": 7.36973302336426e-09
    },
    "QDA": {
        "AVG-PR": 0.057291666666666664,
        "ROC-AUC": 0.551980198019802,
        "Accuracy": 0.15023474178403756,
        "emission": 8.67095575709106e-08
    },
    "PLS-DA": {
        "AVG-PR": 0.7903834181569159,
        "ROC-AUC": 0.8951395139513951,
        "Accuracy": 0.9765258215962441,
        "emission": 5.927192047378117e-07
    },
    "DNN": {
        "AVG-PR": 0.769394286640276,
        "ROC-AUC": 0.8357335733573358,
        "Accuracy": 0.9530516431924883,
        "emission": 2.0413020413185552e-05
    }
}