{
    "Nearest Neighbors": {
        "AVG-PR": 0.4256708750068317,
        "ROC-AUC": 0.7079622132253712,
        "Accuracy": 0.9439252336448598,
        "emission": 1.6546335397133517e-08
    },
    "Linear SVM": {
        "AVG-PR": 0.43540949335956713,
        "ROC-AUC": 0.7766531713900136,
        "Accuracy": 0.9392523364485982,
        "emission": 1.2095803560926372e-08
    },
    "RBF SVM": {
        "AVG-PR": 0.11042793900639448,
        "ROC-AUC": 0.5237516869095816,
        "Accuracy": 0.9112149532710281,
        "emission": 3.682562588761531e-08
    },
    "Gaussian Process": {
        "AVG-PR": 0.3576219648526584,
        "ROC-AUC": 0.7028340080971661,
        "Accuracy": 0.9345794392523364,
        "emission": 6.4264904701431695e-06
    },
    "Decision Tree": {
        "AVG-PR": 0.3784431874077718,
        "ROC-AUC": 0.6816464237516869,
        "Accuracy": 0.9392523364485982,
        "emission": 7.574464432055884e-09
    },
    "Random Forest": {
        "AVG-PR": 0.08878504672897196,
        "ROC-AUC": 0.5,
        "Accuracy": 0.9112149532710281,
        "emission": 5.171523058423162e-07
    },
    "AdaBoost": {
        "AVG-PR": 0.4537629119527791,
        "ROC-AUC": 0.8004048582995952,
        "Accuracy": 0.9392523364485982,
        "emission": 7.511631395776816e-08
    },
    "Naive Bayes": {
        "AVG-PR": 0.27110570326455585,
        "ROC-AUC": 0.7112010796221322,
        "Accuracy": 0.9065420560747663,
        "emission": 6.597449534632833e-09
    },
    "QDA": {
        "AVG-PR": 0.10497237569060773,
        "ROC-AUC": 0.5846153846153845,
        "Accuracy": 0.24299065420560748,
        "emission": 7.775898333485828e-08
    },
    "PLS-DA": {
        "AVG-PR": 0.724223363847981,
        "ROC-AUC": 0.8825910931174089,
        "Accuracy": 0.9392523364485982,
        "emission": 6.15308709395099e-07
    },
    "DNN": {
        "AVG-PR": 0.6012015665561236,
        "ROC-AUC": 0.8742240215924426,
        "Accuracy": 0.9392523364485982,
        "emission": 2.098110876942891e-05
    }
}