{
    "Nearest Neighbors": {
        "AVG-PR": 0.15227711022103546,
        "ROC-AUC": 0.5450283740439181,
        "Accuracy": 0.9065420560747663,
        "emission": 2.6442150126465633e-08
    },
    "Linear SVM": {
        "AVG-PR": 0.33544314229672484,
        "ROC-AUC": 0.773254379471996,
        "Accuracy": 0.897196261682243,
        "emission": 1.2520281534109535e-08
    },
    "RBF SVM": {
        "AVG-PR": 0.14107699154428127,
        "ROC-AUC": 0.5238095238095238,
        "Accuracy": 0.9065420560747663,
        "emission": 3.406412897588375e-08
    },
    "Gaussian Process": {
        "AVG-PR": 0.09813084112149532,
        "ROC-AUC": 0.5,
        "Accuracy": 0.9018691588785047,
        "emission": 2.2614335097607177e-06
    },
    "Decision Tree": {
        "AVG-PR": 0.40684801958166444,
        "ROC-AUC": 0.7489513940291143,
        "Accuracy": 0.9299065420560748,
        "emission": 8.920105731863618e-09
    },
    "Random Forest": {
        "AVG-PR": 0.09813084112149532,
        "ROC-AUC": 0.5,
        "Accuracy": 0.9018691588785047,
        "emission": 5.039142760599303e-07
    },
    "AdaBoost": {
        "AVG-PR": 0.37270063788755375,
        "ROC-AUC": 0.7810264001973847,
        "Accuracy": 0.9112149532710281,
        "emission": 8.51201575009337e-08
    },
    "Naive Bayes": {
        "AVG-PR": 0.20587238010468983,
        "ROC-AUC": 0.6567974339995065,
        "Accuracy": 0.8785046728971962,
        "emission": 8.419043621280131e-09
    },
    "QDA": {
        "AVG-PR": 0.11351351351351352,
        "ROC-AUC": 0.5751295336787565,
        "Accuracy": 0.2336448598130841,
        "emission": 8.418913324609463e-08
    },
    "PLS-DA": {
        "AVG-PR": 0.6744562011533652,
        "ROC-AUC": 0.8919319022945966,
        "Accuracy": 0.9392523364485982,
        "emission": 6.205796680863013e-07
    },
    "DNN": {
        "AVG-PR": 0.6933672189460757,
        "ROC-AUC": 0.8455465087589439,
        "Accuracy": 0.9392523364485982,
        "emission": 2.182802995851108e-05
    }
}