{
    "Nearest Neighbors": {
        "AVG-PR": 0.15786384976525822,
        "ROC-AUC": 0.5625,
        "Accuracy": 0.9671361502347418,
        "emission": 1.588495341774184e-08
    },
    "Linear SVM": {
        "AVG-PR": 0.07453051643192488,
        "ROC-AUC": 0.5576219512195122,
        "Accuracy": 0.9577464788732394,
        "emission": 1.0833843197653283e-08
    },
    "RBF SVM": {
        "AVG-PR": 0.03755868544600939,
        "ROC-AUC": 0.5,
        "Accuracy": 0.9624413145539906,
        "emission": 3.833756876639877e-08
    },
    "Gaussian Process": {
        "AVG-PR": 0.15786384976525822,
        "ROC-AUC": 0.5625,
        "Accuracy": 0.9671361502347418,
        "emission": 5.608800744230379e-06
    },
    "Decision Tree": {
        "AVG-PR": 0.06411384976525822,
        "ROC-AUC": 0.5551829268292682,
        "Accuracy": 0.9530516431924883,
        "emission": 9.284830782767962e-09
    },
    "Random Forest": {
        "AVG-PR": 0.03755868544600939,
        "ROC-AUC": 0.5,
        "Accuracy": 0.9624413145539906,
        "emission": 5.29529499519903e-07
    },
    "AdaBoost": {
        "AVG-PR": 0.05786384976525822,
        "ROC-AUC": 0.5527439024390244,
        "Accuracy": 0.9483568075117371,
        "emission": 7.623280072704577e-08
    },
    "Naive Bayes": {
        "AVG-PR": 0.07453051643192488,
        "ROC-AUC": 0.5576219512195122,
        "Accuracy": 0.9577464788732394,
        "emission": 7.075291366516269e-09
    },
    "QDA": {
        "AVG-PR": 0.043243243243243246,
        "ROC-AUC": 0.5682926829268293,
        "Accuracy": 0.16901408450704225,
        "emission": 7.551858845620594e-08
    },
    "PLS-DA": {
        "AVG-PR": 0.20276350351024355,
        "ROC-AUC": 0.6317073170731706,
        "Accuracy": 0.9577464788732394,
        "emission": 6.496955817811441e-07
    },
    "DNN": {
        "AVG-PR": 0.3444820804195804,
        "ROC-AUC": 0.7152439024390245,
        "Accuracy": 0.9624413145539906,
        "emission": 2.0936707417658375e-05
    }
}