{
    "Nearest Neighbors": {
        "AVG-PR": 0.06516095534787122,
        "ROC-AUC": 0.5482384823848239,
        "Accuracy": 0.9485981308411215,
        "emission": 2.0802540479024098e-08
    },
    "Linear SVM": {
        "AVG-PR": 0.14382139148494288,
        "ROC-AUC": 0.6062330623306234,
        "Accuracy": 0.9579439252336449,
        "emission": 8.69862449210656e-09
    },
    "RBF SVM": {
        "AVG-PR": 0.04205607476635514,
        "ROC-AUC": 0.5,
        "Accuracy": 0.9579439252336449,
        "emission": 3.481493806509184e-08
    },
    "Gaussian Process": {
        "AVG-PR": 0.04205607476635514,
        "ROC-AUC": 0.5,
        "Accuracy": 0.9579439252336449,
        "emission": 3.3409989434856327e-06
    },
    "Decision Tree": {
        "AVG-PR": 0.0744202146071305,
        "ROC-AUC": 0.5506775067750678,
        "Accuracy": 0.9532710280373832,
        "emission": 8.247097611042031e-09
    },
    "Random Forest": {
        "AVG-PR": 0.04205607476635514,
        "ROC-AUC": 0.5,
        "Accuracy": 0.9579439252336449,
        "emission": 5.179179769104637e-07
    },
    "AdaBoost": {
        "AVG-PR": 0.0744202146071305,
        "ROC-AUC": 0.5506775067750678,
        "Accuracy": 0.9532710280373832,
        "emission": 9.02961608174415e-08
    },
    "Naive Bayes": {
        "AVG-PR": 0.14849428868120457,
        "ROC-AUC": 0.5555555555555556,
        "Accuracy": 0.9626168224299065,
        "emission": 6.4976878145242975e-09
    },
    "QDA": {
        "AVG-PR": 0.04396080388748329,
        "ROC-AUC": 0.5224932249322494,
        "Accuracy": 0.18691588785046728,
        "emission": 9.011769052467096e-08
    },
    "PLS-DA": {
        "AVG-PR": 0.14187959768521577,
        "ROC-AUC": 0.7441734417344174,
        "Accuracy": 0.9579439252336449,
        "emission": 6.083086061705236e-07
    },
    "DNN": {
        "AVG-PR": 0.20016514629395843,
        "ROC-AUC": 0.6981029810298103,
        "Accuracy": 0.9579439252336449,
        "emission": 2.0926981150491076e-05
    }
}