{
    "Nearest Neighbors": {
        "AVG-PR": 0.04225352112676056,
        "ROC-AUC": 0.5,
        "Accuracy": 0.9577464788732394,
        "emission": 1.668405551758882e-08
    },
    "Linear SVM": {
        "AVG-PR": 0.27816901408450706,
        "ROC-AUC": 0.6642156862745098,
        "Accuracy": 0.9671361502347418,
        "emission": 8.837701358691136e-09
    },
    "RBF SVM": {
        "AVG-PR": 0.04225352112676056,
        "ROC-AUC": 0.5,
        "Accuracy": 0.9577464788732394,
        "emission": 3.552638739966281e-08
    },
    "Gaussian Process": {
        "AVG-PR": 0.04225352112676056,
        "ROC-AUC": 0.5,
        "Accuracy": 0.9577464788732394,
        "emission": 2.5203876230697224e-06
    },
    "Decision Tree": {
        "AVG-PR": 0.13928012519561817,
        "ROC-AUC": 0.6519607843137254,
        "Accuracy": 0.9436619718309859,
        "emission": 7.358535180213182e-09
    },
    "Random Forest": {
        "AVG-PR": 0.04225352112676056,
        "ROC-AUC": 0.5,
        "Accuracy": 0.9577464788732394,
        "emission": 5.052992215226355e-07
    },
    "AdaBoost": {
        "AVG-PR": 0.2965571205007825,
        "ROC-AUC": 0.7655228758169935,
        "Accuracy": 0.9577464788732394,
        "emission": 8.64746565910582e-08
    },
    "Naive Bayes": {
        "AVG-PR": 0.10693792383933229,
        "ROC-AUC": 0.6013071895424837,
        "Accuracy": 0.9483568075117371,
        "emission": 6.162770172551027e-09
    },
    "QDA": {
        "AVG-PR": 0.04859058328020248,
        "ROC-AUC": 0.5669934640522876,
        "Accuracy": 0.27230046948356806,
        "emission": 8.496240878112723e-08
    },
    "PLS-DA": {
        "AVG-PR": 0.46435113708691794,
        "ROC-AUC": 0.8180827886710239,
        "Accuracy": 0.9671361502347418,
        "emission": 6.389465754246997e-07
    },
    "DNN": {
        "AVG-PR": 0.37403518505704253,
        "ROC-AUC": 0.7238562091503268,
        "Accuracy": 0.9577464788732394,
        "emission": 2.1170867089333282e-05
    }
}