{
    "Nearest Neighbors": {
        "AVG-PR": 0.04205607476635514,
        "ROC-AUC": 0.5,
        "Accuracy": 0.9579439252336449,
        "emission": 1.639360596646953e-08
    },
    "Linear SVM": {
        "AVG-PR": 0.14382139148494288,
        "ROC-AUC": 0.6062330623306234,
        "Accuracy": 0.9579439252336449,
        "emission": 9.118471692258699e-09
    },
    "RBF SVM": {
        "AVG-PR": 0.04205607476635514,
        "ROC-AUC": 0.5,
        "Accuracy": 0.9579439252336449,
        "emission": 3.72302966895668e-08
    },
    "Gaussian Process": {
        "AVG-PR": 0.04205607476635514,
        "ROC-AUC": 0.5,
        "Accuracy": 0.9579439252336449,
        "emission": 3.274665078013161e-06
    },
    "Decision Tree": {
        "AVG-PR": 0.09293873312564901,
        "ROC-AUC": 0.5531165311653117,
        "Accuracy": 0.9579439252336449,
        "emission": 7.423382316848688e-09
    },
    "Random Forest": {
        "AVG-PR": 0.04205607476635514,
        "ROC-AUC": 0.5,
        "Accuracy": 0.9579439252336449,
        "emission": 5.2456348624102e-07
    },
    "AdaBoost": {
        "AVG-PR": 0.12803738317757007,
        "ROC-AUC": 0.6495934959349593,
        "Accuracy": 0.9392523364485982,
        "emission": 7.611848368417384e-08
    },
    "Naive Bayes": {
        "AVG-PR": 0.06516095534787122,
        "ROC-AUC": 0.5482384823848239,
        "Accuracy": 0.9485981308411215,
        "emission": 5.651355201519937e-09
    },
    "QDA": {
        "AVG-PR": 0.04530781783118232,
        "ROC-AUC": 0.5371273712737128,
        "Accuracy": 0.21495327102803738,
        "emission": 2.6931134798219186e-07
    },
    "PLS-DA": {
        "AVG-PR": 0.19959461383216975,
        "ROC-AUC": 0.5772357723577236,
        "Accuracy": 0.9626168224299065,
        "emission": 6.972829908677371e-07
    },
    "DNN": {
        "AVG-PR": 0.16182940180478478,
        "ROC-AUC": 0.5029810298102981,
        "Accuracy": 0.9579439252336449,
        "emission": 2.0451287704678367e-05
    }
}