{
    "Nearest Neighbors": {
        "AVG-PR": 0.07578806170355466,
        "ROC-AUC": 0.5665742024965326,
        "Accuracy": 0.9624413145539906,
        "emission": 2.4482339466910828e-08
    },
    "Linear SVM": {
        "AVG-PR": 0.11871227364185111,
        "ROC-AUC": 0.6331484049930651,
        "Accuracy": 0.9577464788732394,
        "emission": 9.61527965602999e-09
    },
    "RBF SVM": {
        "AVG-PR": 0.03286384976525822,
        "ROC-AUC": 0.5,
        "Accuracy": 0.9671361502347418,
        "emission": 3.8492159406377846e-08
    },
    "Gaussian Process": {
        "AVG-PR": 0.06388329979879276,
        "ROC-AUC": 0.5641470180305131,
        "Accuracy": 0.9577464788732394,
        "emission": 5.589791582647947e-06
    },
    "Decision Tree": {
        "AVG-PR": 0.10510683146498036,
        "ROC-AUC": 0.6307212205270457,
        "Accuracy": 0.9530516431924883,
        "emission": 1.0187749169613128e-08
    },
    "Random Forest": {
        "AVG-PR": 0.03286384976525822,
        "ROC-AUC": 0.5,
        "Accuracy": 0.9671361502347418,
        "emission": 5.223392528524775e-07
    },
    "AdaBoost": {
        "AVG-PR": 0.1794936284372904,
        "ROC-AUC": 0.7021497919556172,
        "Accuracy": 0.9577464788732394,
        "emission": 7.473275609169999e-08
    },
    "Naive Bayes": {
        "AVG-PR": 0.08696624189581936,
        "ROC-AUC": 0.6258668515950069,
        "Accuracy": 0.9436619718309859,
        "emission": 6.2066406890652325e-09
    },
    "QDA": {
        "AVG-PR": 0.03825136612021858,
        "ROC-AUC": 0.5728155339805825,
        "Accuracy": 0.17370892018779344,
        "emission": 8.487077859131331e-08
    },
    "PLS-DA": {
        "AVG-PR": 0.4021279924894383,
        "ROC-AUC": 0.8606102635228848,
        "Accuracy": 0.9671361502347418,
        "emission": 6.264163911207687e-07
    },
    "DNN": {
        "AVG-PR": 0.22959900692819943,
        "ROC-AUC": 0.7954230235783633,
        "Accuracy": 0.9671361502347418,
        "emission": 2.0308091407033838e-05
    }
}