{
    "Nearest Neighbors": {
        "AVG-PR": 0.1417890520694259,
        "ROC-AUC": 0.5899497487437186,
        "Accuracy": 0.9252336448598131,
        "emission": 1.688318248015119e-08
    },
    "Linear SVM": {
        "AVG-PR": 0.19824412347776832,
        "ROC-AUC": 0.6515912897822446,
        "Accuracy": 0.9252336448598131,
        "emission": 1.1249734734565846e-08
    },
    "RBF SVM": {
        "AVG-PR": 0.07009345794392523,
        "ROC-AUC": 0.5,
        "Accuracy": 0.9299065420560748,
        "emission": 3.757430197281775e-08
    },
    "Gaussian Process": {
        "AVG-PR": 0.14963655244029075,
        "ROC-AUC": 0.5641541038525963,
        "Accuracy": 0.9345794392523364,
        "emission": 7.886928697415686e-06
    },
    "Decision Tree": {
        "AVG-PR": 0.08764278296988576,
        "ROC-AUC": 0.5283082077051926,
        "Accuracy": 0.9252336448598131,
        "emission": 8.988157652275022e-09
    },
    "Random Forest": {
        "AVG-PR": 0.07009345794392523,
        "ROC-AUC": 0.5,
        "Accuracy": 0.9299065420560748,
        "emission": 5.059093471569414e-07
    },
    "AdaBoost": {
        "AVG-PR": 0.20378282153983088,
        "ROC-AUC": 0.6257956448911224,
        "Accuracy": 0.9345794392523364,
        "emission": 7.336711784541442e-08
    },
    "Naive Bayes": {
        "AVG-PR": 0.12274143302180685,
        "ROC-AUC": 0.5849246231155778,
        "Accuracy": 0.9158878504672897,
        "emission": 6.96035668304181e-09
    },
    "QDA": {
        "AVG-PR": 0.09082808085198871,
        "ROC-AUC": 0.606532663316583,
        "Accuracy": 0.6121495327102804,
        "emission": 8.151193044299214e-08
    },
    "PLS-DA": {
        "AVG-PR": 0.47067579393059833,
        "ROC-AUC": 0.6941373534338356,
        "Accuracy": 0.9392523364485982,
        "emission": 6.170734498777743e-07
    },
    "DNN": {
        "AVG-PR": 0.5241463637333686,
        "ROC-AUC": 0.7798994974874373,
        "Accuracy": 0.9299065420560748,
        "emission": 2.0535640039691005e-05
    }
}