{
    "Nearest Neighbors": {
        "AVG-PR": 0.04225352112676056,
        "ROC-AUC": 0.5,
        "Accuracy": 0.9577464788732394,
        "emission": 2.2881409463173543e-08
    },
    "Linear SVM": {
        "AVG-PR": 0.22816901408450702,
        "ROC-AUC": 0.6617647058823529,
        "Accuracy": 0.9624413145539906,
        "emission": 1.0002061521735116e-08
    },
    "RBF SVM": {
        "AVG-PR": 0.04225352112676056,
        "ROC-AUC": 0.5,
        "Accuracy": 0.9577464788732394,
        "emission": 3.763251753043234e-08
    },
    "Gaussian Process": {
        "AVG-PR": 0.04225352112676056,
        "ROC-AUC": 0.5,
        "Accuracy": 0.9577464788732394,
        "emission": 4.4476033087644e-06
    },
    "Decision Tree": {
        "AVG-PR": 0.31977047470005215,
        "ROC-AUC": 0.7173202614379085,
        "Accuracy": 0.9671361502347418,
        "emission": 6.859233553840226e-09
    },
    "Random Forest": {
        "AVG-PR": 0.04225352112676056,
        "ROC-AUC": 0.5,
        "Accuracy": 0.9577464788732394,
        "emission": 5.175119200358407e-07
    },
    "AdaBoost": {
        "AVG-PR": 0.12175273865414711,
        "ROC-AUC": 0.6037581699346406,
        "Accuracy": 0.9530516431924883,
        "emission": 7.498092042962466e-08
    },
    "Naive Bayes": {
        "AVG-PR": 0.0597809076682316,
        "ROC-AUC": 0.545751633986928,
        "Accuracy": 0.9436619718309859,
        "emission": 7.927091704445646e-09
    },
    "QDA": {
        "AVG-PR": 0.043766874752790244,
        "ROC-AUC": 0.5179738562091504,
        "Accuracy": 0.1784037558685446,
        "emission": 8.20166495289685e-08
    },
    "PLS-DA": {
        "AVG-PR": 0.5119029401117582,
        "ROC-AUC": 0.8660130718954248,
        "Accuracy": 0.9624413145539906,
        "emission": 5.986021416195458e-07
    },
    "DNN": {
        "AVG-PR": 0.33225346597078675,
        "ROC-AUC": 0.7739651416122004,
        "Accuracy": 0.9577464788732394,
        "emission": 2.0549956292058188e-05
    }
}