{
    "Nearest Neighbors": {
        "AVG-PR": 0.03271028037383177,
        "ROC-AUC": 0.5,
        "Accuracy": 0.9672897196261683,
        "emission": 1.76261904561791e-08
    },
    "Linear SVM": {
        "AVG-PR": 0.07565643079661771,
        "ROC-AUC": 0.5665976535541752,
        "Accuracy": 0.9626168224299065,
        "emission": 9.85408590602888e-09
    },
    "RBF SVM": {
        "AVG-PR": 0.03271028037383177,
        "ROC-AUC": 0.5,
        "Accuracy": 0.9672897196261683,
        "emission": 3.684382783342356e-08
    },
    "Gaussian Process": {
        "AVG-PR": 0.03271028037383177,
        "ROC-AUC": 0.5,
        "Accuracy": 0.9672897196261683,
        "emission": 7.594707727788799e-06
    },
    "Decision Tree": {
        "AVG-PR": 0.045894526034712946,
        "ROC-AUC": 0.554520358868185,
        "Accuracy": 0.9392523364485982,
        "emission": 9.785930905636169e-09
    },
    "Random Forest": {
        "AVG-PR": 0.03271028037383177,
        "ROC-AUC": 0.5,
        "Accuracy": 0.9672897196261683,
        "emission": 5.205203749481267e-07
    },
    "AdaBoost": {
        "AVG-PR": 0.056608811748998664,
        "ROC-AUC": 0.5617667356797791,
        "Accuracy": 0.9532710280373832,
        "emission": 7.394946293373342e-08
    },
    "Naive Bayes": {
        "AVG-PR": 0.09946595460614152,
        "ROC-AUC": 0.5690131124913733,
        "Accuracy": 0.9672897196261683,
        "emission": 6.401965672739486e-09
    },
    "QDA": {
        "AVG-PR": 0.03804347826086957,
        "ROC-AUC": 0.572463768115942,
        "Accuracy": 0.17289719626168223,
        "emission": 8.97677516909627e-08
    },
    "PLS-DA": {
        "AVG-PR": 0.20254923314833728,
        "ROC-AUC": 0.7701863354037266,
        "Accuracy": 0.9672897196261683,
        "emission": 6.070437556424969e-07
    },
    "DNN": {
        "AVG-PR": 0.141065400519182,
        "ROC-AUC": 0.6901311249137335,
        "Accuracy": 0.9672897196261683,
        "emission": 2.0466009059929714e-05
    }
}