{
    "Nearest Neighbors": {
        "AVG-PR": 0.31011045029736617,
        "ROC-AUC": 0.6363636363636364,
        "Accuracy": 0.9626168224299065,
        "emission": 2.169593945177412e-08
    },
    "Linear SVM": {
        "AVG-PR": 0.2751345227980742,
        "ROC-AUC": 0.6768920734437976,
        "Accuracy": 0.9579439252336449,
        "emission": 9.905933109803344e-09
    },
    "RBF SVM": {
        "AVG-PR": 0.0514018691588785,
        "ROC-AUC": 0.5,
        "Accuracy": 0.9485981308411215,
        "emission": 3.449174208946589e-08
    },
    "Gaussian Process": {
        "AVG-PR": 0.4825828377230246,
        "ROC-AUC": 0.7272727272727273,
        "Accuracy": 0.9719626168224299,
        "emission": 1.962727732087269e-06
    },
    "Decision Tree": {
        "AVG-PR": 0.241928632115548,
        "ROC-AUC": 0.6339005821764442,
        "Accuracy": 0.9579439252336449,
        "emission": 7.3651803184843696e-09
    },
    "Random Forest": {
        "AVG-PR": 0.0514018691588785,
        "ROC-AUC": 0.5,
        "Accuracy": 0.9485981308411215,
        "emission": 5.024753508193916e-07
    },
    "AdaBoost": {
        "AVG-PR": 0.3963466440101954,
        "ROC-AUC": 0.6818181818181819,
        "Accuracy": 0.9672897196261683,
        "emission": 8.314554519539668e-08
    },
    "Naive Bayes": {
        "AVG-PR": 0.241928632115548,
        "ROC-AUC": 0.6339005821764442,
        "Accuracy": 0.9579439252336449,
        "emission": 6.042810313969101e-09
    },
    "QDA": {
        "AVG-PR": 0.06077348066298342,
        "ROC-AUC": 0.5812807881773399,
        "Accuracy": 0.205607476635514,
        "emission": 1.0343616543390966e-07
    },
    "PLS-DA": {
        "AVG-PR": 0.5034590098819348,
        "ROC-AUC": 0.9346171070309002,
        "Accuracy": 0.9626168224299065,
        "emission": 6.106707400894364e-07
    },
    "DNN": {
        "AVG-PR": 0.536946904105995,
        "ROC-AUC": 0.9144648454993283,
        "Accuracy": 0.9485981308411215,
        "emission": 2.0521542102580113e-05
    }
}