{
    "Nearest Neighbors": {
        "AVG-PR": 0.13473520249221183,
        "ROC-AUC": 0.5416666666666666,
        "Accuracy": 0.9485981308411215,
        "emission": 1.5874346730979102e-08
    },
    "Linear SVM": {
        "AVG-PR": 0.09434801958166444,
        "ROC-AUC": 0.570957095709571,
        "Accuracy": 0.9299065420560748,
        "emission": 9.05640908856556e-09
    },
    "RBF SVM": {
        "AVG-PR": 0.056074766355140186,
        "ROC-AUC": 0.5,
        "Accuracy": 0.9439252336448598,
        "emission": 3.590174980356016e-08
    },
    "Gaussian Process": {
        "AVG-PR": 0.13473520249221183,
        "ROC-AUC": 0.5416666666666666,
        "Accuracy": 0.9485981308411215,
        "emission": 7.519502617228172e-06
    },
    "Decision Tree": {
        "AVG-PR": 0.07917964693665627,
        "ROC-AUC": 0.5367161716171617,
        "Accuracy": 0.9392523364485982,
        "emission": 9.985212451684289e-09
    },
    "Random Forest": {
        "AVG-PR": 0.056074766355140186,
        "ROC-AUC": 0.5,
        "Accuracy": 0.9439252336448598,
        "emission": 5.245608842113961e-07
    },
    "AdaBoost": {
        "AVG-PR": 0.07917964693665627,
        "ROC-AUC": 0.5367161716171617,
        "Accuracy": 0.9392523364485982,
        "emission": 7.570239900409468e-08
    },
    "Naive Bayes": {
        "AVG-PR": 0.11339563862928348,
        "ROC-AUC": 0.5759075907590759,
        "Accuracy": 0.9392523364485982,
        "emission": 5.749067856830173e-09
    },
    "QDA": {
        "AVG-PR": 0.06196456386292835,
        "ROC-AUC": 0.5499174917491749,
        "Accuracy": 0.22429906542056074,
        "emission": 9.034293458017893e-08
    },
    "PLS-DA": {
        "AVG-PR": 0.24902670965481716,
        "ROC-AUC": 0.6955445544554455,
        "Accuracy": 0.9439252336448598,
        "emission": 6.091916827005635e-07
    },
    "DNN": {
        "AVG-PR": 0.24181921311765525,
        "ROC-AUC": 0.5952970297029703,
        "Accuracy": 0.9439252336448598,
        "emission": 2.0622622888350413e-05
    }
}