{
    "Nearest Neighbors": {
        "AVG-PR": 0.23146417445482864,
        "ROC-AUC": 0.6004159239453358,
        "Accuracy": 0.883177570093458,
        "emission": 1.695825714568521e-08
    },
    "Linear SVM": {
        "AVG-PR": 0.18756042539477924,
        "ROC-AUC": 0.6131907308377896,
        "Accuracy": 0.822429906542056,
        "emission": 1.2787232118141974e-08
    },
    "RBF SVM": {
        "AVG-PR": 0.1585323641398408,
        "ROC-AUC": 0.5185185185185185,
        "Accuracy": 0.8785046728971962,
        "emission": 3.4621389129853973e-08
    },
    "Gaussian Process": {
        "AVG-PR": 0.1261682242990654,
        "ROC-AUC": 0.5,
        "Accuracy": 0.8738317757009346,
        "emission": 3.787893191703961e-06
    },
    "Decision Tree": {
        "AVG-PR": 0.2259951540325372,
        "ROC-AUC": 0.5714002772826302,
        "Accuracy": 0.8878504672897196,
        "emission": 8.421546842237105e-09
    },
    "Random Forest": {
        "AVG-PR": 0.1261682242990654,
        "ROC-AUC": 0.5,
        "Accuracy": 0.8738317757009346,
        "emission": 5.199420982698892e-07
    },
    "AdaBoost": {
        "AVG-PR": 0.2646244375216338,
        "ROC-AUC": 0.6584472172707466,
        "Accuracy": 0.8738317757009346,
        "emission": 7.569050887877172e-08
    },
    "Naive Bayes": {
        "AVG-PR": 0.1916726979032275,
        "ROC-AUC": 0.6236878589819765,
        "Accuracy": 0.8130841121495327,
        "emission": 5.620459777992121e-09
    },
    "QDA": {
        "AVG-PR": 0.13856079579004263,
        "ROC-AUC": 0.5510001980590216,
        "Accuracy": 0.24299065420560748,
        "emission": 7.709308981808056e-08
    },
    "PLS-DA": {
        "AVG-PR": 0.38981820653902793,
        "ROC-AUC": 0.7627252921370569,
        "Accuracy": 0.8598130841121495,
        "emission": 6.369897172467564e-07
    },
    "DNN": {
        "AVG-PR": 0.37875966526233784,
        "ROC-AUC": 0.7332144979203803,
        "Accuracy": 0.8738317757009346,
        "emission": 2.08304180965077e-05
    }
}