{
    "Nearest Neighbors": {
        "AVG-PR": 0.1910577740016992,
        "ROC-AUC": 0.5655776515151515,
        "Accuracy": 0.9065420560747663,
        "emission": 2.6067012250215668e-08
    },
    "Linear SVM": {
        "AVG-PR": 0.4261469838572643,
        "ROC-AUC": 0.7772253787878787,
        "Accuracy": 0.9252336448598131,
        "emission": 1.1958830263187692e-08
    },
    "RBF SVM": {
        "AVG-PR": 0.14358538657604078,
        "ROC-AUC": 0.5227272727272727,
        "Accuracy": 0.9018691588785047,
        "emission": 3.654822806016007e-08
    },
    "Gaussian Process": {
        "AVG-PR": 0.25935995468705747,
        "ROC-AUC": 0.6635890151515151,
        "Accuracy": 0.9018691588785047,
        "emission": 1.3409451677115098e-06
    },
    "Decision Tree": {
        "AVG-PR": 0.183857264231096,
        "ROC-AUC": 0.6129261363636364,
        "Accuracy": 0.883177570093458,
        "emission": 8.293853138224301e-09
    },
    "Random Forest": {
        "AVG-PR": 0.102803738317757,
        "ROC-AUC": 0.5,
        "Accuracy": 0.897196261682243,
        "emission": 5.264399481905091e-07
    },
    "AdaBoost": {
        "AVG-PR": 0.37604816962801524,
        "ROC-AUC": 0.7694128787878787,
        "Accuracy": 0.9112149532710281,
        "emission": 7.326349235543004e-08
    },
    "Naive Bayes": {
        "AVG-PR": 0.24483857264231096,
        "ROC-AUC": 0.6758996212121213,
        "Accuracy": 0.8878504672897196,
        "emission": 6.640012703405869e-09
    },
    "QDA": {
        "AVG-PR": 0.11665867677980664,
        "ROC-AUC": 0.565814393939394,
        "Accuracy": 0.2570093457943925,
        "emission": 8.906689221769408e-08
    },
    "PLS-DA": {
        "AVG-PR": 0.6156045367510597,
        "ROC-AUC": 0.8841145833333334,
        "Accuracy": 0.9205607476635514,
        "emission": 6.062784585495388e-07
    },
    "DNN": {
        "AVG-PR": 0.583560200283871,
        "ROC-AUC": 0.8599668560606062,
        "Accuracy": 0.897196261682243,
        "emission": 2.070825094425592e-05
    }
}