{
    "Nearest Neighbors": {
        "AVG-PR": 0.13032191069574245,
        "ROC-AUC": 0.550453514739229,
        "Accuracy": 0.9158878504672897,
        "emission": 2.8139175503052607e-08
    },
    "Linear SVM": {
        "AVG-PR": 0.17648840429214263,
        "ROC-AUC": 0.6210317460317459,
        "Accuracy": 0.9065420560747663,
        "emission": 1.3181843014367136e-08
    },
    "RBF SVM": {
        "AVG-PR": 0.08411214953271028,
        "ROC-AUC": 0.5,
        "Accuracy": 0.9158878504672897,
        "emission": 3.8122540753214316e-08
    },
    "Gaussian Process": {
        "AVG-PR": 0.18587746625129803,
        "ROC-AUC": 0.5555555555555556,
        "Accuracy": 0.9252336448598131,
        "emission": 5.437696449468397e-06
    },
    "Decision Tree": {
        "AVG-PR": 0.2591603619641003,
        "ROC-AUC": 0.6337868480725624,
        "Accuracy": 0.9299065420560748,
        "emission": 9.709318761039734e-09
    },
    "Random Forest": {
        "AVG-PR": 0.08411214953271028,
        "ROC-AUC": 0.5,
        "Accuracy": 0.9158878504672897,
        "emission": 5.27352335099777e-07
    },
    "AdaBoost": {
        "AVG-PR": 0.3006972259308708,
        "ROC-AUC": 0.7069160997732427,
        "Accuracy": 0.9252336448598131,
        "emission": 7.442321177717494e-08
    },
    "Naive Bayes": {
        "AVG-PR": 0.1810747663551402,
        "ROC-AUC": 0.641156462585034,
        "Accuracy": 0.897196261682243,
        "emission": 6.6748541787190095e-09
    },
    "QDA": {
        "AVG-PR": 0.09694620498681085,
        "ROC-AUC": 0.5717120181405896,
        "Accuracy": 0.2616822429906542,
        "emission": 8.449131323160666e-08
    },
    "PLS-DA": {
        "AVG-PR": 0.41963816538331317,
        "ROC-AUC": 0.8279478458049887,
        "Accuracy": 0.9112149532710281,
        "emission": 6.462142150884998e-07
    },
    "DNN": {
        "AVG-PR": 0.36070551214611496,
        "ROC-AUC": 0.7721088435374148,
        "Accuracy": 0.9158878504672897,
        "emission": 2.3667613743865482e-05
    }
}