{
    "Nearest Neighbors": {
        "AVG-PR": 0.3102859581732821,
        "ROC-AUC": 0.6363636363636364,
        "Accuracy": 0.9624413145539906,
        "emission": 1.7825921581487137e-08
    },
    "Linear SVM": {
        "AVG-PR": 0.19448001138141982,
        "ROC-AUC": 0.6694419441944195,
        "Accuracy": 0.9436619718309859,
        "emission": 9.967050564173268e-09
    },
    "RBF SVM": {
        "AVG-PR": 0.051643192488262914,
        "ROC-AUC": 0.5,
        "Accuracy": 0.9483568075117371,
        "emission": 3.830329390347769e-08
    },
    "Gaussian Process": {
        "AVG-PR": 0.051643192488262914,
        "ROC-AUC": 0.4975247524752475,
        "Accuracy": 0.9436619718309859,
        "emission": 4.928632825758569e-06
    },
    "Decision Tree": {
        "AVG-PR": 0.13316261203585147,
        "ROC-AUC": 0.585958595859586,
        "Accuracy": 0.9483568075117371,
        "emission": 8.999640456132927e-09
    },
    "Random Forest": {
        "AVG-PR": 0.051643192488262914,
        "ROC-AUC": 0.5,
        "Accuracy": 0.9483568075117371,
        "emission": 5.09005297308514e-07
    },
    "AdaBoost": {
        "AVG-PR": 0.2806942666097596,
        "ROC-AUC": 0.7173717371737174,
        "Accuracy": 0.9530516431924883,
        "emission": 7.326387733789297e-08
    },
    "Naive Bayes": {
        "AVG-PR": 0.10574050362782757,
        "ROC-AUC": 0.6140864086408641,
        "Accuracy": 0.92018779342723,
        "emission": 6.267897893621844e-09
    },
    "QDA": {
        "AVG-PR": 0.05492085275759698,
        "ROC-AUC": 0.5312781278127813,
        "Accuracy": 0.19248826291079812,
        "emission": 7.353074329958623e-08
    },
    "PLS-DA": {
        "AVG-PR": 0.5513895640900988,
        "ROC-AUC": 0.95994599459946,
        "Accuracy": 0.9577464788732394,
        "emission": 6.058420549934024e-07
    },
    "DNN": {
        "AVG-PR": 0.5942557442557442,
        "ROC-AUC": 0.9770477047704771,
        "Accuracy": 0.9483568075117371,
        "emission": 2.1772930843402413e-05
    }
}