{
    "Nearest Neighbors": {
        "AVG-PR": 0.1323943661971831,
        "ROC-AUC": 0.5333333333333333,
        "Accuracy": 0.9342723004694836,
        "emission": 1.67028719584003e-08
    },
    "Linear SVM": {
        "AVG-PR": 0.08769953051643194,
        "ROC-AUC": 0.5464646464646464,
        "Accuracy": 0.9014084507042254,
        "emission": 1.0914749496327331e-08
    },
    "RBF SVM": {
        "AVG-PR": 0.07042253521126761,
        "ROC-AUC": 0.5,
        "Accuracy": 0.9295774647887324,
        "emission": 3.6625617887635326e-08
    },
    "Gaussian Process": {
        "AVG-PR": 0.07042253521126761,
        "ROC-AUC": 0.5,
        "Accuracy": 0.9295774647887324,
        "emission": 2.9109519016453155e-06
    },
    "Decision Tree": {
        "AVG-PR": 0.07042253521126761,
        "ROC-AUC": 0.494949494949495,
        "Accuracy": 0.92018779342723,
        "emission": 7.521950724677768e-09
    },
    "Random Forest": {
        "AVG-PR": 0.07042253521126761,
        "ROC-AUC": 0.5,
        "Accuracy": 0.9295774647887324,
        "emission": 5.194855041791048e-07
    },
    "AdaBoost": {
        "AVG-PR": 0.1511150234741784,
        "ROC-AUC": 0.6388888888888888,
        "Accuracy": 0.9014084507042254,
        "emission": 7.516259825029811e-08
    },
    "Naive Bayes": {
        "AVG-PR": 0.12300469483568076,
        "ROC-AUC": 0.5848484848484848,
        "Accuracy": 0.9154929577464789,
        "emission": 6.409527562934428e-09
    },
    "QDA": {
        "AVG-PR": 0.08571428571428572,
        "ROC-AUC": 0.595959595959596,
        "Accuracy": 0.24882629107981222,
        "emission": 7.48012712764789e-08
    },
    "PLS-DA": {
        "AVG-PR": 0.283184000294755,
        "ROC-AUC": 0.8235690235690235,
        "Accuracy": 0.9248826291079812,
        "emission": 6.14980725805034e-07
    },
    "DNN": {
        "AVG-PR": 0.33753334321685446,
        "ROC-AUC": 0.8127946127946128,
        "Accuracy": 0.9248826291079812,
        "emission": 2.126640249756479e-05
    }
}