{
    "Nearest Neighbors": {
        "AVG-PR": 0.051643192488262914,
        "ROC-AUC": 0.5,
        "Accuracy": 0.9483568075117371,
        "emission": 2.4913236563950035e-08
    },
    "Linear SVM": {
        "AVG-PR": 0.0942015730748125,
        "ROC-AUC": 0.5785328532853286,
        "Accuracy": 0.9342723004694836,
        "emission": 1.0355523703287923e-08
    },
    "RBF SVM": {
        "AVG-PR": 0.051643192488262914,
        "ROC-AUC": 0.5,
        "Accuracy": 0.9483568075117371,
        "emission": 3.671827390290023e-08
    },
    "Gaussian Process": {
        "AVG-PR": 0.051643192488262914,
        "ROC-AUC": 0.5,
        "Accuracy": 0.9483568075117371,
        "emission": 6.752644931570628e-06
    },
    "Decision Tree": {
        "AVG-PR": 0.051643192488262914,
        "ROC-AUC": 0.49257425742574257,
        "Accuracy": 0.9342723004694836,
        "emission": 7.38932898911035e-09
    },
    "Random Forest": {
        "AVG-PR": 0.051643192488262914,
        "ROC-AUC": 0.5,
        "Accuracy": 0.9483568075117371,
        "emission": 5.008419129675065e-07
    },
    "AdaBoost": {
        "AVG-PR": 0.05344186330101824,
        "ROC-AUC": 0.5132763276327632,
        "Accuracy": 0.892018779342723,
        "emission": 7.330024837160879e-08
    },
    "Naive Bayes": {
        "AVG-PR": 0.07255655142979087,
        "ROC-AUC": 0.5661566156615662,
        "Accuracy": 0.9107981220657277,
        "emission": 7.42181653259085e-09
    },
    "QDA": {
        "AVG-PR": 0.05913978494623656,
        "ROC-AUC": 0.5668316831683169,
        "Accuracy": 0.1784037558685446,
        "emission": 7.19153417530608e-08
    },
    "PLS-DA": {
        "AVG-PR": 0.248325260065807,
        "ROC-AUC": 0.7979297929792979,
        "Accuracy": 0.9436619718309859,
        "emission": 6.159827590240527e-07
    },
    "DNN": {
        "AVG-PR": 0.22915899094822736,
        "ROC-AUC": 0.7128712871287128,
        "Accuracy": 0.9483568075117371,
        "emission": 2.1426738332108124e-05
    }
}