{
    "Nearest Neighbors": {
        "AVG-PR": 0.06572769953051644,
        "ROC-AUC": 0.4949748743718593,
        "Accuracy": 0.9248826291079812,
        "emission": 1.9226943782148442e-08
    },
    "Linear SVM": {
        "AVG-PR": 0.2089872568745808,
        "ROC-AUC": 0.6916726489590811,
        "Accuracy": 0.92018779342723,
        "emission": 1.1189970907395725e-08
    },
    "RBF SVM": {
        "AVG-PR": 0.06572769953051644,
        "ROC-AUC": 0.5,
        "Accuracy": 0.9342723004694836,
        "emission": 3.974154023272998e-08
    },
    "Gaussian Process": {
        "AVG-PR": 0.06572769953051644,
        "ROC-AUC": 0.5,
        "Accuracy": 0.9342723004694836,
        "emission": 3.571081546776748e-06
    },
    "Decision Tree": {
        "AVG-PR": 0.1613011401743796,
        "ROC-AUC": 0.6534458004307251,
        "Accuracy": 0.9107981220657277,
        "emission": 7.2403678582690214e-09
    },
    "Random Forest": {
        "AVG-PR": 0.06572769953051644,
        "ROC-AUC": 0.5,
        "Accuracy": 0.9342723004694836,
        "emission": 5.088070901974174e-07
    },
    "AdaBoost": {
        "AVG-PR": 0.18041582830315223,
        "ROC-AUC": 0.6841349605168701,
        "Accuracy": 0.9061032863849765,
        "emission": 7.500433696636639e-08
    },
    "Naive Bayes": {
        "AVG-PR": 0.1538606639839034,
        "ROC-AUC": 0.6509332376166547,
        "Accuracy": 0.9061032863849765,
        "emission": 6.213221671912103e-09
    },
    "QDA": {
        "AVG-PR": 0.07065892623500566,
        "ROC-AUC": 0.5371500358937544,
        "Accuracy": 0.19718309859154928,
        "emission": 7.3915860804819e-08
    },
    "PLS-DA": {
        "AVG-PR": 0.49629414644028585,
        "ROC-AUC": 0.8503230437903805,
        "Accuracy": 0.9436619718309859,
        "emission": 6.198003861663215e-07
    },
    "DNN": {
        "AVG-PR": 0.4406747218669008,
        "ROC-AUC": 0.7512562814070352,
        "Accuracy": 0.9342723004694836,
        "emission": 2.1410563441505763e-05
    }
}