{
    "Nearest Neighbors": {
        "AVG-PR": 0.19225352112676056,
        "ROC-AUC": 0.6200248756218906,
        "Accuracy": 0.9483568075117371,
        "emission": 1.54578123199404e-08
    },
    "Linear SVM": {
        "AVG-PR": 0.3304828973843058,
        "ROC-AUC": 0.7033582089552239,
        "Accuracy": 0.9577464788732394,
        "emission": 1.0812599549905332e-08
    },
    "RBF SVM": {
        "AVG-PR": 0.056338028169014086,
        "ROC-AUC": 0.5,
        "Accuracy": 0.9436619718309859,
        "emission": 3.481236616858014e-08
    },
    "Gaussian Process": {
        "AVG-PR": 0.056338028169014086,
        "ROC-AUC": 0.5,
        "Accuracy": 0.9436619718309859,
        "emission": 3.514471241075652e-06
    },
    "Decision Tree": {
        "AVG-PR": 0.3304828973843058,
        "ROC-AUC": 0.7033582089552239,
        "Accuracy": 0.9577464788732394,
        "emission": 9.235270509473638e-09
    },
    "Random Forest": {
        "AVG-PR": 0.056338028169014086,
        "ROC-AUC": 0.5,
        "Accuracy": 0.9436619718309859,
        "emission": 5.292107923993202e-07
    },
    "AdaBoost": {
        "AVG-PR": 0.1136150234741784,
        "ROC-AUC": 0.5758706467661692,
        "Accuracy": 0.9389671361502347,
        "emission": 7.564957860555551e-08
    },
    "Naive Bayes": {
        "AVG-PR": 0.05997652582159624,
        "ROC-AUC": 0.5192786069651741,
        "Accuracy": 0.9061032863849765,
        "emission": 6.778279826194289e-09
    },
    "QDA": {
        "AVG-PR": 0.06366169727919171,
        "ROC-AUC": 0.5603233830845771,
        "Accuracy": 0.24413145539906103,
        "emission": 7.433711584831572e-08
    },
    "PLS-DA": {
        "AVG-PR": 0.48261857159884114,
        "ROC-AUC": 0.830016583747927,
        "Accuracy": 0.9577464788732394,
        "emission": 6.176817743053989e-07
    },
    "DNN": {
        "AVG-PR": 0.40453136992784133,
        "ROC-AUC": 0.6840796019900498,
        "Accuracy": 0.9530516431924883,
        "emission": 2.120558391944017e-05
    }
}