{
    "Nearest Neighbors": {
        "AVG-PR": 0.20524802300503237,
        "ROC-AUC": 0.5769230769230769,
        "Accuracy": 0.9485981308411215,
        "emission": 2.6658723553859417e-08
    },
    "Linear SVM": {
        "AVG-PR": 0.25105839124530716,
        "ROC-AUC": 0.6823574435514733,
        "Accuracy": 0.9439252336448598,
        "emission": 1.0342856077173184e-08
    },
    "RBF SVM": {
        "AVG-PR": 0.06074766355140187,
        "ROC-AUC": 0.5,
        "Accuracy": 0.9392523364485982,
        "emission": 3.510221980708308e-08
    },
    "Gaussian Process": {
        "AVG-PR": 0.06074766355140187,
        "ROC-AUC": 0.5,
        "Accuracy": 0.9392523364485982,
        "emission": 1.4111502776269216e-06
    },
    "Decision Tree": {
        "AVG-PR": 0.3129572461623039,
        "ROC-AUC": 0.7853042479908151,
        "Accuracy": 0.9345794392523364,
        "emission": 1.1112824397355365e-08
    },
    "Random Forest": {
        "AVG-PR": 0.06074766355140187,
        "ROC-AUC": 0.5,
        "Accuracy": 0.9392523364485982,
        "emission": 6.273543967385421e-07
    },
    "AdaBoost": {
        "AVG-PR": 0.16558830577522166,
        "ROC-AUC": 0.667432070417145,
        "Accuracy": 0.9158878504672897,
        "emission": 8.96409987601793e-08
    },
    "Naive Bayes": {
        "AVG-PR": 0.16513299784327823,
        "ROC-AUC": 0.6389207807118256,
        "Accuracy": 0.9299065420560748,
        "emission": 7.10622010261954e-09
    },
    "QDA": {
        "AVG-PR": 0.06487356609258275,
        "ROC-AUC": 0.5336777650210487,
        "Accuracy": 0.19158878504672897,
        "emission": 7.795114776351693e-08
    },
    "PLS-DA": {
        "AVG-PR": 0.4019897001590963,
        "ROC-AUC": 0.7290470723306544,
        "Accuracy": 0.9485981308411215,
        "emission": 6.382266633212981e-07
    },
    "DNN": {
        "AVG-PR": 0.3655135468506887,
        "ROC-AUC": 0.6195943360122464,
        "Accuracy": 0.9392523364485982,
        "emission": 2.0773783949406665e-05
    }
}