{
    "Nearest Neighbors": {
        "AVG-PR": 0.14205607476635515,
        "ROC-AUC": 0.55,
        "Accuracy": 0.9579439252336449,
        "emission": 1.602265950068083e-08
    },
    "Linear SVM": {
        "AVG-PR": 0.09699599465954606,
        "ROC-AUC": 0.6230392156862745,
        "Accuracy": 0.9158878504672897,
        "emission": 9.29168239261352e-09
    },
    "RBF SVM": {
        "AVG-PR": 0.04672897196261682,
        "ROC-AUC": 0.5,
        "Accuracy": 0.9532710280373832,
        "emission": 3.943554930244678e-08
    },
    "Gaussian Process": {
        "AVG-PR": 0.04672897196261682,
        "ROC-AUC": 0.5,
        "Accuracy": 0.9532710280373832,
        "emission": 3.7725330933186783e-06
    },
    "Decision Tree": {
        "AVG-PR": 0.10404984423676011,
        "ROC-AUC": 0.5901960784313725,
        "Accuracy": 0.9439252336448598,
        "emission": 1.0274543217626216e-08
    },
    "Random Forest": {
        "AVG-PR": 0.04672897196261682,
        "ROC-AUC": 0.5,
        "Accuracy": 0.9532710280373832,
        "emission": 5.078449264993823e-07
    },
    "AdaBoost": {
        "AVG-PR": 0.06815240833932423,
        "ROC-AUC": 0.5730392156862745,
        "Accuracy": 0.9112149532710281,
        "emission": 7.569290007835013e-08
    },
    "Naive Bayes": {
        "AVG-PR": 0.05316718587746625,
        "ROC-AUC": 0.5303921568627451,
        "Accuracy": 0.9205607476635514,
        "emission": 6.351784968546985e-09
    },
    "QDA": {
        "AVG-PR": 0.056179775280898875,
        "ROC-AUC": 0.5882352941176471,
        "Accuracy": 0.21495327102803738,
        "emission": 8.721563964042593e-08
    },
    "PLS-DA": {
        "AVG-PR": 0.3756659863017703,
        "ROC-AUC": 0.8598039215686275,
        "Accuracy": 0.9532710280373832,
        "emission": 6.146895822149848e-07
    },
    "DNN": {
        "AVG-PR": 0.2776627335143795,
        "ROC-AUC": 0.8764705882352941,
        "Accuracy": 0.9532710280373832,
        "emission": 2.127657226138036e-05
    }
}