{
    "Nearest Neighbors": {
        "AVG-PR": 0.09479956663055256,
        "ROC-AUC": 0.5359615384615385,
        "Accuracy": 0.9389671361502347,
        "emission": 1.590604950325883e-08
    },
    "Linear SVM": {
        "AVG-PR": 0.22986637775370172,
        "ROC-AUC": 0.6798076923076922,
        "Accuracy": 0.9389671361502347,
        "emission": 1.105591517722693e-08
    },
    "RBF SVM": {
        "AVG-PR": 0.06103286384976526,
        "ROC-AUC": 0.5,
        "Accuracy": 0.9389671361502347,
        "emission": 3.589581444832923e-08
    },
    "Gaussian Process": {
        "AVG-PR": 0.12856626941133983,
        "ROC-AUC": 0.5719230769230769,
        "Accuracy": 0.9389671361502347,
        "emission": 6.541702644968342e-06
    },
    "Decision Tree": {
        "AVG-PR": 0.12387143373058866,
        "ROC-AUC": 0.6003846153846154,
        "Accuracy": 0.9248826291079812,
        "emission": 1.0138029227300852e-08
    },
    "Random Forest": {
        "AVG-PR": 0.06103286384976526,
        "ROC-AUC": 0.5,
        "Accuracy": 0.9389671361502347,
        "emission": 5.19632124009279e-07
    },
    "AdaBoost": {
        "AVG-PR": 0.2779433008306248,
        "ROC-AUC": 0.6848076923076922,
        "Accuracy": 0.9483568075117371,
        "emission": 7.596896732534194e-08
    },
    "Naive Bayes": {
        "AVG-PR": 0.21238386027118422,
        "ROC-AUC": 0.6773076923076923,
        "Accuracy": 0.9342723004694836,
        "emission": 5.842836540862338e-09
    },
    "QDA": {
        "AVG-PR": 0.06319136100134227,
        "ROC-AUC": 0.518076923076923,
        "Accuracy": 0.2300469483568075,
        "emission": 8.33687953716368e-08
    },
    "PLS-DA": {
        "AVG-PR": 0.31065641109622694,
        "ROC-AUC": 0.7203846153846154,
        "Accuracy": 0.9389671361502347,
        "emission": 6.348725442041915e-07
    },
    "DNN": {
        "AVG-PR": 0.17783408254441768,
        "ROC-AUC": 0.5473076923076924,
        "Accuracy": 0.9342723004694836,
        "emission": 2.115133684984246e-05
    }
}