{
    "Nearest Neighbors": {
        "AVG-PR": 0.056074766355140186,
        "ROC-AUC": 0.5,
        "Accuracy": 0.9439252336448598,
        "emission": 2.1608730470727597e-08
    },
    "Linear SVM": {
        "AVG-PR": 0.07223520249221184,
        "ROC-AUC": 0.5342409240924092,
        "Accuracy": 0.9345794392523364,
        "emission": 1.0644469751803997e-08
    },
    "RBF SVM": {
        "AVG-PR": 0.056074766355140186,
        "ROC-AUC": 0.5,
        "Accuracy": 0.9439252336448598,
        "emission": 3.62264874672273e-08
    },
    "Gaussian Process": {
        "AVG-PR": 0.056074766355140186,
        "ROC-AUC": 0.5,
        "Accuracy": 0.9439252336448598,
        "emission": 4.977959819570054e-06
    },
    "Decision Tree": {
        "AVG-PR": 0.056074766355140186,
        "ROC-AUC": 0.49504950495049505,
        "Accuracy": 0.9345794392523364,
        "emission": 8.593740320755132e-09
    },
    "Random Forest": {
        "AVG-PR": 0.056074766355140186,
        "ROC-AUC": 0.5,
        "Accuracy": 0.9439252336448598,
        "emission": 5.273433608431078e-07
    },
    "AdaBoost": {
        "AVG-PR": 0.09434801958166444,
        "ROC-AUC": 0.570957095709571,
        "Accuracy": 0.9299065420560748,
        "emission": 7.521277163874687e-08
    },
    "Naive Bayes": {
        "AVG-PR": 0.06806853582554517,
        "ROC-AUC": 0.5317656765676567,
        "Accuracy": 0.9299065420560748,
        "emission": 7.418625587486138e-09
    },
    "QDA": {
        "AVG-PR": 0.06132083727116805,
        "ROC-AUC": 0.54496699669967,
        "Accuracy": 0.21495327102803738,
        "emission": 9.432735786274755e-08
    },
    "PLS-DA": {
        "AVG-PR": 0.2782853190139102,
        "ROC-AUC": 0.7988861386138614,
        "Accuracy": 0.9392523364485982,
        "emission": 6.390269033835367e-07
    },
    "DNN": {
        "AVG-PR": 0.16210898992261777,
        "ROC-AUC": 0.7386551155115512,
        "Accuracy": 0.9392523364485982,
        "emission": 2.105541924542024e-05
    }
}