{
    "Nearest Neighbors": {
        "AVG-PR": 0.15771028037383178,
        "ROC-AUC": 0.5625,
        "Accuracy": 0.9672897196261683,
        "emission": 1.9592284734238677e-08
    },
    "Linear SVM": {
        "AVG-PR": 0.15771028037383178,
        "ROC-AUC": 0.5625,
        "Accuracy": 0.9672897196261683,
        "emission": 1.0562827563263244e-08
    },
    "RBF SVM": {
        "AVG-PR": 0.037383177570093455,
        "ROC-AUC": 0.5,
        "Accuracy": 0.9626168224299065,
        "emission": 3.6085505002477744e-08
    },
    "Gaussian Process": {
        "AVG-PR": 0.037383177570093455,
        "ROC-AUC": 0.5,
        "Accuracy": 0.9626168224299065,
        "emission": 3.321528669906963e-06
    },
    "Decision Tree": {
        "AVG-PR": 0.037383177570093455,
        "ROC-AUC": 0.49514563106796117,
        "Accuracy": 0.9532710280373832,
        "emission": 1.0277445774976665e-08
    },
    "Random Forest": {
        "AVG-PR": 0.037383177570093455,
        "ROC-AUC": 0.5,
        "Accuracy": 0.9626168224299065,
        "emission": 5.170283495281176e-07
    },
    "AdaBoost": {
        "AVG-PR": 0.1280373831775701,
        "ROC-AUC": 0.6177184466019418,
        "Accuracy": 0.9579439252336449,
        "emission": 7.587923668994396e-08
    },
    "Naive Bayes": {
        "AVG-PR": 0.09521028037383178,
        "ROC-AUC": 0.5600728155339806,
        "Accuracy": 0.9626168224299065,
        "emission": 6.4089388190168955e-09
    },
    "QDA": {
        "AVG-PR": 0.0376030047231434,
        "ROC-AUC": 0.5030339805825244,
        "Accuracy": 0.1588785046728972,
        "emission": 9.199430880572006e-08
    },
    "PLS-DA": {
        "AVG-PR": 0.3351586634783464,
        "ROC-AUC": 0.7175364077669902,
        "Accuracy": 0.9672897196261683,
        "emission": 6.023067787214606e-07
    },
    "DNN": {
        "AVG-PR": 0.17889130448701296,
        "ROC-AUC": 0.5888956310679612,
        "Accuracy": 0.9626168224299065,
        "emission": 2.0596459728539387e-05
    }
}