{
    "Nearest Neighbors": {
        "AVG-PR": 0.19470404984423675,
        "ROC-AUC": 0.6225728155339806,
        "Accuracy": 0.9672897196261683,
        "emission": 1.5862696720590953e-08
    },
    "Linear SVM": {
        "AVG-PR": 0.037383177570093455,
        "ROC-AUC": 0.49514563106796117,
        "Accuracy": 0.9532710280373832,
        "emission": 1.0387409353601405e-08
    },
    "RBF SVM": {
        "AVG-PR": 0.037383177570093455,
        "ROC-AUC": 0.5,
        "Accuracy": 0.9626168224299065,
        "emission": 3.741406000514342e-08
    },
    "Gaussian Process": {
        "AVG-PR": 0.037383177570093455,
        "ROC-AUC": 0.5,
        "Accuracy": 0.9626168224299065,
        "emission": 4.151840848659881e-06
    },
    "Decision Tree": {
        "AVG-PR": 0.1483644859813084,
        "ROC-AUC": 0.6729368932038835,
        "Accuracy": 0.9485981308411215,
        "emission": 6.593383764266726e-09
    },
    "Random Forest": {
        "AVG-PR": 0.037383177570093455,
        "ROC-AUC": 0.5,
        "Accuracy": 0.9626168224299065,
        "emission": 5.063704893203194e-07
    },
    "AdaBoost": {
        "AVG-PR": 0.057710280373831774,
        "ROC-AUC": 0.5527912621359224,
        "Accuracy": 0.9485981308411215,
        "emission": 7.33043866416225e-08
    },
    "Naive Bayes": {
        "AVG-PR": 0.09521028037383178,
        "ROC-AUC": 0.5600728155339806,
        "Accuracy": 0.9626168224299065,
        "emission": 5.224029996734799e-09
    },
    "QDA": {
        "AVG-PR": 0.043243243243243246,
        "ROC-AUC": 0.5703883495145632,
        "Accuracy": 0.17289719626168223,
        "emission": 8.731809497027965e-08
    },
    "PLS-DA": {
        "AVG-PR": 0.23160808306384104,
        "ROC-AUC": 0.7894417475728156,
        "Accuracy": 0.9626168224299065,
        "emission": 6.18648422422311e-07
    },
    "DNN": {
        "AVG-PR": 0.29244200733841197,
        "ROC-AUC": 0.691747572815534,
        "Accuracy": 0.9626168224299065,
        "emission": 2.0752718687018047e-05
    }
}