{
    "Nearest Neighbors": {
        "AVG-PR": 0.03271028037383177,
        "ROC-AUC": 0.5,
        "Accuracy": 0.9672897196261683,
        "emission": 1.5686289449424027e-08
    },
    "Linear SVM": {
        "AVG-PR": 0.1049971390425329,
        "ROC-AUC": 0.6307798481711525,
        "Accuracy": 0.9532710280373832,
        "emission": 9.191367631893129e-09
    },
    "RBF SVM": {
        "AVG-PR": 0.03271028037383177,
        "ROC-AUC": 0.5,
        "Accuracy": 0.9672897196261683,
        "emission": 3.356919070645225e-08
    },
    "Gaussian Process": {
        "AVG-PR": 0.1355747056681636,
        "ROC-AUC": 0.6949620427881299,
        "Accuracy": 0.9439252336448598,
        "emission": 1.7603250276883976e-06
    },
    "Decision Tree": {
        "AVG-PR": 0.1049971390425329,
        "ROC-AUC": 0.6307798481711525,
        "Accuracy": 0.9532710280373832,
        "emission": 8.330343192279418e-09
    },
    "Random Forest": {
        "AVG-PR": 0.03271028037383177,
        "ROC-AUC": 0.5,
        "Accuracy": 0.9672897196261683,
        "emission": 5.150034068145701e-07
    },
    "AdaBoost": {
        "AVG-PR": 0.16622162883845126,
        "ROC-AUC": 0.6380262249827466,
        "Accuracy": 0.9672897196261683,
        "emission": 7.21148355491584e-08
    },
    "Naive Bayes": {
        "AVG-PR": 0.16622162883845126,
        "ROC-AUC": 0.6380262249827466,
        "Accuracy": 0.9672897196261683,
        "emission": 5.571472325369801e-09
    },
    "QDA": {
        "AVG-PR": 0.0338936764170409,
        "ROC-AUC": 0.5179434092477571,
        "Accuracy": 0.20093457943925233,
        "emission": 9.276896144068393e-08
    },
    "PLS-DA": {
        "AVG-PR": 0.35635571765145374,
        "ROC-AUC": 0.7211870255348517,
        "Accuracy": 0.9766355140186916,
        "emission": 6.181107521396945e-07
    },
    "DNN": {
        "AVG-PR": 0.3234467900909401,
        "ROC-AUC": 0.6507936507936508,
        "Accuracy": 0.9672897196261683,
        "emission": 2.0592665396064476e-05
    }
}