{
    "Nearest Neighbors": {
        "AVG-PR": 0.0920523138832998,
        "ROC-AUC": 0.5563531945441492,
        "Accuracy": 0.9154929577464789,
        "emission": 2.0768647385589646e-08
    },
    "Linear SVM": {
        "AVG-PR": 0.12858100986873622,
        "ROC-AUC": 0.6177315147164393,
        "Accuracy": 0.9061032863849765,
        "emission": 1.2852295382645851e-08
    },
    "RBF SVM": {
        "AVG-PR": 0.1324614352783367,
        "ROC-AUC": 0.5357142857142857,
        "Accuracy": 0.9389671361502347,
        "emission": 3.691338985081175e-08
    },
    "Gaussian Process": {
        "AVG-PR": 0.2755197853789403,
        "ROC-AUC": 0.6403445800430725,
        "Accuracy": 0.9483568075117371,
        "emission": 7.224807567110941e-06
    },
    "Decision Tree": {
        "AVG-PR": 0.13200033534540576,
        "ROC-AUC": 0.5945800430725053,
        "Accuracy": 0.9248826291079812,
        "emission": 7.078135676246105e-09
    },
    "Random Forest": {
        "AVG-PR": 0.06572769953051644,
        "ROC-AUC": 0.5,
        "Accuracy": 0.9342723004694836,
        "emission": 5.161818767526378e-07
    },
    "AdaBoost": {
        "AVG-PR": 0.22082494969818914,
        "ROC-AUC": 0.6660086145010768,
        "Accuracy": 0.9342723004694836,
        "emission": 7.345987182896925e-08
    },
    "Naive Bayes": {
        "AVG-PR": 0.13200033534540576,
        "ROC-AUC": 0.5945800430725053,
        "Accuracy": 0.9248826291079812,
        "emission": 5.3325997372199325e-09
    },
    "QDA": {
        "AVG-PR": 0.08187134502923976,
        "ROC-AUC": 0.6055276381909548,
        "Accuracy": 0.26291079812206575,
        "emission": 8.60278413641767e-08
    },
    "PLS-DA": {
        "AVG-PR": 0.3937812499771051,
        "ROC-AUC": 0.8478104809763102,
        "Accuracy": 0.9248826291079812,
        "emission": 6.199228052753568e-07
    },
    "DNN": {
        "AVG-PR": 0.41601397184903377,
        "ROC-AUC": 0.8546302943287868,
        "Accuracy": 0.9389671361502347,
        "emission": 2.1049989596833472e-05
    }
}