{
    "Nearest Neighbors": {
        "AVG-PR": 0.32437694704049846,
        "ROC-AUC": 0.7374999999999999,
        "Accuracy": 0.9439252336448598,
        "emission": 1.6629674186833256e-08
    },
    "Linear SVM": {
        "AVG-PR": 0.3849716288384513,
        "ROC-AUC": 0.8039285714285713,
        "Accuracy": 0.9439252336448598,
        "emission": 1.1134305371257883e-08
    },
    "RBF SVM": {
        "AVG-PR": 0.08455718736092567,
        "ROC-AUC": 0.5307142857142857,
        "Accuracy": 0.9299065420560748,
        "emission": 3.6840668467322906e-08
    },
    "Gaussian Process": {
        "AVG-PR": 0.06542056074766354,
        "ROC-AUC": 0.5,
        "Accuracy": 0.9345794392523364,
        "emission": 2.8535151276460416e-06
    },
    "Decision Tree": {
        "AVG-PR": 0.2827102803738318,
        "ROC-AUC": 0.7325,
        "Accuracy": 0.9345794392523364,
        "emission": 7.105554819985233e-09
    },
    "Random Forest": {
        "AVG-PR": 0.06542056074766354,
        "ROC-AUC": 0.5,
        "Accuracy": 0.9345794392523364,
        "emission": 5.101527889921211e-07
    },
    "AdaBoost": {
        "AVG-PR": 0.40907877169559415,
        "ROC-AUC": 0.8064285714285714,
        "Accuracy": 0.9485981308411215,
        "emission": 7.247916652459432e-08
    },
    "Naive Bayes": {
        "AVG-PR": 0.18958611481975968,
        "ROC-AUC": 0.6328571428571428,
        "Accuracy": 0.9345794392523364,
        "emission": 6.10841981573364e-09
    },
    "QDA": {
        "AVG-PR": 0.07954545454545454,
        "ROC-AUC": 0.595,
        "Accuracy": 0.24299065420560748,
        "emission": 9.229131362899706e-08
    },
    "PLS-DA": {
        "AVG-PR": 0.49534025398228587,
        "ROC-AUC": 0.9210714285714285,
        "Accuracy": 0.9345794392523364,
        "emission": 6.080717818946289e-07
    },
    "DNN": {
        "AVG-PR": 0.45134440139692233,
        "ROC-AUC": 0.8882142857142856,
        "Accuracy": 0.9252336448598131,
        "emission": 2.057383957750897e-05
    }
}