{
    "Nearest Neighbors": {
        "AVG-PR": 0.34993234525944805,
        "ROC-AUC": 0.7166765696177461,
        "Accuracy": 0.8925233644859814,
        "emission": 1.7265953005519057e-08
    },
    "Linear SVM": {
        "AVG-PR": 0.455849178214631,
        "ROC-AUC": 0.8039215686274509,
        "Accuracy": 0.9065420560747663,
        "emission": 1.2780123136210704e-08
    },
    "RBF SVM": {
        "AVG-PR": 0.1585323641398408,
        "ROC-AUC": 0.5185185185185185,
        "Accuracy": 0.8785046728971962,
        "emission": 3.765324532305096e-08
    },
    "Gaussian Process": {
        "AVG-PR": 0.33756226767197917,
        "ROC-AUC": 0.7140027728263022,
        "Accuracy": 0.8878504672897196,
        "emission": 1.2265026331930496e-06
    },
    "Decision Tree": {
        "AVG-PR": 0.363216799353871,
        "ROC-AUC": 0.7325212913448208,
        "Accuracy": 0.8925233644859814,
        "emission": 6.7194831280890615e-09
    },
    "Random Forest": {
        "AVG-PR": 0.1261682242990654,
        "ROC-AUC": 0.5,
        "Accuracy": 0.8738317757009346,
        "emission": 5.224626429696876e-07
    },
    "AdaBoost": {
        "AVG-PR": 0.35111803392177227,
        "ROC-AUC": 0.7298474945533769,
        "Accuracy": 0.8878504672897196,
        "emission": 7.315208978691413e-08
    },
    "Naive Bayes": {
        "AVG-PR": 0.2812570869290173,
        "ROC-AUC": 0.6979599920776391,
        "Accuracy": 0.8598130841121495,
        "emission": 5.731443157439833e-09
    },
    "QDA": {
        "AVG-PR": 0.13253721010730357,
        "ROC-AUC": 0.5273321449792038,
        "Accuracy": 0.2570093457943925,
        "emission": 8.281546172558973e-08
    },
    "PLS-DA": {
        "AVG-PR": 0.5586540558534252,
        "ROC-AUC": 0.8964151317092492,
        "Accuracy": 0.9065420560747663,
        "emission": 6.27795346211581e-07
    },
    "DNN": {
        "AVG-PR": 0.5695677087034599,
        "ROC-AUC": 0.8775995246583481,
        "Accuracy": 0.883177570093458,
        "emission": 2.0755777224335628e-05
    }
}