{
    "Nearest Neighbors": {
        "AVG-PR": 0.3183098591549296,
        "ROC-AUC": 0.6333333333333333,
        "Accuracy": 0.9483568075117371,
        "emission": 2.522898534469708e-08
    },
    "Linear SVM": {
        "AVG-PR": 0.40052164840897236,
        "ROC-AUC": 0.7282828282828283,
        "Accuracy": 0.9530516431924883,
        "emission": 1.1650052753090133e-08
    },
    "RBF SVM": {
        "AVG-PR": 0.1323943661971831,
        "ROC-AUC": 0.5333333333333333,
        "Accuracy": 0.9342723004694836,
        "emission": 3.787765082114348e-08
    },
    "Gaussian Process": {
        "AVG-PR": 0.1943661971830986,
        "ROC-AUC": 0.5666666666666667,
        "Accuracy": 0.9389671361502347,
        "emission": 6.347930607726451e-06
    },
    "Decision Tree": {
        "AVG-PR": 0.32472613458528954,
        "ROC-AUC": 0.6641414141414141,
        "Accuracy": 0.9483568075117371,
        "emission": 7.2029520013069715e-09
    },
    "Random Forest": {
        "AVG-PR": 0.07042253521126761,
        "ROC-AUC": 0.5,
        "Accuracy": 0.9295774647887324,
        "emission": 5.157697277251308e-07
    },
    "AdaBoost": {
        "AVG-PR": 0.3089201877934272,
        "ROC-AUC": 0.6924242424242424,
        "Accuracy": 0.9436619718309859,
        "emission": 7.416423623718222e-08
    },
    "Naive Bayes": {
        "AVG-PR": 0.1583098591549296,
        "ROC-AUC": 0.6181818181818182,
        "Accuracy": 0.92018779342723,
        "emission": 6.646682288574558e-09
    },
    "QDA": {
        "AVG-PR": 0.08287292817679558,
        "ROC-AUC": 0.5808080808080809,
        "Accuracy": 0.22065727699530516,
        "emission": 8.69296736138681e-08
    },
    "PLS-DA": {
        "AVG-PR": 0.6318459298540631,
        "ROC-AUC": 0.7693602693602695,
        "Accuracy": 0.9436619718309859,
        "emission": 6.279491292222923e-07
    },
    "DNN": {
        "AVG-PR": 0.4678853543285671,
        "ROC-AUC": 0.7626262626262627,
        "Accuracy": 0.9342723004694836,
        "emission": 2.0831636580180114e-05
    }
}