{
    "Nearest Neighbors": {
        "AVG-PR": 0.13423959218351741,
        "ROC-AUC": 0.5525568181818181,
        "Accuracy": 0.883177570093458,
        "emission": 2.123079768301628e-08
    },
    "Linear SVM": {
        "AVG-PR": 0.21853060859455348,
        "ROC-AUC": 0.6531723484848485,
        "Accuracy": 0.883177570093458,
        "emission": 1.119527597703892e-08
    },
    "RBF SVM": {
        "AVG-PR": 0.102803738317757,
        "ROC-AUC": 0.5,
        "Accuracy": 0.897196261682243,
        "emission": 3.577592730198914e-08
    },
    "Gaussian Process": {
        "AVG-PR": 0.19307561597281223,
        "ROC-AUC": 0.6006155303030303,
        "Accuracy": 0.897196261682243,
        "emission": 2.5047104826968524e-06
    },
    "Decision Tree": {
        "AVG-PR": 0.11365996412725385,
        "ROC-AUC": 0.5272253787878788,
        "Accuracy": 0.8738317757009346,
        "emission": 1.027904690284957e-08
    },
    "Random Forest": {
        "AVG-PR": 0.102803738317757,
        "ROC-AUC": 0.5,
        "Accuracy": 0.897196261682243,
        "emission": 5.160075804268783e-07
    },
    "AdaBoost": {
        "AVG-PR": 0.12597512937360006,
        "ROC-AUC": 0.5473484848484848,
        "Accuracy": 0.8738317757009346,
        "emission": 7.460583471443431e-08
    },
    "Naive Bayes": {
        "AVG-PR": 0.2288212239975882,
        "ROC-AUC": 0.6979166666666666,
        "Accuracy": 0.8551401869158879,
        "emission": 5.5606627934532585e-09
    },
    "QDA": {
        "AVG-PR": 0.1315428626738221,
        "ROC-AUC": 0.620501893939394,
        "Accuracy": 0.35514018691588783,
        "emission": 8.506910000004384e-08
    },
    "PLS-DA": {
        "AVG-PR": 0.4317799290469028,
        "ROC-AUC": 0.7620738636363636,
        "Accuracy": 0.8925233644859814,
        "emission": 6.313756450353075e-07
    },
    "DNN": {
        "AVG-PR": 0.35222546520149517,
        "ROC-AUC": 0.7961647727272726,
        "Accuracy": 0.897196261682243,
        "emission": 2.093685147782227e-05
    }
}