{
    "Nearest Neighbors": {
        "AVG-PR": 0.12365204888569375,
        "ROC-AUC": 0.6004592422502871,
        "Accuracy": 0.9252336448598131,
        "emission": 1.7343985504152546e-08
    },
    "Linear SVM": {
        "AVG-PR": 0.15757548526240117,
        "ROC-AUC": 0.6649445082280904,
        "Accuracy": 0.9112149532710281,
        "emission": 9.71065101060749e-09
    },
    "RBF SVM": {
        "AVG-PR": 0.06074766355140187,
        "ROC-AUC": 0.5,
        "Accuracy": 0.9392523364485982,
        "emission": 3.692697699359157e-08
    },
    "Gaussian Process": {
        "AVG-PR": 0.06074766355140187,
        "ROC-AUC": 0.5,
        "Accuracy": 0.9392523364485982,
        "emission": 3.1874113186144084e-06
    },
    "Decision Tree": {
        "AVG-PR": 0.08217109992810928,
        "ROC-AUC": 0.557022579410639,
        "Accuracy": 0.9112149532710281,
        "emission": 7.329645575281763e-09
    },
    "Random Forest": {
        "AVG-PR": 0.06074766355140187,
        "ROC-AUC": 0.5,
        "Accuracy": 0.9392523364485982,
        "emission": 1.4797702903502725e-06
    },
    "AdaBoost": {
        "AVG-PR": 0.1442207844077003,
        "ROC-AUC": 0.6599693838499808,
        "Accuracy": 0.9018691588785047,
        "emission": 7.548062475043486e-08
    },
    "Naive Bayes": {
        "AVG-PR": 0.09535791311492246,
        "ROC-AUC": 0.5644852659778032,
        "Accuracy": 0.9252336448598131,
        "emission": 7.249180398890202e-09
    },
    "QDA": {
        "AVG-PR": 0.06735751295336788,
        "ROC-AUC": 0.5522388059701493,
        "Accuracy": 0.1588785046728972,
        "emission": 7.817818579690797e-08
    },
    "PLS-DA": {
        "AVG-PR": 0.24877742513740567,
        "ROC-AUC": 0.746268656716418,
        "Accuracy": 0.9252336448598131,
        "emission": 6.414293085218442e-07
    },
    "DNN": {
        "AVG-PR": 0.3816038945505589,
        "ROC-AUC": 0.8009950248756218,
        "Accuracy": 0.9439252336448598,
        "emission": 2.2073688676902943e-05
    }
}