{
    "Nearest Neighbors": {
        "AVG-PR": 0.15771028037383178,
        "ROC-AUC": 0.5625,
        "Accuracy": 0.9672897196261683,
        "emission": 2.5410487173197863e-08
    },
    "Linear SVM": {
        "AVG-PR": 0.19470404984423675,
        "ROC-AUC": 0.6225728155339806,
        "Accuracy": 0.9672897196261683,
        "emission": 9.14217512609331e-09
    },
    "RBF SVM": {
        "AVG-PR": 0.15771028037383178,
        "ROC-AUC": 0.5625,
        "Accuracy": 0.9672897196261683,
        "emission": 3.867756312594864e-08
    },
    "Gaussian Process": {
        "AVG-PR": 0.3046144859813084,
        "ROC-AUC": 0.6850728155339806,
        "Accuracy": 0.9719626168224299,
        "emission": 1.619934159836243e-06
    },
    "Decision Tree": {
        "AVG-PR": 0.09521028037383178,
        "ROC-AUC": 0.5600728155339806,
        "Accuracy": 0.9626168224299065,
        "emission": 9.784209383398608e-09
    },
    "Random Forest": {
        "AVG-PR": 0.037383177570093455,
        "ROC-AUC": 0.5,
        "Accuracy": 0.9626168224299065,
        "emission": 5.036752281945768e-07
    },
    "AdaBoost": {
        "AVG-PR": 0.19470404984423675,
        "ROC-AUC": 0.6225728155339806,
        "Accuracy": 0.9672897196261683,
        "emission": 7.456238668879214e-08
    },
    "Naive Bayes": {
        "AVG-PR": 0.2780373831775701,
        "ROC-AUC": 0.625,
        "Accuracy": 0.9719626168224299,
        "emission": 6.2665824621823455e-09
    },
    "QDA": {
        "AVG-PR": 0.0449438202247191,
        "ROC-AUC": 0.587378640776699,
        "Accuracy": 0.205607476635514,
        "emission": 8.72311820905046e-08
    },
    "PLS-DA": {
        "AVG-PR": 0.4367700850346571,
        "ROC-AUC": 0.7979368932038835,
        "Accuracy": 0.9672897196261683,
        "emission": 6.167404238701544e-07
    },
    "DNN": {
        "AVG-PR": 0.4243886819896742,
        "ROC-AUC": 0.7408980582524272,
        "Accuracy": 0.9626168224299065,
        "emission": 2.192021248583765e-05
    }
}