{
    "Nearest Neighbors": {
        "AVG-PR": 0.15784008307372793,
        "ROC-AUC": 0.5808580858085809,
        "Accuracy": 0.9485981308411215,
        "emission": 1.4406356666924933e-08
    },
    "Linear SVM": {
        "AVG-PR": 0.10228452751817238,
        "ROC-AUC": 0.5734323432343235,
        "Accuracy": 0.9345794392523364,
        "emission": 1.102678470543192e-08
    },
    "RBF SVM": {
        "AVG-PR": 0.056074766355140186,
        "ROC-AUC": 0.5,
        "Accuracy": 0.9439252336448598,
        "emission": 3.6541159245465606e-08
    },
    "Gaussian Process": {
        "AVG-PR": 0.13473520249221183,
        "ROC-AUC": 0.5416666666666666,
        "Accuracy": 0.9485981308411215,
        "emission": 7.057398935707356e-06
    },
    "Decision Tree": {
        "AVG-PR": 0.13580607476635514,
        "ROC-AUC": 0.6126237623762376,
        "Accuracy": 0.9345794392523364,
        "emission": 8.547729951282261e-09
    },
    "Random Forest": {
        "AVG-PR": 0.056074766355140186,
        "ROC-AUC": 0.5,
        "Accuracy": 0.9439252336448598,
        "emission": 5.083778939178308e-07
    },
    "AdaBoost": {
        "AVG-PR": 0.08376600899965386,
        "ROC-AUC": 0.566006600660066,
        "Accuracy": 0.9205607476635514,
        "emission": 7.316538528431519e-08
    },
    "Naive Bayes": {
        "AVG-PR": 0.13006230529595014,
        "ROC-AUC": 0.5783828382838284,
        "Accuracy": 0.9439252336448598,
        "emission": 8.380894040560365e-09
    },
    "QDA": {
        "AVG-PR": 0.06451612903225806,
        "ROC-AUC": 0.5693069306930694,
        "Accuracy": 0.18691588785046728,
        "emission": 1.0464468083128221e-07
    },
    "PLS-DA": {
        "AVG-PR": 0.2794837141146478,
        "ROC-AUC": 0.6957508250825083,
        "Accuracy": 0.9485981308411215,
        "emission": 6.256525761063396e-07
    },
    "DNN": {
        "AVG-PR": 0.2939268577548152,
        "ROC-AUC": 0.7609323432343233,
        "Accuracy": 0.9439252336448598,
        "emission": 2.1396769271882523e-05
    }
}