{
    "Nearest Neighbors": {
        "AVG-PR": 0.24649532710280372,
        "ROC-AUC": 0.5855082417582418,
        "Accuracy": 0.8644859813084113,
        "emission": 2.892163772763773e-08
    },
    "Linear SVM": {
        "AVG-PR": 0.30003504672897197,
        "ROC-AUC": 0.670157967032967,
        "Accuracy": 0.8551401869158879,
        "emission": 1.249359701521888e-08
    },
    "RBF SVM": {
        "AVG-PR": 0.14953271028037382,
        "ROC-AUC": 0.5,
        "Accuracy": 0.8504672897196262,
        "emission": 3.774904402837787e-08
    },
    "Gaussian Process": {
        "AVG-PR": 0.27622663551401866,
        "ROC-AUC": 0.6241414835164836,
        "Accuracy": 0.8644859813084113,
        "emission": 7.202366333178636e-06
    },
    "Decision Tree": {
        "AVG-PR": 0.23714953271028036,
        "ROC-AUC": 0.603021978021978,
        "Accuracy": 0.8504672897196262,
        "emission": 7.698195579796807e-09
    },
    "Random Forest": {
        "AVG-PR": 0.14953271028037382,
        "ROC-AUC": 0.5,
        "Accuracy": 0.8504672897196262,
        "emission": 5.105392465782882e-07
    },
    "AdaBoost": {
        "AVG-PR": 0.2843868985808238,
        "ROC-AUC": 0.6646634615384616,
        "Accuracy": 0.8457943925233645,
        "emission": 7.915613277067696e-08
    },
    "Naive Bayes": {
        "AVG-PR": 0.29698857736240913,
        "ROC-AUC": 0.695054945054945,
        "Accuracy": 0.8317757009345794,
        "emission": 6.672668967203567e-09
    },
    "QDA": {
        "AVG-PR": 0.16250033000686415,
        "ROC-AUC": 0.5465315934065934,
        "Accuracy": 0.29439252336448596,
        "emission": 7.008351739611646e-08
    },
    "PLS-DA": {
        "AVG-PR": 0.4460511584500043,
        "ROC-AUC": 0.7713770604395603,
        "Accuracy": 0.8738317757009346,
        "emission": 6.153190142845362e-07
    },
    "DNN": {
        "AVG-PR": 0.5021100640780475,
        "ROC-AUC": 0.8148179945054944,
        "Accuracy": 0.8457943925233645,
        "emission": 2.154812918128391e-05
    }
}