{
    "Nearest Neighbors": {
        "AVG-PR": 0.13358988455195162,
        "ROC-AUC": 0.5294117647058824,
        "Accuracy": 0.9252336448598131,
        "emission": 1.676016551355747e-08
    },
    "Linear SVM": {
        "AVG-PR": 0.35392287756223983,
        "ROC-AUC": 0.6739325171693044,
        "Accuracy": 0.9439252336448598,
        "emission": 1.1044494825233917e-08
    },
    "RBF SVM": {
        "AVG-PR": 0.10417811984606926,
        "ROC-AUC": 0.5268736936398924,
        "Accuracy": 0.9205607476635514,
        "emission": 3.667500203549524e-08
    },
    "Gaussian Process": {
        "AVG-PR": 0.19777350192413412,
        "ROC-AUC": 0.5856972230516573,
        "Accuracy": 0.9299065420560748,
        "emission": 5.329463082128059e-06
    },
    "Decision Tree": {
        "AVG-PR": 0.24898295766904893,
        "ROC-AUC": 0.6151089877575395,
        "Accuracy": 0.9345794392523364,
        "emission": 8.815097902024597e-09
    },
    "Random Forest": {
        "AVG-PR": 0.0794392523364486,
        "ROC-AUC": 0.5,
        "Accuracy": 0.9205607476635514,
        "emission": 5.243147701511114e-07
    },
    "AdaBoost": {
        "AVG-PR": 0.2631665750412314,
        "ROC-AUC": 0.6663183039713348,
        "Accuracy": 0.9299065420560748,
        "emission": 7.651318129451066e-08
    },
    "Naive Bayes": {
        "AVG-PR": 0.13777411276036894,
        "ROC-AUC": 0.6140638996715438,
        "Accuracy": 0.883177570093458,
        "emission": 6.6397368146557535e-09
    },
    "QDA": {
        "AVG-PR": 0.08994708994708994,
        "ROC-AUC": 0.5634517766497462,
        "Accuracy": 0.19626168224299065,
        "emission": 8.221046311478485e-08
    },
    "PLS-DA": {
        "AVG-PR": 0.4970558503279883,
        "ROC-AUC": 0.8118841445207523,
        "Accuracy": 0.9439252336448598,
        "emission": 6.220419729037248e-07
    },
    "DNN": {
        "AVG-PR": 0.5318111144369543,
        "ROC-AUC": 0.7900865930128397,
        "Accuracy": 0.9252336448598131,
        "emission": 2.0965883941203918e-05
    }
}