{
    "Nearest Neighbors": {
        "AVG-PR": 0.26895119418483904,
        "ROC-AUC": 0.7018140589569161,
        "Accuracy": 0.9158878504672897,
        "emission": 1.5057653491889003e-08
    },
    "Linear SVM": {
        "AVG-PR": 0.3297808383888069,
        "ROC-AUC": 0.7548185941043084,
        "Accuracy": 0.9205607476635514,
        "emission": 1.0383018456740034e-08
    },
    "RBF SVM": {
        "AVG-PR": 0.08411214953271028,
        "ROC-AUC": 0.5,
        "Accuracy": 0.9158878504672897,
        "emission": 4.168188340622301e-08
    },
    "Gaussian Process": {
        "AVG-PR": 0.3882099209202013,
        "ROC-AUC": 0.7397959183673468,
        "Accuracy": 0.9392523364485982,
        "emission": 3.1375300602950777e-06
    },
    "Decision Tree": {
        "AVG-PR": 0.2608035785605879,
        "ROC-AUC": 0.6791383219954648,
        "Accuracy": 0.9205607476635514,
        "emission": 9.724997041848646e-09
    },
    "Random Forest": {
        "AVG-PR": 0.08411214953271028,
        "ROC-AUC": 0.5,
        "Accuracy": 0.9158878504672897,
        "emission": 5.338010101096764e-07
    },
    "AdaBoost": {
        "AVG-PR": 0.2558792987600024,
        "ROC-AUC": 0.6992630385487528,
        "Accuracy": 0.9112149532710281,
        "emission": 7.604579468763825e-08
    },
    "Naive Bayes": {
        "AVG-PR": 0.18940809968847352,
        "ROC-AUC": 0.6437074829931972,
        "Accuracy": 0.9018691588785047,
        "emission": 6.7295459810846944e-09
    },
    "QDA": {
        "AVG-PR": 0.09099308835516252,
        "ROC-AUC": 0.5410997732426304,
        "Accuracy": 0.205607476635514,
        "emission": 7.638089764276002e-08
    },
    "PLS-DA": {
        "AVG-PR": 0.510762455401176,
        "ROC-AUC": 0.8764172335600907,
        "Accuracy": 0.897196261682243,
        "emission": 6.376453282172173e-07
    },
    "DNN": {
        "AVG-PR": 0.4559733782526503,
        "ROC-AUC": 0.8075396825396826,
        "Accuracy": 0.9252336448598131,
        "emission": 2.1141673939102532e-05
    }
}