{
    "Nearest Neighbors": {
        "AVG-PR": 0.13159703133589884,
        "ROC-AUC": 0.5755449387876979,
        "Accuracy": 0.9112149532710281,
        "emission": 1.8679705615592353e-08
    },
    "Linear SVM": {
        "AVG-PR": 0.13917903610042148,
        "ROC-AUC": 0.5973424902956106,
        "Accuracy": 0.9018691588785047,
        "emission": 1.2506247959046348e-08
    },
    "RBF SVM": {
        "AVG-PR": 0.0794392523364486,
        "ROC-AUC": 0.5,
        "Accuracy": 0.9205607476635514,
        "emission": 3.658465625304303e-08
    },
    "Gaussian Process": {
        "AVG-PR": 0.13358988455195162,
        "ROC-AUC": 0.5294117647058824,
        "Accuracy": 0.9252336448598131,
        "emission": 3.794579094613493e-06
    },
    "Decision Tree": {
        "AVG-PR": 0.1536558548653106,
        "ROC-AUC": 0.5806210809196776,
        "Accuracy": 0.9205607476635514,
        "emission": 9.283791954361276e-09
    },
    "Random Forest": {
        "AVG-PR": 0.0794392523364486,
        "ROC-AUC": 0.5,
        "Accuracy": 0.9205607476635514,
        "emission": 5.274026736534817e-07
    },
    "AdaBoost": {
        "AVG-PR": 0.16919693830084154,
        "ROC-AUC": 0.6267542550014931,
        "Accuracy": 0.9065420560747663,
        "emission": 7.646499276078554e-08
    },
    "Naive Bayes": {
        "AVG-PR": 0.12349276159061755,
        "ROC-AUC": 0.5897282770976411,
        "Accuracy": 0.8878504672897196,
        "emission": 7.2403609206491105e-09
    },
    "QDA": {
        "AVG-PR": 0.07974629501830559,
        "ROC-AUC": 0.5020901761719917,
        "Accuracy": 0.1822429906542056,
        "emission": 8.101419671701529e-08
    },
    "PLS-DA": {
        "AVG-PR": 0.2817233711864333,
        "ROC-AUC": 0.7670946551209316,
        "Accuracy": 0.9112149532710281,
        "emission": 6.371345470429987e-07
    },
    "DNN": {
        "AVG-PR": 0.2900436220477239,
        "ROC-AUC": 0.7017020005971932,
        "Accuracy": 0.9205607476635514,
        "emission": 2.1250009413652625e-05
    }
}