{
    "Nearest Neighbors": {
        "AVG-PR": 0.19777350192413412,
        "ROC-AUC": 0.5856972230516573,
        "Accuracy": 0.9299065420560748,
        "emission": 1.4947831610651587e-08
    },
    "Linear SVM": {
        "AVG-PR": 0.20266237336055914,
        "ROC-AUC": 0.6561660197073753,
        "Accuracy": 0.9112149532710281,
        "emission": 1.5320103033122304e-08
    },
    "RBF SVM": {
        "AVG-PR": 0.0794392523364486,
        "ROC-AUC": 0.5,
        "Accuracy": 0.9205607476635514,
        "emission": 3.6707096159752674e-08
    },
    "Gaussian Process": {
        "AVG-PR": 0.10930914421843503,
        "ROC-AUC": 0.5486712451478054,
        "Accuracy": 0.9112149532710281,
        "emission": 6.147543518475016e-06
    },
    "Decision Tree": {
        "AVG-PR": 0.14798653106102255,
        "ROC-AUC": 0.6191400418035234,
        "Accuracy": 0.8925233644859814,
        "emission": 9.100397117124327e-09
    },
    "Random Forest": {
        "AVG-PR": 0.0794392523364486,
        "ROC-AUC": 0.5,
        "Accuracy": 0.9205607476635514,
        "emission": 5.431485737973897e-07
    },
    "AdaBoost": {
        "AVG-PR": 0.17204866505724598,
        "ROC-AUC": 0.6652732158853388,
        "Accuracy": 0.8785046728971962,
        "emission": 7.587705448100102e-08
    },
    "Naive Bayes": {
        "AVG-PR": 0.08690018063300085,
        "ROC-AUC": 0.5283666766198866,
        "Accuracy": 0.8738317757009346,
        "emission": 8.277774942353119e-09
    },
    "QDA": {
        "AVG-PR": 0.08696155036244618,
        "ROC-AUC": 0.5467303672738131,
        "Accuracy": 0.21495327102803738,
        "emission": 8.195884422349149e-08
    },
    "PLS-DA": {
        "AVG-PR": 0.31903411276236515,
        "ROC-AUC": 0.7772469393848911,
        "Accuracy": 0.9065420560747663,
        "emission": 6.389338882780781e-07
    },
    "DNN": {
        "AVG-PR": 0.34872991539395576,
        "ROC-AUC": 0.7476858763810091,
        "Accuracy": 0.9205607476635514,
        "emission": 2.0930774964707486e-05
    }
}