{
    "Nearest Neighbors": {
        "AVG-PR": 0.10165600918183308,
        "ROC-AUC": 0.5211875843454791,
        "Accuracy": 0.9065420560747663,
        "emission": 2.6986920915512077e-08
    },
    "Linear SVM": {
        "AVG-PR": 0.10108214461387112,
        "ROC-AUC": 0.5404858299595142,
        "Accuracy": 0.8551401869158879,
        "emission": 1.1277950894668433e-08
    },
    "RBF SVM": {
        "AVG-PR": 0.1367437284800787,
        "ROC-AUC": 0.5263157894736842,
        "Accuracy": 0.9158878504672897,
        "emission": 3.645236690989945e-08
    },
    "Gaussian Process": {
        "AVG-PR": 0.08878504672897196,
        "ROC-AUC": 0.5,
        "Accuracy": 0.9112149532710281,
        "emission": 6.6035241295152266e-06
    },
    "Decision Tree": {
        "AVG-PR": 0.09727004426955238,
        "ROC-AUC": 0.5186234817813765,
        "Accuracy": 0.9018691588785047,
        "emission": 9.831056941542657e-09
    },
    "Random Forest": {
        "AVG-PR": 0.08878504672897196,
        "ROC-AUC": 0.5,
        "Accuracy": 0.9112149532710281,
        "emission": 5.243311708893027e-07
    },
    "AdaBoost": {
        "AVG-PR": 0.094476846321411,
        "ROC-AUC": 0.5218623481781377,
        "Accuracy": 0.8644859813084113,
        "emission": 7.606727521903632e-08
    },
    "Naive Bayes": {
        "AVG-PR": 0.08816073252866169,
        "ROC-AUC": 0.49554655870445347,
        "Accuracy": 0.8598130841121495,
        "emission": 8.046610835016029e-09
    },
    "QDA": {
        "AVG-PR": 0.09528097131788762,
        "ROC-AUC": 0.5371120107962213,
        "Accuracy": 0.24299065420560748,
        "emission": 1.1532269436339682e-07
    },
    "PLS-DA": {
        "AVG-PR": 0.18280931729583258,
        "ROC-AUC": 0.6136302294197031,
        "Accuracy": 0.9065420560747663,
        "emission": 6.150987199504962e-07
    },
    "DNN": {
        "AVG-PR": 0.20894746661089922,
        "ROC-AUC": 0.5790823211875843,
        "Accuracy": 0.9112149532710281,
        "emission": 2.1003121386831835e-05
    }
}