{
    "Nearest Neighbors": {
        "AVG-PR": 0.12159916926272066,
        "ROC-AUC": 0.6037940379403794,
        "Accuracy": 0.9532710280373832,
        "emission": 2.035033204185291e-08
    },
    "Linear SVM": {
        "AVG-PR": 0.07715472481827622,
        "ROC-AUC": 0.5915989159891599,
        "Accuracy": 0.9299065420560748,
        "emission": 9.314235521303688e-09
    },
    "RBF SVM": {
        "AVG-PR": 0.04205607476635514,
        "ROC-AUC": 0.5,
        "Accuracy": 0.9579439252336449,
        "emission": 3.629438389592027e-08
    },
    "Gaussian Process": {
        "AVG-PR": 0.09620234386589527,
        "ROC-AUC": 0.5989159891598916,
        "Accuracy": 0.9439252336448598,
        "emission": 1.2643645938853367e-06
    },
    "Decision Tree": {
        "AVG-PR": 0.04205607476635514,
        "ROC-AUC": 0.4975609756097561,
        "Accuracy": 0.9532710280373832,
        "emission": 8.847089736963602e-09
    },
    "Random Forest": {
        "AVG-PR": 0.04205607476635514,
        "ROC-AUC": 0.5,
        "Accuracy": 0.9579439252336449,
        "emission": 5.01607363641382e-07
    },
    "AdaBoost": {
        "AVG-PR": 0.049728856582439133,
        "ROC-AUC": 0.5360433604336043,
        "Accuracy": 0.9252336448598131,
        "emission": 7.834852260397247e-08
    },
    "Naive Bayes": {
        "AVG-PR": 0.04205607476635514,
        "ROC-AUC": 0.4926829268292683,
        "Accuracy": 0.9439252336448598,
        "emission": 8.676650378153156e-09
    },
    "QDA": {
        "AVG-PR": 0.05142857142857143,
        "ROC-AUC": 0.5951219512195122,
        "Accuracy": 0.22429906542056074,
        "emission": 8.345054375513722e-08
    },
    "PLS-DA": {
        "AVG-PR": 0.16728594873217298,
        "ROC-AUC": 0.6281842818428184,
        "Accuracy": 0.9532710280373832,
        "emission": 6.053499209935115e-07
    },
    "DNN": {
        "AVG-PR": 0.19853718519401298,
        "ROC-AUC": 0.6536585365853659,
        "Accuracy": 0.9579439252336449,
        "emission": 2.04541085720794e-05
    }
}