{
    "Nearest Neighbors": {
        "AVG-PR": 0.14205607476635515,
        "ROC-AUC": 0.55,
        "Accuracy": 0.9579439252336449,
        "emission": 1.5938732587343993e-08
    },
    "Linear SVM": {
        "AVG-PR": 0.4280373831775701,
        "ROC-AUC": 0.7,
        "Accuracy": 0.9719626168224299,
        "emission": 1.0504776637592717e-08
    },
    "RBF SVM": {
        "AVG-PR": 0.04672897196261682,
        "ROC-AUC": 0.5,
        "Accuracy": 0.9532710280373832,
        "emission": 3.6642542582217307e-08
    },
    "Gaussian Process": {
        "AVG-PR": 0.23738317757009347,
        "ROC-AUC": 0.6,
        "Accuracy": 0.9626168224299065,
        "emission": 4.090207674003662e-06
    },
    "Decision Tree": {
        "AVG-PR": 0.25771028037383176,
        "ROC-AUC": 0.6475490196078432,
        "Accuracy": 0.9626168224299065,
        "emission": 9.752953365333851e-09
    },
    "Random Forest": {
        "AVG-PR": 0.04672897196261682,
        "ROC-AUC": 0.5,
        "Accuracy": 0.9532710280373832,
        "emission": 5.181119332404506e-07
    },
    "AdaBoost": {
        "AVG-PR": 0.34803738317757016,
        "ROC-AUC": 0.6975490196078431,
        "Accuracy": 0.9672897196261683,
        "emission": 7.373477531455596e-08
    },
    "Naive Bayes": {
        "AVG-PR": 0.21271028037383177,
        "ROC-AUC": 0.6450980392156863,
        "Accuracy": 0.9579439252336449,
        "emission": 5.929136453108472e-09
    },
    "QDA": {
        "AVG-PR": 0.05714285714285714,
        "ROC-AUC": 0.5955882352941176,
        "Accuracy": 0.22897196261682243,
        "emission": 8.783565247842492e-08
    },
    "PLS-DA": {
        "AVG-PR": 0.38239927897822634,
        "ROC-AUC": 0.7009803921568627,
        "Accuracy": 0.9579439252336449,
        "emission": 5.883759120922361e-07
    },
    "DNN": {
        "AVG-PR": 0.4496013555382589,
        "ROC-AUC": 0.6725490196078432,
        "Accuracy": 0.9532710280373832,
        "emission": 2.0943019316650973e-05
    }
}