{
    "Nearest Neighbors": {
        "AVG-PR": 0.3091884641180416,
        "ROC-AUC": 0.6428571428571428,
        "Accuracy": 0.9765258215962441,
        "emission": 1.6109350173551814e-08
    },
    "Linear SVM": {
        "AVG-PR": 0.21395036887994634,
        "ROC-AUC": 0.6404299583911234,
        "Accuracy": 0.971830985915493,
        "emission": 1.1106233200006504e-08
    },
    "RBF SVM": {
        "AVG-PR": 0.03286384976525822,
        "ROC-AUC": 0.5,
        "Accuracy": 0.9671361502347418,
        "emission": 3.5960276759080984e-08
    },
    "Gaussian Process": {
        "AVG-PR": 0.1710261569416499,
        "ROC-AUC": 0.5714285714285714,
        "Accuracy": 0.971830985915493,
        "emission": 6.330030650256222e-06
    },
    "Decision Tree": {
        "AVG-PR": 0.21395036887994634,
        "ROC-AUC": 0.6404299583911234,
        "Accuracy": 0.971830985915493,
        "emission": 6.829433361899484e-09
    },
    "Random Forest": {
        "AVG-PR": 0.03286384976525822,
        "ROC-AUC": 0.5,
        "Accuracy": 0.9671361502347418,
        "emission": 5.105118200525423e-07
    },
    "AdaBoost": {
        "AVG-PR": 0.16633132126089872,
        "ROC-AUC": 0.638002773925104,
        "Accuracy": 0.9671361502347418,
        "emission": 7.446335384791162e-08
    },
    "Naive Bayes": {
        "AVG-PR": 0.13775989268947014,
        "ROC-AUC": 0.6355755894590845,
        "Accuracy": 0.9624413145539906,
        "emission": 5.847553746829756e-09
    },
    "QDA": {
        "AVG-PR": 0.03783783783783784,
        "ROC-AUC": 0.5679611650485437,
        "Accuracy": 0.1643192488262911,
        "emission": 8.47854711025086e-08
    },
    "PLS-DA": {
        "AVG-PR": 0.4109266337527207,
        "ROC-AUC": 0.7808599167822468,
        "Accuracy": 0.9765258215962441,
        "emission": 6.006156089172988e-07
    },
    "DNN": {
        "AVG-PR": 0.435097672948961,
        "ROC-AUC": 0.710124826629681,
        "Accuracy": 0.9671361502347418,
        "emission": 2.0505800146998475e-05
    }
}