{
    "Nearest Neighbors": {
        "AVG-PR": 0.241928632115548,
        "ROC-AUC": 0.6339005821764442,
        "Accuracy": 0.9579439252336449,
        "emission": 1.6884026307040446e-08
    },
    "Linear SVM": {
        "AVG-PR": 0.27511273772956013,
        "ROC-AUC": 0.755485893416928,
        "Accuracy": 0.9439252336448598,
        "emission": 1.0416130294005876e-08
    },
    "RBF SVM": {
        "AVG-PR": 0.0514018691588785,
        "ROC-AUC": 0.5,
        "Accuracy": 0.9485981308411215,
        "emission": 3.5455522396785e-08
    },
    "Gaussian Process": {
        "AVG-PR": 0.07703200226564713,
        "ROC-AUC": 0.5405284370801612,
        "Accuracy": 0.9439252336448598,
        "emission": 4.342287368873969e-06
    },
    "Decision Tree": {
        "AVG-PR": 0.09218351741716227,
        "ROC-AUC": 0.5429914912673534,
        "Accuracy": 0.9485981308411215,
        "emission": 7.598055989113065e-09
    },
    "Random Forest": {
        "AVG-PR": 0.0514018691588785,
        "ROC-AUC": 0.5,
        "Accuracy": 0.9485981308411215,
        "emission": 5.059264356178435e-07
    },
    "AdaBoost": {
        "AVG-PR": 0.22790994052676294,
        "ROC-AUC": 0.7480967308553516,
        "Accuracy": 0.9299065420560748,
        "emission": 7.184841465370263e-08
    },
    "Naive Bayes": {
        "AVG-PR": 0.07511392600602457,
        "ROC-AUC": 0.5687416032243618,
        "Accuracy": 0.9158878504672897,
        "emission": 6.012805549293802e-09
    },
    "QDA": {
        "AVG-PR": 0.05177605310770775,
        "ROC-AUC": 0.5038065382892969,
        "Accuracy": 0.14018691588785046,
        "emission": 8.617964169107577e-08
    },
    "PLS-DA": {
        "AVG-PR": 0.3983098138225724,
        "ROC-AUC": 0.8038513210927004,
        "Accuracy": 0.9485981308411215,
        "emission": 6.093435283700982e-07
    },
    "DNN": {
        "AVG-PR": 0.27038062581540845,
        "ROC-AUC": 0.7859381997313032,
        "Accuracy": 0.9485981308411215,
        "emission": 2.0668891151719356e-05
    }
}