{
    "Nearest Neighbors": {
        "AVG-PR": 0.19381397418780594,
        "ROC-AUC": 0.6060942511719714,
        "Accuracy": 0.9018691588785047,
        "emission": 1.6793549548411574e-08
    },
    "Linear SVM": {
        "AVG-PR": 0.23139944167981552,
        "ROC-AUC": 0.6806069578090304,
        "Accuracy": 0.883177570093458,
        "emission": 1.0600810721002328e-08
    },
    "RBF SVM": {
        "AVG-PR": 0.11726746773475745,
        "ROC-AUC": 0.5212188502343943,
        "Accuracy": 0.9018691588785047,
        "emission": 3.4488101703882023e-08
    },
    "Gaussian Process": {
        "AVG-PR": 0.18299146336529512,
        "ROC-AUC": 0.6035035775968418,
        "Accuracy": 0.897196261682243,
        "emission": 7.1749604719380765e-06
    },
    "Decision Tree": {
        "AVG-PR": 0.15980036874562908,
        "ROC-AUC": 0.5957315568714533,
        "Accuracy": 0.883177570093458,
        "emission": 7.1275353728971685e-09
    },
    "Random Forest": {
        "AVG-PR": 0.09813084112149532,
        "ROC-AUC": 0.5,
        "Accuracy": 0.9018691588785047,
        "emission": 4.975570848271138e-07
    },
    "AdaBoost": {
        "AVG-PR": 0.40295833040545287,
        "ROC-AUC": 0.767579570688379,
        "Accuracy": 0.9252336448598131,
        "emission": 7.449421485076381e-08
    },
    "Naive Bayes": {
        "AVG-PR": 0.1714811668082696,
        "ROC-AUC": 0.6278065630397236,
        "Accuracy": 0.8644859813084113,
        "emission": 6.069437246988137e-09
    },
    "QDA": {
        "AVG-PR": 0.11170212765957446,
        "ROC-AUC": 0.5673575129533679,
        "Accuracy": 0.21962616822429906,
        "emission": 8.442236179183971e-08
    },
    "PLS-DA": {
        "AVG-PR": 0.5149451693787591,
        "ROC-AUC": 0.8934122871946707,
        "Accuracy": 0.897196261682243,
        "emission": 6.18584020554275e-07
    },
    "DNN": {
        "AVG-PR": 0.43496664154910125,
        "ROC-AUC": 0.8983469035282506,
        "Accuracy": 0.9018691588785047,
        "emission": 2.0926990234880563e-05
    }
}