{
    "Nearest Neighbors": {
        "AVG-PR": 0.42486857476635514,
        "ROC-AUC": 0.7162247474747475,
        "Accuracy": 0.9532710280373832,
        "emission": 1.5870505323690112e-08
    },
    "Linear SVM": {
        "AVG-PR": 0.3707165109034268,
        "ROC-AUC": 0.73989898989899,
        "Accuracy": 0.9439252336448598,
        "emission": 1.504185559367643e-08
    },
    "RBF SVM": {
        "AVG-PR": 0.13259345794392524,
        "ROC-AUC": 0.53125,
        "Accuracy": 0.9299065420560748,
        "emission": 3.622840779367455e-08
    },
    "Gaussian Process": {
        "AVG-PR": 0.42486857476635514,
        "ROC-AUC": 0.7162247474747475,
        "Accuracy": 0.9532710280373832,
        "emission": 4.598787566381115e-06
    },
    "Decision Tree": {
        "AVG-PR": 0.3707165109034268,
        "ROC-AUC": 0.73989898989899,
        "Accuracy": 0.9439252336448598,
        "emission": 8.666584945572445e-09
    },
    "Random Forest": {
        "AVG-PR": 0.07476635514018691,
        "ROC-AUC": 0.5,
        "Accuracy": 0.9252336448598131,
        "emission": 5.171843843083131e-07
    },
    "AdaBoost": {
        "AVG-PR": 0.4545852803738318,
        "ROC-AUC": 0.7736742424242424,
        "Accuracy": 0.9532710280373832,
        "emission": 7.331850127900433e-08
    },
    "Naive Bayes": {
        "AVG-PR": 0.4373831775700935,
        "ROC-AUC": 0.7449494949494949,
        "Accuracy": 0.9532710280373832,
        "emission": 5.65612207058433e-09
    },
    "QDA": {
        "AVG-PR": 0.0893854748603352,
        "ROC-AUC": 0.5883838383838385,
        "Accuracy": 0.2383177570093458,
        "emission": 9.003162347517598e-08
    },
    "PLS-DA": {
        "AVG-PR": 0.6272543213413312,
        "ROC-AUC": 0.8863636363636364,
        "Accuracy": 0.9532710280373832,
        "emission": 5.976601881599089e-07
    },
    "DNN": {
        "AVG-PR": 0.5255858648287126,
        "ROC-AUC": 0.8140782828282829,
        "Accuracy": 0.9485981308411215,
        "emission": 2.05062082634419e-05
    }
}