{
    "Nearest Neighbors": {
        "AVG-PR": 0.03271028037383177,
        "ROC-AUC": 0.5,
        "Accuracy": 0.9672897196261683,
        "emission": 1.7160748006566695e-08
    },
    "Linear SVM": {
        "AVG-PR": 0.03271028037383177,
        "ROC-AUC": 0.49033816425120774,
        "Accuracy": 0.9485981308411215,
        "emission": 1.0883307516041922e-08
    },
    "RBF SVM": {
        "AVG-PR": 0.03271028037383177,
        "ROC-AUC": 0.4975845410628019,
        "Accuracy": 0.9626168224299065,
        "emission": 3.552611767505423e-08
    },
    "Gaussian Process": {
        "AVG-PR": 0.03271028037383177,
        "ROC-AUC": 0.49033816425120774,
        "Accuracy": 0.9485981308411215,
        "emission": 1.9886816010763907e-06
    },
    "Decision Tree": {
        "AVG-PR": 0.03271028037383177,
        "ROC-AUC": 0.49516908212560384,
        "Accuracy": 0.9579439252336449,
        "emission": 1.135804353539387e-08
    },
    "Random Forest": {
        "AVG-PR": 0.03271028037383177,
        "ROC-AUC": 0.5,
        "Accuracy": 0.9672897196261683,
        "emission": 5.462038699527383e-07
    },
    "AdaBoost": {
        "AVG-PR": 0.03271028037383177,
        "ROC-AUC": 0.4830917874396135,
        "Accuracy": 0.9345794392523364,
        "emission": 7.961933791959896e-08
    },
    "Naive Bayes": {
        "AVG-PR": 0.03271028037383177,
        "ROC-AUC": 0.4758454106280193,
        "Accuracy": 0.9205607476635514,
        "emission": 7.944651074048028e-09
    },
    "QDA": {
        "AVG-PR": 0.034573229422175306,
        "ROC-AUC": 0.5276052449965494,
        "Accuracy": 0.21962616822429906,
        "emission": 1.0018553237556833e-07
    },
    "PLS-DA": {
        "AVG-PR": 0.036289000301305496,
        "ROC-AUC": 0.4789510006901311,
        "Accuracy": 0.9672897196261683,
        "emission": 6.034458584769806e-07
    },
    "DNN": {
        "AVG-PR": 0.02361562254406802,
        "ROC-AUC": 0.2505175983436853,
        "Accuracy": 0.9672897196261683,
        "emission": 2.0631308024099828e-05
    }
}