{
    "Nearest Neighbors": {
        "AVG-PR": 0.04672897196261682,
        "ROC-AUC": 0.49754901960784315,
        "Accuracy": 0.9485981308411215,
        "emission": 2.0646049892740633e-08
    },
    "Linear SVM": {
        "AVG-PR": 0.06705607476635514,
        "ROC-AUC": 0.5426470588235295,
        "Accuracy": 0.9439252336448598,
        "emission": 1.046810307038506e-08
    },
    "RBF SVM": {
        "AVG-PR": 0.04672897196261682,
        "ROC-AUC": 0.5,
        "Accuracy": 0.9532710280373832,
        "emission": 3.615885005399162e-08
    },
    "Gaussian Process": {
        "AVG-PR": 0.14205607476635515,
        "ROC-AUC": 0.55,
        "Accuracy": 0.9579439252336449,
        "emission": 8.260061344964809e-06
    },
    "Decision Tree": {
        "AVG-PR": 0.08738317757009345,
        "ROC-AUC": 0.5852941176470587,
        "Accuracy": 0.9345794392523364,
        "emission": 9.633651035228357e-09
    },
    "Random Forest": {
        "AVG-PR": 0.04672897196261682,
        "ROC-AUC": 0.5,
        "Accuracy": 0.9532710280373832,
        "emission": 5.206006297335602e-07
    },
    "AdaBoost": {
        "AVG-PR": 0.05455607476635514,
        "ROC-AUC": 0.532843137254902,
        "Accuracy": 0.9252336448598131,
        "emission": 7.392296158661534e-08
    },
    "Naive Bayes": {
        "AVG-PR": 0.04672897196261682,
        "ROC-AUC": 0.4950980392156863,
        "Accuracy": 0.9439252336448598,
        "emission": 5.65767799401492e-09
    },
    "QDA": {
        "AVG-PR": 0.05434782608695652,
        "ROC-AUC": 0.5735294117647058,
        "Accuracy": 0.18691588785046728,
        "emission": 9.101822012959703e-08
    },
    "PLS-DA": {
        "AVG-PR": 0.30230162794742077,
        "ROC-AUC": 0.7544117647058824,
        "Accuracy": 0.9485981308411215,
        "emission": 6.260169977144648e-07
    },
    "DNN": {
        "AVG-PR": 0.19195622241674873,
        "ROC-AUC": 0.5598039215686275,
        "Accuracy": 0.9532710280373832,
        "emission": 2.0895355289337744e-05
    }
}