{
    "Nearest Neighbors": {
        "AVG-PR": 0.15771028037383178,
        "ROC-AUC": 0.5625,
        "Accuracy": 0.9672897196261683,
        "emission": 2.3362750027674358e-08
    },
    "Linear SVM": {
        "AVG-PR": 0.07437694704049844,
        "ROC-AUC": 0.5576456310679612,
        "Accuracy": 0.9579439252336449,
        "emission": 1.0593423503981793e-08
    },
    "RBF SVM": {
        "AVG-PR": 0.037383177570093455,
        "ROC-AUC": 0.5,
        "Accuracy": 0.9626168224299065,
        "emission": 3.465935926900264e-08
    },
    "Gaussian Process": {
        "AVG-PR": 0.037383177570093455,
        "ROC-AUC": 0.5,
        "Accuracy": 0.9626168224299065,
        "emission": 3.853787308778165e-06
    },
    "Decision Tree": {
        "AVG-PR": 0.07437694704049844,
        "ROC-AUC": 0.5576456310679612,
        "Accuracy": 0.9579439252336449,
        "emission": 6.892713593131501e-09
    },
    "Random Forest": {
        "AVG-PR": 0.037383177570093455,
        "ROC-AUC": 0.5,
        "Accuracy": 0.9626168224299065,
        "emission": 5.093024365579553e-07
    },
    "AdaBoost": {
        "AVG-PR": 0.057710280373831774,
        "ROC-AUC": 0.5527912621359224,
        "Accuracy": 0.9485981308411215,
        "emission": 7.553911464652032e-08
    },
    "Naive Bayes": {
        "AVG-PR": 0.09946595460614152,
        "ROC-AUC": 0.6128640776699029,
        "Accuracy": 0.9485981308411215,
        "emission": 6.991626435846332e-09
    },
    "QDA": {
        "AVG-PR": 0.036573938862928354,
        "ROC-AUC": 0.48847087378640774,
        "Accuracy": 0.1308411214953271,
        "emission": 9.59707736631984e-08
    },
    "PLS-DA": {
        "AVG-PR": 0.2623624503220091,
        "ROC-AUC": 0.7317961165048543,
        "Accuracy": 0.9626168224299065,
        "emission": 6.270263857489718e-07
    },
    "DNN": {
        "AVG-PR": 0.36783989414257445,
        "ROC-AUC": 0.7311893203883495,
        "Accuracy": 0.9626168224299065,
        "emission": 2.087286263503493e-05
    }
}