{
    "Nearest Neighbors": {
        "AVG-PR": 0.12792056074766356,
        "ROC-AUC": 0.557449494949495,
        "Accuracy": 0.9252336448598131,
        "emission": 2.7505673989434895e-08
    },
    "Linear SVM": {
        "AVG-PR": 0.34507548526240117,
        "ROC-AUC": 0.7373737373737372,
        "Accuracy": 0.9392523364485982,
        "emission": 1.1327347484028045e-08
    },
    "RBF SVM": {
        "AVG-PR": 0.07476635514018691,
        "ROC-AUC": 0.5,
        "Accuracy": 0.9252336448598131,
        "emission": 3.6338079092127756e-08
    },
    "Gaussian Process": {
        "AVG-PR": 0.20137266355140188,
        "ROC-AUC": 0.5912247474747475,
        "Accuracy": 0.9345794392523364,
        "emission": 6.743518027362439e-06
    },
    "Decision Tree": {
        "AVG-PR": 0.2076518691588785,
        "ROC-AUC": 0.6436237373737373,
        "Accuracy": 0.9252336448598131,
        "emission": 7.202794840198097e-09
    },
    "Random Forest": {
        "AVG-PR": 0.07476635514018691,
        "ROC-AUC": 0.5,
        "Accuracy": 0.9252336448598131,
        "emission": 5.202973544543607e-07
    },
    "AdaBoost": {
        "AVG-PR": 0.10762266355140186,
        "ROC-AUC": 0.5710227272727273,
        "Accuracy": 0.897196261682243,
        "emission": 7.793714644839345e-08
    },
    "Naive Bayes": {
        "AVG-PR": 0.19344732370433304,
        "ROC-AUC": 0.6410984848484849,
        "Accuracy": 0.9205607476635514,
        "emission": 6.464984846501943e-09
    },
    "QDA": {
        "AVG-PR": 0.0935672514619883,
        "ROC-AUC": 0.6085858585858586,
        "Accuracy": 0.2757009345794392,
        "emission": 8.961560443388166e-08
    },
    "PLS-DA": {
        "AVG-PR": 0.48947212780215327,
        "ROC-AUC": 0.8841540404040403,
        "Accuracy": 0.9252336448598131,
        "emission": 6.027268465196561e-07
    },
    "DNN": {
        "AVG-PR": 0.5310560765885463,
        "ROC-AUC": 0.8497474747474747,
        "Accuracy": 0.9299065420560748,
        "emission": 2.0334195614802336e-05
    }
}