{
    "Nearest Neighbors": {
        "AVG-PR": 0.31654551748009685,
        "ROC-AUC": 0.5858796296296297,
        "Accuracy": 0.7476635514018691,
        "emission": 1.609500519520079e-08
    },
    "Linear SVM": {
        "AVG-PR": 0.3590787048730974,
        "ROC-AUC": 0.6320601851851851,
        "Accuracy": 0.7616822429906542,
        "emission": 1.508684873210473e-08
    },
    "RBF SVM": {
        "AVG-PR": 0.2800276912426445,
        "ROC-AUC": 0.5185185185185185,
        "Accuracy": 0.7570093457943925,
        "emission": 3.597796694695154e-08
    },
    "Gaussian Process": {
        "AVG-PR": 0.34014256663205256,
        "ROC-AUC": 0.6105324074074074,
        "Accuracy": 0.7570093457943925,
        "emission": 1.6265446425732365e-06
    },
    "Decision Tree": {
        "AVG-PR": 0.3751208507895585,
        "ROC-AUC": 0.6322916666666667,
        "Accuracy": 0.780373831775701,
        "emission": 8.896586943265107e-09
    },
    "Random Forest": {
        "AVG-PR": 0.2523364485981308,
        "ROC-AUC": 0.5,
        "Accuracy": 0.7476635514018691,
        "emission": 1.506947863637526e-06
    },
    "AdaBoost": {
        "AVG-PR": 0.44832683150440156,
        "ROC-AUC": 0.6939814814814816,
        "Accuracy": 0.8084112149532711,
        "emission": 7.362258896395672e-08
    },
    "Naive Bayes": {
        "AVG-PR": 0.35809236626993635,
        "ROC-AUC": 0.6471064814814815,
        "Accuracy": 0.7383177570093458,
        "emission": 6.808766988127637e-09
    },
    "QDA": {
        "AVG-PR": 0.2852251409133837,
        "ROC-AUC": 0.5758101851851851,
        "Accuracy": 0.42990654205607476,
        "emission": 8.507507274923747e-08
    },
    "PLS-DA": {
        "AVG-PR": 0.48603715452085255,
        "ROC-AUC": 0.7037037037037036,
        "Accuracy": 0.7897196261682243,
        "emission": 6.302380727744314e-07
    },
    "DNN": {
        "AVG-PR": 0.5683606209872507,
        "ROC-AUC": 0.7581018518518519,
        "Accuracy": 0.7757009345794392,
        "emission": 2.202882030303093e-05
    }
}