{
    "Nearest Neighbors": {
        "AVG-PR": 0.19240468773179054,
        "ROC-AUC": 0.6034580498866213,
        "Accuracy": 0.9205607476635514,
        "emission": 1.7514559602554102e-08
    },
    "Linear SVM": {
        "AVG-PR": 0.16975935708158382,
        "ROC-AUC": 0.6536281179138321,
        "Accuracy": 0.8738317757009346,
        "emission": 1.1963479057665824e-08
    },
    "RBF SVM": {
        "AVG-PR": 0.08411214953271028,
        "ROC-AUC": 0.5,
        "Accuracy": 0.9158878504672897,
        "emission": 3.626003883551482e-08
    },
    "Gaussian Process": {
        "AVG-PR": 0.08411214953271028,
        "ROC-AUC": 0.5,
        "Accuracy": 0.9158878504672897,
        "emission": 2.6451131751942568e-06
    },
    "Decision Tree": {
        "AVG-PR": 0.2608035785605879,
        "ROC-AUC": 0.6791383219954648,
        "Accuracy": 0.9205607476635514,
        "emission": 8.613660821610075e-09
    },
    "Random Forest": {
        "AVG-PR": 0.08411214953271028,
        "ROC-AUC": 0.5,
        "Accuracy": 0.9158878504672897,
        "emission": 4.928464474021045e-07
    },
    "AdaBoost": {
        "AVG-PR": 0.2215407580477674,
        "ROC-AUC": 0.671485260770975,
        "Accuracy": 0.9065420560747663,
        "emission": 7.954769145157191e-08
    },
    "Naive Bayes": {
        "AVG-PR": 0.123878976682715,
        "ROC-AUC": 0.5955215419501133,
        "Accuracy": 0.8598130841121495,
        "emission": 8.199366104901299e-09
    },
    "QDA": {
        "AVG-PR": 0.09007478844921676,
        "ROC-AUC": 0.5359977324263039,
        "Accuracy": 0.19626168224299065,
        "emission": 8.144325678999399e-08
    },
    "PLS-DA": {
        "AVG-PR": 0.2701014479367887,
        "ROC-AUC": 0.7114512471655329,
        "Accuracy": 0.8925233644859814,
        "emission": 6.280967253265357e-07
    },
    "DNN": {
        "AVG-PR": 0.4418350371439716,
        "ROC-AUC": 0.735827664399093,
        "Accuracy": 0.9158878504672897,
        "emission": 2.1389604487011727e-05
    }
}