{
    "Nearest Neighbors": {
        "AVG-PR": 0.541782961190856,
        "ROC-AUC": 0.7045242537313433,
        "Accuracy": 0.7878787878787878,
        "emission": 7.3941926841591944e-09
    },
    "Linear SVM": {
        "AVG-PR": 0.5234487734487734,
        "ROC-AUC": 0.6725746268656716,
        "Accuracy": 0.7777777777777778,
        "emission": 3.8953559888246125e-09
    },
    "RBF SVM": {
        "AVG-PR": 0.32323232323232326,
        "ROC-AUC": 0.5,
        "Accuracy": 0.6767676767676768,
        "emission": 5.844406727213612e-09
    },
    "Gaussian Process": {
        "AVG-PR": 0.32323232323232326,
        "ROC-AUC": 0.5,
        "Accuracy": 0.6767676767676768,
        "emission": 8.72725826080575e-07
    },
    "Decision Tree": {
        "AVG-PR": 0.6420454545454546,
        "ROC-AUC": 0.7826492537313433,
        "Accuracy": 0.8383838383838383,
        "emission": 3.760307306314371e-09
    },
    "Random Forest": {
        "AVG-PR": 0.5901515151515151,
        "ROC-AUC": 0.7112873134328357,
        "Accuracy": 0.8080808080808081,
        "emission": 8.641059181214109e-07
    },
    "AdaBoost": {
        "AVG-PR": 0.5676406926406927,
        "ROC-AUC": 0.7527985074626865,
        "Accuracy": 0.797979797979798,
        "emission": 4.946763396440188e-08
    },
    "Naive Bayes": {
        "AVG-PR": 0.4642045454545455,
        "ROC-AUC": 0.6420242537313433,
        "Accuracy": 0.7474747474747475,
        "emission": 3.7139091034900365e-09
    },
    "QDA": {
        "AVG-PR": 0.46260683760683763,
        "ROC-AUC": 0.6338619402985075,
        "Accuracy": 0.7474747474747475,
        "emission": 5.0122040482244495e-09
    },
    "PLS-DA": {
        "AVG-PR": 0.8482423530157408,
        "ROC-AUC": 0.9113805970149255,
        "Accuracy": 0.8484848484848485,
        "emission": 1.0368684270676856e-08
    },
    "DNN": {
        "AVG-PR": 0.8184867038049299,
        "ROC-AUC": 0.8899253731343284,
        "Accuracy": 0.8282828282828283,
        "emission": 1.56911689347126e-05
    }
}