{
    "Nearest Neighbors": {
        "AVG-PR": 0.9562082848072455,
        "ROC-AUC": 0.9600484261501211,
        "Accuracy": 0.9680851063829787,
        "emission": 1.1610935921809757e-08
    },
    "Linear SVM": {
        "AVG-PR": 0.9672131147540983,
        "ROC-AUC": 0.9714285714285714,
        "Accuracy": 0.9787234042553191,
        "emission": 3.1970707451681546e-09
    },
    "RBF SVM": {
        "AVG-PR": 0.6276595744680851,
        "ROC-AUC": 0.5,
        "Accuracy": 0.6276595744680851,
        "emission": 6.309601708699402e-09
    },
    "Gaussian Process": {
        "AVG-PR": 0.9915966386554622,
        "ROC-AUC": 0.9928571428571429,
        "Accuracy": 0.9946808510638298,
        "emission": 9.584145023015404e-07
    },
    "Decision Tree": {
        "AVG-PR": 0.9234066071904545,
        "ROC-AUC": 0.9190072639225181,
        "Accuracy": 0.9202127659574468,
        "emission": 4.408640495424928e-09
    },
    "Random Forest": {
        "AVG-PR": 0.9657563551681773,
        "ROC-AUC": 0.965859564164649,
        "Accuracy": 0.9680851063829787,
        "emission": 5.292957260799995e-07
    },
    "AdaBoost": {
        "AVG-PR": 0.9609207837480467,
        "ROC-AUC": 0.962953995157385,
        "Accuracy": 0.9680851063829787,
        "emission": 4.7646771280040514e-08
    },
    "Naive Bayes": {
        "AVG-PR": 0.9405053615295231,
        "ROC-AUC": 0.938861985472155,
        "Accuracy": 0.9414893617021277,
        "emission": 1.9903532955676376e-09
    },
    "QDA": {
        "AVG-PR": 0.9594566447392964,
        "ROC-AUC": 0.9573849878934626,
        "Accuracy": 0.9574468085106383,
        "emission": 3.5109346385852238e-09
    },
    "PLS-DA": {
        "AVG-PR": 0.9923070582787372,
        "ROC-AUC": 0.9907990314769975,
        "Accuracy": 0.973404255319149,
        "emission": 2.1032972970684198e-08
    },
    "DNN": {
        "AVG-PR": 0.9959082598475305,
        "ROC-AUC": 0.9941888619854722,
        "Accuracy": 0.9840425531914894,
        "emission": 2.0554806755833853e-05
    }
}