{
    "Nearest Neighbors": {
        "AVG-PR": 0.5068388530875275,
        "ROC-AUC": 0.7321566981701702,
        "Accuracy": 0.8074074074074075,
        "emission": 1.3399592560772456e-07
    },
    "Linear SVM": {
        "AVG-PR": 0.47543894109111495,
        "ROC-AUC": 0.6862696397295296,
        "Accuracy": 0.8,
        "emission": 3.291573954891916e-07
    },
    "RBF SVM": {
        "AVG-PR": 0.31025432796422303,
        "ROC-AUC": 0.5311516407658478,
        "Accuracy": 0.7361111111111112,
        "emission": 1.1867468883003755e-06
    },
    "Gaussian Process": {
        "AVG-PR": 0.555679709639337,
        "ROC-AUC": 0.7507943679101058,
        "Accuracy": 0.8328703703703704,
        "emission": 7.554810663899152e-05
    },
    "Decision Tree": {
        "AVG-PR": 0.47401934176482297,
        "ROC-AUC": 0.6866614708010911,
        "Accuracy": 0.799074074074074,
        "emission": 5.810475584937429e-08
    },
    "Random Forest": {
        "AVG-PR": 0.27815558032949333,
        "ROC-AUC": 0.5013521383698971,
        "Accuracy": 0.7236111111111111,
        "emission": 9.639377443621406e-07
    },
    "AdaBoost": {
        "AVG-PR": 0.4876463477662878,
        "ROC-AUC": 0.7099347376444743,
        "Accuracy": 0.8013888888888889,
        "emission": 6.683666654906885e-07
    },
    "Naive Bayes": {
        "AVG-PR": 0.29186900587835485,
        "ROC-AUC": 0.5354682060132152,
        "Accuracy": 0.3527777777777778,
        "emission": 1.0526978042567188e-08
    },
    "QDA": {
        "AVG-PR": 0.27941558024111685,
        "ROC-AUC": 0.5062618031080982,
        "Accuracy": 0.5486111111111112,
        "emission": 8.607423434264571e-08
    },
    "PLS-DA": {
        "AVG-PR": 0.6348034245351836,
        "ROC-AUC": 0.7919864122405457,
        "Accuracy": 0.7976851851851852,
        "emission": 1.3257580379553325e-06
    },
    "DNN": {
        "AVG-PR": 0.7251036368148404,
        "ROC-AUC": 0.8363982159909901,
        "Accuracy": 0.8398148148148148,
        "emission": 0.00012461703769006224
    }
}