{
    "Nearest Neighbors": {
        "AVG-PR": 0.3739887534865046,
        "ROC-AUC": 0.6106655132987038,
        "Accuracy": 0.7518518518518519,
        "emission": 3.179730980314359e-07
    },
    "Linear SVM": {
        "AVG-PR": 0.3879751563854825,
        "ROC-AUC": 0.6520818434474283,
        "Accuracy": 0.725925925925926,
        "emission": 5.003543547713271e-06
    },
    "RBF SVM": {
        "AVG-PR": 0.3050112403373273,
        "ROC-AUC": 0.5306548931778571,
        "Accuracy": 0.7324074074074074,
        "emission": 1.1995139016050642e-05
    },
    "Gaussian Process": {
        "AVG-PR": 0.4599568657863999,
        "ROC-AUC": 0.6847076683267742,
        "Accuracy": 0.7902777777777777,
        "emission": 0.00019536098272775548
    },
    "Decision Tree": {
        "AVG-PR": 0.4508326625765189,
        "ROC-AUC": 0.6514148741644148,
        "Accuracy": 0.7921296296296296,
        "emission": 1.356751512467893e-07
    },
    "Random Forest": {
        "AVG-PR": 0.27685185185185185,
        "ROC-AUC": 0.5,
        "Accuracy": 0.7231481481481481,
        "emission": 8.49577257519702e-07
    },
    "AdaBoost": {
        "AVG-PR": 0.4599007536731909,
        "ROC-AUC": 0.6922712926999517,
        "Accuracy": 0.7870370370370371,
        "emission": 2.0861757759333608e-06
    },
    "Naive Bayes": {
        "AVG-PR": 0.2827409280878608,
        "ROC-AUC": 0.5143093281488873,
        "Accuracy": 0.4027777777777778,
        "emission": 1.1545813314433884e-07
    },
    "QDA": {
        "AVG-PR": 0.3427629482099438,
        "ROC-AUC": 0.5833411842291205,
        "Accuracy": 0.7347222222222223,
        "emission": 3.169316173481405e-06
    },
    "PLS-DA": {
        "AVG-PR": 0.6465785723943311,
        "ROC-AUC": 0.7902745601000347,
        "Accuracy": 0.799537037037037,
        "emission": 1.2134800541650105e-05
    },
    "DNN": {
        "AVG-PR": 0.5947940086283978,
        "ROC-AUC": 0.7468198519178311,
        "Accuracy": 0.7805555555555556,
        "emission": 0.00011466724102930875
    }
}