{
    "Nearest Neighbors": {
        "AVG-PR": 0.4691746795884243,
        "ROC-AUC": 0.6183911928803785,
        "Accuracy": 0.6698028673835126,
        "emission": 3.0408397345866825e-07
    },
    "Linear SVM": {
        "AVG-PR": 0.49122590332267746,
        "ROC-AUC": 0.6545296201342544,
        "Accuracy": 0.6751792114695341,
        "emission": 5.8653819237794985e-06
    },
    "RBF SVM": {
        "AVG-PR": 0.39315595399045605,
        "ROC-AUC": 0.515714357432709,
        "Accuracy": 0.6258960573476703,
        "emission": 1.1269747499019424e-05
    },
    "Gaussian Process": {
        "AVG-PR": 0.538550127145554,
        "ROC-AUC": 0.6837166480462139,
        "Accuracy": 0.7258064516129032,
        "emission": 0.00028529697076655784
    },
    "Decision Tree": {
        "AVG-PR": 0.48211853484692047,
        "ROC-AUC": 0.6386978389780392,
        "Accuracy": 0.6742831541218638,
        "emission": 1.3544813936644454e-07
    },
    "Random Forest": {
        "AVG-PR": 0.38127240143369173,
        "ROC-AUC": 0.5,
        "Accuracy": 0.6187275985663082,
        "emission": 8.130606944853733e-07
    },
    "AdaBoost": {
        "AVG-PR": 0.49746655006347773,
        "ROC-AUC": 0.6533515538647295,
        "Accuracy": 0.6890681003584229,
        "emission": 1.7704431506290288e-06
    },
    "Naive Bayes": {
        "AVG-PR": 0.395873334957918,
        "ROC-AUC": 0.5296414066681359,
        "Accuracy": 0.4489247311827957,
        "emission": 1.2066885189212935e-07
    },
    "QDA": {
        "AVG-PR": 0.4496205004956545,
        "ROC-AUC": 0.6105778353362019,
        "Accuracy": 0.6182795698924731,
        "emission": 3.265647256800794e-06
    },
    "PLS-DA": {
        "AVG-PR": 0.6207293140618343,
        "ROC-AUC": 0.740870518221524,
        "Accuracy": 0.7105734767025089,
        "emission": 1.1962174055070824e-05
    },
    "DNN": {
        "AVG-PR": 0.6337808863984813,
        "ROC-AUC": 0.7354920011470085,
        "Accuracy": 0.6935483870967742,
        "emission": 0.00011766173450122588
    }
}