{
    "Nearest Neighbors": {
        "AVG-PR": 0.541776432189516,
        "ROC-AUC": 0.698189121968362,
        "Accuracy": 0.7244623655913979,
        "emission": 1.3879231548229375e-07
    },
    "Linear SVM": {
        "AVG-PR": 0.5680921493715003,
        "ROC-AUC": 0.7087619370149358,
        "Accuracy": 0.7473118279569892,
        "emission": 4.233445727433948e-07
    },
    "RBF SVM": {
        "AVG-PR": 0.39821946771455885,
        "ROC-AUC": 0.519109434655825,
        "Accuracy": 0.6303763440860215,
        "emission": 1.2144556539012549e-06
    },
    "Gaussian Process": {
        "AVG-PR": 0.6145768462760773,
        "ROC-AUC": 0.7521925476778608,
        "Accuracy": 0.7795698924731183,
        "emission": 5.2441709851619435e-05
    },
    "Decision Tree": {
        "AVG-PR": 0.5353140245269608,
        "ROC-AUC": 0.6801024649622074,
        "Accuracy": 0.7235663082437276,
        "emission": 5.6782542623115856e-08
    },
    "Random Forest": {
        "AVG-PR": 0.4208739130320951,
        "ROC-AUC": 0.5358814564966377,
        "Accuracy": 0.6447132616487455,
        "emission": 8.674855344989888e-07
    },
    "AdaBoost": {
        "AVG-PR": 0.5583400197673528,
        "ROC-AUC": 0.7069801596452101,
        "Accuracy": 0.739247311827957,
        "emission": 5.831674687421399e-07
    },
    "Naive Bayes": {
        "AVG-PR": 0.41848459037855,
        "ROC-AUC": 0.5514686048955482,
        "Accuracy": 0.6388888888888888,
        "emission": 9.651141680882731e-09
    },
    "QDA": {
        "AVG-PR": 0.4510006506137678,
        "ROC-AUC": 0.5831134474839414,
        "Accuracy": 0.6657706093189965,
        "emission": 7.484547077444322e-08
    },
    "PLS-DA": {
        "AVG-PR": 0.6783172082480597,
        "ROC-AUC": 0.7847121119167211,
        "Accuracy": 0.7383512544802867,
        "emission": 1.133396712654362e-06
    },
    "DNN": {
        "AVG-PR": 0.7174358663292225,
        "ROC-AUC": 0.8113672971526449,
        "Accuracy": 0.7701612903225806,
        "emission": 0.00011028048020415218
    }
}