{
    "Nearest Neighbors": {
        "AVG-PR": 0.3928571428571429,
        "ROC-AUC": 0.5714285714285714,
        "Accuracy": 0.75,
        "emission": 3.775050399282324e-09
    },
    "Linear SVM": {
        "AVG-PR": 0.2916666666666667,
        "ROC-AUC": 0.47058823529411764,
        "Accuracy": 0.6666666666666666,
        "emission": 2.4551210928183725e-09
    },
    "RBF SVM": {
        "AVG-PR": 0.3928571428571429,
        "ROC-AUC": 0.5714285714285714,
        "Accuracy": 0.75,
        "emission": 2.980062040907705e-09
    },
    "Gaussian Process": {
        "AVG-PR": 0.29761904761904767,
        "ROC-AUC": 0.5126050420168067,
        "Accuracy": 0.6666666666666666,
        "emission": 4.510502141756572e-08
    },
    "Decision Tree": {
        "AVG-PR": 0.3928571428571429,
        "ROC-AUC": 0.5714285714285714,
        "Accuracy": 0.75,
        "emission": 2.245113126981438e-09
    },
    "Random Forest": {
        "AVG-PR": 0.39880952380952384,
        "ROC-AUC": 0.6134453781512604,
        "Accuracy": 0.75,
        "emission": 6.196551642432561e-07
    },
    "AdaBoost": {
        "AVG-PR": 0.3928571428571429,
        "ROC-AUC": 0.5714285714285714,
        "Accuracy": 0.75,
        "emission": 3.902919783352551e-08
    },
    "Naive Bayes": {
        "AVG-PR": 0.3630952380952381,
        "ROC-AUC": 0.634453781512605,
        "Accuracy": 0.5416666666666666,
        "emission": 2.3581133424622564e-09
    },
    "QDA": {
        "AVG-PR": 0.2916666666666667,
        "ROC-AUC": 0.5,
        "Accuracy": 0.7083333333333334,
        "emission": 2.723812325206764e-09
    },
    "PLS-DA": {
        "AVG-PR": 0.4206349206349207,
        "ROC-AUC": 0.680672268907563,
        "Accuracy": 0.7083333333333334,
        "emission": 5.036701102840088e-09
    },
    "DNN": {
        "AVG-PR": 0.5991627420198848,
        "ROC-AUC": 0.7058823529411764,
        "Accuracy": 0.75,
        "emission": 1.3902991659056278e-05
    }
}