{
    "Nearest Neighbors": {
        "AVG-PR": 0.13043478260869565,
        "ROC-AUC": 0.5,
        "Accuracy": 0.8695652173913043,
        "emission": 3.588484178777848e-09
    },
    "Linear SVM": {
        "AVG-PR": 0.13043478260869565,
        "ROC-AUC": 0.5,
        "Accuracy": 0.8695652173913043,
        "emission": 2.6777652838444257e-09
    },
    "RBF SVM": {
        "AVG-PR": 0.17028985507246377,
        "ROC-AUC": 0.5916666666666667,
        "Accuracy": 0.782608695652174,
        "emission": 3.1155636389233153e-09
    },
    "Gaussian Process": {
        "AVG-PR": 0.13043478260869565,
        "ROC-AUC": 0.5,
        "Accuracy": 0.8695652173913043,
        "emission": 4.106694110736314e-08
    },
    "Decision Tree": {
        "AVG-PR": 0.1536231884057971,
        "ROC-AUC": 0.5666666666666667,
        "Accuracy": 0.7391304347826086,
        "emission": 3.3783105683369786e-09
    },
    "Random Forest": {
        "AVG-PR": 0.17028985507246377,
        "ROC-AUC": 0.5916666666666667,
        "Accuracy": 0.782608695652174,
        "emission": 5.779378184547054e-07
    },
    "AdaBoost": {
        "AVG-PR": 0.17028985507246377,
        "ROC-AUC": 0.5916666666666667,
        "Accuracy": 0.782608695652174,
        "emission": 3.352902276956208e-08
    },
    "Naive Bayes": {
        "AVG-PR": 0.23395445134575568,
        "ROC-AUC": 0.7083333333333334,
        "Accuracy": 0.7391304347826086,
        "emission": 3.548216807688811e-09
    },
    "QDA": {
        "AVG-PR": 0.13043478260869565,
        "ROC-AUC": 0.5,
        "Accuracy": 0.13043478260869565,
        "emission": 7.3280223738380234e-09
    },
    "PLS-DA": {
        "AVG-PR": 0.34920634920634924,
        "ROC-AUC": 0.7666666666666666,
        "Accuracy": 0.8695652173913043,
        "emission": 4.490842683332033e-09
    },
    "DNN": {
        "AVG-PR": 0.27136752136752135,
        "ROC-AUC": 0.75,
        "Accuracy": 0.782608695652174,
        "emission": 1.227048160947959e-05
    }
}