{
    "Nearest Neighbors": {
        "AVG-PR": 0.09667056074766354,
        "ROC-AUC": 0.5473484848484849,
        "Accuracy": 0.9065420560747663,
        "emission": 1.4039271729288313e-08
    },
    "Linear SVM": {
        "AVG-PR": 0.07476635514018691,
        "ROC-AUC": 0.5,
        "Accuracy": 0.9252336448598131,
        "emission": 3.703680609541195e-09
    },
    "RBF SVM": {
        "AVG-PR": 0.07476635514018691,
        "ROC-AUC": 0.5,
        "Accuracy": 0.9252336448598131,
        "emission": 1.3141871969496974e-08
    },
    "Gaussian Process": {
        "AVG-PR": 0.07476635514018691,
        "ROC-AUC": 0.5,
        "Accuracy": 0.9252336448598131,
        "emission": 2.4321070930892025e-06
    },
    "Decision Tree": {
        "AVG-PR": 0.08259345794392522,
        "ROC-AUC": 0.52114898989899,
        "Accuracy": 0.9112149532710281,
        "emission": 9.770594257241312e-09
    },
    "Random Forest": {
        "AVG-PR": 0.07476635514018691,
        "ROC-AUC": 0.5,
        "Accuracy": 0.9252336448598131,
        "emission": 5.520513859439637e-07
    },
    "AdaBoost": {
        "AVG-PR": 0.08465132997843278,
        "ROC-AUC": 0.5347222222222222,
        "Accuracy": 0.883177570093458,
        "emission": 8.165555184680658e-08
    },
    "Naive Bayes": {
        "AVG-PR": 0.0963855421686747,
        "ROC-AUC": 0.6212121212121212,
        "Accuracy": 0.29906542056074764,
        "emission": 2.8804203984511022e-09
    },
    "QDA": {
        "AVG-PR": 0.07476635514018691,
        "ROC-AUC": 0.48737373737373735,
        "Accuracy": 0.9018691588785047,
        "emission": 4.5778374967209044e-08
    },
    "PLS-DA": {
        "AVG-PR": 0.34166011833872745,
        "ROC-AUC": 0.752209595959596,
        "Accuracy": 0.9252336448598131,
        "emission": 9.348627884378551e-08
    },
    "DNN": {
        "AVG-PR": 0.3278198313935283,
        "ROC-AUC": 0.7853535353535354,
        "Accuracy": 0.9252336448598131,
        "emission": 2.1488172693414956e-05
    }
}