{
    "Nearest Neighbors": {
        "AVG-PR": 0.30448441058666453,
        "ROC-AUC": 0.6514705882352941,
        "Accuracy": 0.8551401869158879,
        "emission": 1.3640469331604906e-08
    },
    "Linear SVM": {
        "AVG-PR": 0.22224665567161445,
        "ROC-AUC": 0.580718954248366,
        "Accuracy": 0.8364485981308412,
        "emission": 6.278196400457817e-09
    },
    "RBF SVM": {
        "AVG-PR": 0.1588785046728972,
        "ROC-AUC": 0.5,
        "Accuracy": 0.8411214953271028,
        "emission": 2.032859022305585e-08
    },
    "Gaussian Process": {
        "AVG-PR": 0.23914238592633313,
        "ROC-AUC": 0.5954248366013072,
        "Accuracy": 0.8411214953271028,
        "emission": 2.0690949786144534e-06
    },
    "Decision Tree": {
        "AVG-PR": 0.1842404251420194,
        "ROC-AUC": 0.5565359477124183,
        "Accuracy": 0.7757009345794392,
        "emission": 1.057764006330254e-08
    },
    "Random Forest": {
        "AVG-PR": 0.16400952904526295,
        "ROC-AUC": 0.5091503267973856,
        "Accuracy": 0.8364485981308412,
        "emission": 7.509274151162395e-07
    },
    "AdaBoost": {
        "AVG-PR": 0.21624175371083015,
        "ROC-AUC": 0.5779411764705882,
        "Accuracy": 0.8317757009345794,
        "emission": 1.2425368202478162e-07
    },
    "Naive Bayes": {
        "AVG-PR": 0.17532228840217168,
        "ROC-AUC": 0.5550653594771242,
        "Accuracy": 0.3317757009345794,
        "emission": 3.72712262324023e-09
    },
    "QDA": {
        "AVG-PR": 0.2083562396921385,
        "ROC-AUC": 0.5294117647058824,
        "Accuracy": 0.8504672897196262,
        "emission": 3.208450155148321e-08
    },
    "PLS-DA": {
        "AVG-PR": 0.3097769539089885,
        "ROC-AUC": 0.7013071895424836,
        "Accuracy": 0.8037383177570093,
        "emission": 1.276695158727723e-07
    },
    "DNN": {
        "AVG-PR": 0.3536781788204644,
        "ROC-AUC": 0.7151960784313726,
        "Accuracy": 0.8317757009345794,
        "emission": 2.0369328561976713e-05
    }
}