{
    "Nearest Neighbors": {
        "AVG-PR": 0.1636552440290758,
        "ROC-AUC": 0.5871134020618556,
        "Accuracy": 0.9018691588785047,
        "emission": 1.3711710942925958e-08
    },
    "Linear SVM": {
        "AVG-PR": 0.13878504672897196,
        "ROC-AUC": 0.525,
        "Accuracy": 0.9112149532710281,
        "emission": 9.077799745617615e-09
    },
    "RBF SVM": {
        "AVG-PR": 0.09345794392523364,
        "ROC-AUC": 0.5,
        "Accuracy": 0.9065420560747663,
        "emission": 1.8662221284076718e-08
    },
    "Gaussian Process": {
        "AVG-PR": 0.09345794392523364,
        "ROC-AUC": 0.5,
        "Accuracy": 0.9065420560747663,
        "emission": 3.0132433790920697e-06
    },
    "Decision Tree": {
        "AVG-PR": 0.1747663551401869,
        "ROC-AUC": 0.5896907216494844,
        "Accuracy": 0.9065420560747663,
        "emission": 1.0750125383393448e-08
    },
    "Random Forest": {
        "AVG-PR": 0.09345794392523364,
        "ROC-AUC": 0.5,
        "Accuracy": 0.9065420560747663,
        "emission": 7.624197855993968e-07
    },
    "AdaBoost": {
        "AVG-PR": 0.1636552440290758,
        "ROC-AUC": 0.5871134020618556,
        "Accuracy": 0.9018691588785047,
        "emission": 1.2350970879740648e-07
    },
    "Naive Bayes": {
        "AVG-PR": 0.0876502002670227,
        "ROC-AUC": 0.46262886597938147,
        "Accuracy": 0.22897196261682243,
        "emission": 3.879441899128126e-09
    },
    "QDA": {
        "AVG-PR": 0.09345794392523364,
        "ROC-AUC": 0.49742268041237114,
        "Accuracy": 0.9018691588785047,
        "emission": 5.41094234769455e-08
    },
    "PLS-DA": {
        "AVG-PR": 0.3793530630512768,
        "ROC-AUC": 0.6945876288659794,
        "Accuracy": 0.9112149532710281,
        "emission": 1.3154512948526642e-07
    },
    "DNN": {
        "AVG-PR": 0.27662371231468497,
        "ROC-AUC": 0.654639175257732,
        "Accuracy": 0.9112149532710281,
        "emission": 2.0314250670608594e-05
    }
}