{
    "Nearest Neighbors": {
        "AVG-PR": 0.3105111808997692,
        "ROC-AUC": 0.6977058029689609,
        "Accuracy": 0.9252336448598131,
        "emission": 1.4519019173827642e-08
    },
    "Linear SVM": {
        "AVG-PR": 0.14961469093293983,
        "ROC-AUC": 0.5500674763832658,
        "Accuracy": 0.9158878504672897,
        "emission": 6.699791071035453e-09
    },
    "RBF SVM": {
        "AVG-PR": 0.08878504672897196,
        "ROC-AUC": 0.5,
        "Accuracy": 0.9112149532710281,
        "emission": 2.051899270819204e-08
    },
    "Gaussian Process": {
        "AVG-PR": 0.08878504672897196,
        "ROC-AUC": 0.5,
        "Accuracy": 0.9112149532710281,
        "emission": 2.004325771429643e-06
    },
    "Decision Tree": {
        "AVG-PR": 0.1466484818673702,
        "ROC-AUC": 0.5873144399460188,
        "Accuracy": 0.897196261682243,
        "emission": 1.5175845532546624e-08
    },
    "Random Forest": {
        "AVG-PR": 0.18470241023118544,
        "ROC-AUC": 0.5526315789473684,
        "Accuracy": 0.9205607476635514,
        "emission": 7.655556871289447e-07
    },
    "AdaBoost": {
        "AVG-PR": 0.20649665140565288,
        "ROC-AUC": 0.6399460188933874,
        "Accuracy": 0.9065420560747663,
        "emission": 1.2050383030664607e-07
    },
    "Naive Bayes": {
        "AVG-PR": 0.08099459477284032,
        "ROC-AUC": 0.44534412955465585,
        "Accuracy": 0.205607476635514,
        "emission": 3.6615843027121935e-09
    },
    "QDA": {
        "AVG-PR": 0.08878504672897196,
        "ROC-AUC": 0.4897435897435897,
        "Accuracy": 0.8925233644859814,
        "emission": 4.3733999569393046e-08
    },
    "PLS-DA": {
        "AVG-PR": 0.4326475283665755,
        "ROC-AUC": 0.8091767881241565,
        "Accuracy": 0.9158878504672897,
        "emission": 1.335706784037724e-07
    },
    "DNN": {
        "AVG-PR": 0.5456882879215068,
        "ROC-AUC": 0.8901484480431848,
        "Accuracy": 0.9252336448598131,
        "emission": 2.082272080156599e-05
    }
}