{
    "Nearest Neighbors": {
        "AVG-PR": 0.07223520249221184,
        "ROC-AUC": 0.5342409240924092,
        "Accuracy": 0.9345794392523364,
        "emission": 1.3926331086817406e-08
    },
    "Linear SVM": {
        "AVG-PR": 0.13473520249221183,
        "ROC-AUC": 0.5416666666666666,
        "Accuracy": 0.9485981308411215,
        "emission": 5.96571708298482e-09
    },
    "RBF SVM": {
        "AVG-PR": 0.056074766355140186,
        "ROC-AUC": 0.5,
        "Accuracy": 0.9439252336448598,
        "emission": 2.0642830253677117e-08
    },
    "Gaussian Process": {
        "AVG-PR": 0.056074766355140186,
        "ROC-AUC": 0.5,
        "Accuracy": 0.9439252336448598,
        "emission": 1.4267543077494376e-06
    },
    "Decision Tree": {
        "AVG-PR": 0.09434801958166444,
        "ROC-AUC": 0.570957095709571,
        "Accuracy": 0.9299065420560748,
        "emission": 1.2722872584437973e-08
    },
    "Random Forest": {
        "AVG-PR": 0.056074766355140186,
        "ROC-AUC": 0.5,
        "Accuracy": 0.9439252336448598,
        "emission": 7.962944325417223e-07
    },
    "AdaBoost": {
        "AVG-PR": 0.22210421976777117,
        "ROC-AUC": 0.6934818481848185,
        "Accuracy": 0.9392523364485982,
        "emission": 1.1874038884580054e-07
    },
    "Naive Bayes": {
        "AVG-PR": 0.07026869158878504,
        "ROC-AUC": 0.6002475247524752,
        "Accuracy": 0.4672897196261682,
        "emission": 5.555870319815206e-09
    },
    "QDA": {
        "AVG-PR": 0.056074766355140186,
        "ROC-AUC": 0.49504950495049505,
        "Accuracy": 0.9345794392523364,
        "emission": 3.0740507162858014e-08
    },
    "PLS-DA": {
        "AVG-PR": 0.3206294574579873,
        "ROC-AUC": 0.8494224422442245,
        "Accuracy": 0.9439252336448598,
        "emission": 1.339346758280976e-07
    },
    "DNN": {
        "AVG-PR": 0.16458735594239454,
        "ROC-AUC": 0.6295379537953795,
        "Accuracy": 0.9439252336448598,
        "emission": 2.0201115983345007e-05
    }
}