{
    "Nearest Neighbors": {
        "AVG-PR": 0.15131286159323543,
        "ROC-AUC": 0.5689285714285713,
        "Accuracy": 0.9392523364485982,
        "emission": 1.2701444518162294e-08
    },
    "Linear SVM": {
        "AVG-PR": 0.06542056074766354,
        "ROC-AUC": 0.5,
        "Accuracy": 0.9345794392523364,
        "emission": 6.2949298098970765e-09
    },
    "RBF SVM": {
        "AVG-PR": 0.13217623497997327,
        "ROC-AUC": 0.5357142857142857,
        "Accuracy": 0.9392523364485982,
        "emission": 1.9161053185367247e-08
    },
    "Gaussian Process": {
        "AVG-PR": 0.06542056074766354,
        "ROC-AUC": 0.5,
        "Accuracy": 0.9345794392523364,
        "emission": 1.45747446542692e-06
    },
    "Decision Tree": {
        "AVG-PR": 0.08204879232916616,
        "ROC-AUC": 0.5489285714285714,
        "Accuracy": 0.9018691588785047,
        "emission": 1.0525399276965434e-08
    },
    "Random Forest": {
        "AVG-PR": 0.06542056074766354,
        "ROC-AUC": 0.5,
        "Accuracy": 0.9345794392523364,
        "emission": 8.945635358459752e-07
    },
    "AdaBoost": {
        "AVG-PR": 0.11568758344459278,
        "ROC-AUC": 0.5896428571428571,
        "Accuracy": 0.9158878504672897,
        "emission": 1.1973184512679223e-07
    },
    "Naive Bayes": {
        "AVG-PR": 0.07676359807656821,
        "ROC-AUC": 0.5746428571428572,
        "Accuracy": 0.4532710280373832,
        "emission": 4.579572447258927e-09
    },
    "QDA": {
        "AVG-PR": 0.06542056074766354,
        "ROC-AUC": 0.495,
        "Accuracy": 0.9252336448598131,
        "emission": 3.334971208972349e-08
    },
    "PLS-DA": {
        "AVG-PR": 0.24269145776548415,
        "ROC-AUC": 0.8228571428571428,
        "Accuracy": 0.9345794392523364,
        "emission": 1.3363768979983477e-07
    },
    "DNN": {
        "AVG-PR": 0.39753852425675784,
        "ROC-AUC": 0.8092857142857143,
        "Accuracy": 0.9205607476635514,
        "emission": 2.0860733863303415e-05
    }
}