{
    "Nearest Neighbors": {
        "AVG-PR": 0.22803738317757008,
        "ROC-AUC": 0.6617886178861788,
        "Accuracy": 0.9626168224299065,
        "emission": 1.1793589458813816e-08
    },
    "Linear SVM": {
        "AVG-PR": 0.254932502596054,
        "ROC-AUC": 0.6111111111111112,
        "Accuracy": 0.9672897196261683,
        "emission": 4.845265398115942e-09
    },
    "RBF SVM": {
        "AVG-PR": 0.04205607476635514,
        "ROC-AUC": 0.5,
        "Accuracy": 0.9579439252336449,
        "emission": 2.143595132575479e-08
    },
    "Gaussian Process": {
        "AVG-PR": 0.04205607476635514,
        "ROC-AUC": 0.5,
        "Accuracy": 0.9579439252336449,
        "emission": 2.0478073446534504e-06
    },
    "Decision Tree": {
        "AVG-PR": 0.2011422637590862,
        "ROC-AUC": 0.7075880758807588,
        "Accuracy": 0.9485981308411215,
        "emission": 1.347696274845297e-08
    },
    "Random Forest": {
        "AVG-PR": 0.14849428868120457,
        "ROC-AUC": 0.5555555555555556,
        "Accuracy": 0.9626168224299065,
        "emission": 7.727590919181571e-07
    },
    "AdaBoost": {
        "AVG-PR": 0.059605399792315675,
        "ROC-AUC": 0.54579945799458,
        "Accuracy": 0.9439252336448598,
        "emission": 1.1857723072439263e-07
    },
    "Naive Bayes": {
        "AVG-PR": 0.06780893042575285,
        "ROC-AUC": 0.6344173441734418,
        "Accuracy": 0.8084112149532711,
        "emission": 4.695641457612636e-09
    },
    "QDA": {
        "AVG-PR": 0.04205607476635514,
        "ROC-AUC": 0.5,
        "Accuracy": 0.9579439252336449,
        "emission": 3.180168302600032e-08
    },
    "PLS-DA": {
        "AVG-PR": 0.23325515374693412,
        "ROC-AUC": 0.7794037940379404,
        "Accuracy": 0.9579439252336449,
        "emission": 1.3111114467286453e-07
    },
    "DNN": {
        "AVG-PR": 0.6468556225909167,
        "ROC-AUC": 0.8233062330623306,
        "Accuracy": 0.9719626168224299,
        "emission": 2.0893853687650466e-05
    }
}