{
    "Nearest Neighbors": {
        "AVG-PR": 0.13345315121016055,
        "ROC-AUC": 0.6107202680067002,
        "Accuracy": 0.9065420560747663,
        "emission": 1.3546002500636567e-08
    },
    "Linear SVM": {
        "AVG-PR": 0.169920387677397,
        "ROC-AUC": 0.6207705192629815,
        "Accuracy": 0.9252336448598131,
        "emission": 6.619433271221688e-09
    },
    "RBF SVM": {
        "AVG-PR": 0.07009345794392523,
        "ROC-AUC": 0.5,
        "Accuracy": 0.9299065420560748,
        "emission": 1.9892678052038447e-08
    },
    "Gaussian Process": {
        "AVG-PR": 0.1310747663551402,
        "ROC-AUC": 0.5874371859296482,
        "Accuracy": 0.9205607476635514,
        "emission": 6.977916502787106e-06
    },
    "Decision Tree": {
        "AVG-PR": 0.1310747663551402,
        "ROC-AUC": 0.5874371859296482,
        "Accuracy": 0.9205607476635514,
        "emission": 1.4106405705206742e-08
    },
    "Random Forest": {
        "AVG-PR": 0.1320872274143302,
        "ROC-AUC": 0.5333333333333333,
        "Accuracy": 0.9345794392523364,
        "emission": 8.001259212354401e-07
    },
    "AdaBoost": {
        "AVG-PR": 0.08741433021806853,
        "ROC-AUC": 0.5465661641541039,
        "Accuracy": 0.9018691588785047,
        "emission": 1.2785212678110253e-07
    },
    "Naive Bayes": {
        "AVG-PR": 0.10373831775700935,
        "ROC-AUC": 0.6613065326633166,
        "Accuracy": 0.5420560747663551,
        "emission": 4.687196864077268e-09
    },
    "QDA": {
        "AVG-PR": 0.07009345794392523,
        "ROC-AUC": 0.49246231155778897,
        "Accuracy": 0.9158878504672897,
        "emission": 4.387790175857907e-08
    },
    "PLS-DA": {
        "AVG-PR": 0.2974516589581265,
        "ROC-AUC": 0.8160804020100503,
        "Accuracy": 0.9299065420560748,
        "emission": 9.434300136624546e-08
    },
    "DNN": {
        "AVG-PR": 0.08564045627919731,
        "ROC-AUC": 0.4974874371859297,
        "Accuracy": 0.9299065420560748,
        "emission": 2.0800897909292367e-05
    }
}