{
    "Nearest Neighbors": {
        "AVG-PR": 0.504018691588785,
        "ROC-AUC": 0.8426470588235294,
        "Accuracy": 0.9719626168224299,
        "emission": 1.4292436635383903e-08
    },
    "Linear SVM": {
        "AVG-PR": 0.532977303070761,
        "ROC-AUC": 0.7975490196078432,
        "Accuracy": 0.9766355140186916,
        "emission": 6.445062282269498e-09
    },
    "RBF SVM": {
        "AVG-PR": 0.04672897196261682,
        "ROC-AUC": 0.5,
        "Accuracy": 0.9532710280373832,
        "emission": 1.8323818438028723e-08
    },
    "Gaussian Process": {
        "AVG-PR": 0.04672897196261682,
        "ROC-AUC": 0.5,
        "Accuracy": 0.9532710280373832,
        "emission": 1.8543629641941149e-06
    },
    "Decision Tree": {
        "AVG-PR": 0.532977303070761,
        "ROC-AUC": 0.7975490196078432,
        "Accuracy": 0.9766355140186916,
        "emission": 7.602160265071168e-09
    },
    "Random Forest": {
        "AVG-PR": 0.04672897196261682,
        "ROC-AUC": 0.5,
        "Accuracy": 0.9532710280373832,
        "emission": 7.915696514381678e-07
    },
    "AdaBoost": {
        "AVG-PR": 0.532977303070761,
        "ROC-AUC": 0.7975490196078432,
        "Accuracy": 0.9766355140186916,
        "emission": 1.188006683302281e-07
    },
    "Naive Bayes": {
        "AVG-PR": 0.07305483616709829,
        "ROC-AUC": 0.6637254901960784,
        "Accuracy": 0.6308411214953271,
        "emission": 5.1887564639719444e-09
    },
    "QDA": {
        "AVG-PR": 0.23738317757009347,
        "ROC-AUC": 0.6,
        "Accuracy": 0.9626168224299065,
        "emission": 3.100458050121204e-08
    },
    "PLS-DA": {
        "AVG-PR": 0.8173780487804878,
        "ROC-AUC": 0.8975490196078431,
        "Accuracy": 0.9766355140186916,
        "emission": 1.2912815508274548e-07
    },
    "DNN": {
        "AVG-PR": 0.7385249042145594,
        "ROC-AUC": 0.9102941176470587,
        "Accuracy": 0.9719626168224299,
        "emission": 2.0596592262052678e-05
    }
}