{
    "Nearest Neighbors": {
        "AVG-PR": 0.04205607476635514,
        "ROC-AUC": 0.5,
        "Accuracy": 0.9579439252336449,
        "emission": 1.2333525348369531e-08
    },
    "Linear SVM": {
        "AVG-PR": 0.04205607476635514,
        "ROC-AUC": 0.5,
        "Accuracy": 0.9579439252336449,
        "emission": 4.988249421278782e-09
    },
    "RBF SVM": {
        "AVG-PR": 0.04205607476635514,
        "ROC-AUC": 0.5,
        "Accuracy": 0.9579439252336449,
        "emission": 1.8435023182957843e-08
    },
    "Gaussian Process": {
        "AVG-PR": 0.04205607476635514,
        "ROC-AUC": 0.5,
        "Accuracy": 0.9579439252336449,
        "emission": 1.8853720557964487e-06
    },
    "Decision Tree": {
        "AVG-PR": 0.11137071651090343,
        "ROC-AUC": 0.6447154471544715,
        "Accuracy": 0.9299065420560748,
        "emission": 1.102794221283208e-08
    },
    "Random Forest": {
        "AVG-PR": 0.04205607476635514,
        "ROC-AUC": 0.5,
        "Accuracy": 0.9579439252336449,
        "emission": 7.677796529038104e-07
    },
    "AdaBoost": {
        "AVG-PR": 0.04205607476635514,
        "ROC-AUC": 0.4878048780487805,
        "Accuracy": 0.9345794392523364,
        "emission": 1.1787115856432936e-07
    },
    "Naive Bayes": {
        "AVG-PR": 0.03712829226847919,
        "ROC-AUC": 0.40569105691056906,
        "Accuracy": 0.4719626168224299,
        "emission": 5.205698760831002e-09
    },
    "QDA": {
        "AVG-PR": 0.04205607476635514,
        "ROC-AUC": 0.4951219512195122,
        "Accuracy": 0.9485981308411215,
        "emission": 3.081653808811706e-08
    },
    "PLS-DA": {
        "AVG-PR": 0.1636727063147592,
        "ROC-AUC": 0.7062330623306232,
        "Accuracy": 0.9579439252336449,
        "emission": 1.3162681689167517e-07
    },
    "DNN": {
        "AVG-PR": 0.09877003750161709,
        "ROC-AUC": 0.6558265582655827,
        "Accuracy": 0.9579439252336449,
        "emission": 1.996459536901745e-05
    }
}