{
    "Nearest Neighbors": {
        "AVG-PR": 0.13738317757009347,
        "ROC-AUC": 0.5950980392156863,
        "Accuracy": 0.9532710280373832,
        "emission": 1.4258615494735418e-08
    },
    "Linear SVM": {
        "AVG-PR": 0.04672897196261682,
        "ROC-AUC": 0.5,
        "Accuracy": 0.9532710280373832,
        "emission": 5.957293720290737e-09
    },
    "RBF SVM": {
        "AVG-PR": 0.04672897196261682,
        "ROC-AUC": 0.5,
        "Accuracy": 0.9532710280373832,
        "emission": 1.7952749010024894e-08
    },
    "Gaussian Process": {
        "AVG-PR": 0.04672897196261682,
        "ROC-AUC": 0.5,
        "Accuracy": 0.9532710280373832,
        "emission": 1.097203828294083e-06
    },
    "Decision Tree": {
        "AVG-PR": 0.05455607476635514,
        "ROC-AUC": 0.532843137254902,
        "Accuracy": 0.9252336448598131,
        "emission": 1.1563507462817099e-08
    },
    "Random Forest": {
        "AVG-PR": 0.04672897196261682,
        "ROC-AUC": 0.5,
        "Accuracy": 0.9532710280373832,
        "emission": 9.124710350572965e-07
    },
    "AdaBoost": {
        "AVG-PR": 0.06205607476635514,
        "ROC-AUC": 0.5401960784313725,
        "Accuracy": 0.9392523364485982,
        "emission": 1.1660650281228468e-07
    },
    "Naive Bayes": {
        "AVG-PR": 0.06068535825545171,
        "ROC-AUC": 0.6098039215686274,
        "Accuracy": 0.5280373831775701,
        "emission": 5.453464027815005e-09
    },
    "QDA": {
        "AVG-PR": 0.05634178905206942,
        "ROC-AUC": 0.5352941176470588,
        "Accuracy": 0.9299065420560748,
        "emission": 3.027477091671328e-08
    },
    "PLS-DA": {
        "AVG-PR": 0.11683267751491619,
        "ROC-AUC": 0.7078431372549019,
        "Accuracy": 0.9532710280373832,
        "emission": 1.291483053589588e-07
    },
    "DNN": {
        "AVG-PR": 0.03835738229779159,
        "ROC-AUC": 0.37058823529411766,
        "Accuracy": 0.9532710280373832,
        "emission": 1.990666321399322e-05
    }
}