{
    "Nearest Neighbors": {
        "AVG-PR": 0.2732127685398713,
        "ROC-AUC": 0.6661931818181819,
        "Accuracy": 0.9065420560747663,
        "emission": 1.4073953861113144e-08
    },
    "Linear SVM": {
        "AVG-PR": 0.2053242707448315,
        "ROC-AUC": 0.5857007575757577,
        "Accuracy": 0.9065420560747663,
        "emission": 7.48188690407151e-09
    },
    "RBF SVM": {
        "AVG-PR": 0.102803738317757,
        "ROC-AUC": 0.5,
        "Accuracy": 0.897196261682243,
        "emission": 1.7559131591783407e-08
    },
    "Gaussian Process": {
        "AVG-PR": 0.102803738317757,
        "ROC-AUC": 0.4947916666666667,
        "Accuracy": 0.8878504672897196,
        "emission": 5.523760578965457e-06
    },
    "Decision Tree": {
        "AVG-PR": 0.15519682809402435,
        "ROC-AUC": 0.5875946969696969,
        "Accuracy": 0.8738317757009346,
        "emission": 1.099488163692989e-08
    },
    "Random Forest": {
        "AVG-PR": 0.102803738317757,
        "ROC-AUC": 0.5,
        "Accuracy": 0.897196261682243,
        "emission": 7.486684624042165e-07
    },
    "AdaBoost": {
        "AVG-PR": 0.29282073067119796,
        "ROC-AUC": 0.6512784090909091,
        "Accuracy": 0.9158878504672897,
        "emission": 1.2177405136788866e-07
    },
    "Naive Bayes": {
        "AVG-PR": 0.1169305173618617,
        "ROC-AUC": 0.5665246212121212,
        "Accuracy": 0.29439252336448596,
        "emission": 3.817148187150669e-09
    },
    "QDA": {
        "AVG-PR": 0.14358538657604078,
        "ROC-AUC": 0.5227272727272727,
        "Accuracy": 0.9018691588785047,
        "emission": 7.523101536528061e-08
    },
    "PLS-DA": {
        "AVG-PR": 0.406704456042898,
        "ROC-AUC": 0.8529829545454546,
        "Accuracy": 0.9018691588785047,
        "emission": 9.754951160053902e-08
    },
    "DNN": {
        "AVG-PR": 0.4634573583636406,
        "ROC-AUC": 0.8323863636363636,
        "Accuracy": 0.9065420560747663,
        "emission": 2.015115019071254e-05
    }
}