{
    "Nearest Neighbors": {
        "AVG-PR": 0.21870614285862794,
        "ROC-AUC": 0.6356011183597391,
        "Accuracy": 0.822429906542056,
        "emission": 1.3708305534999771e-08
    },
    "Linear SVM": {
        "AVG-PR": 0.2087764528950478,
        "ROC-AUC": 0.563560111835974,
        "Accuracy": 0.8738317757009346,
        "emission": 7.379094188314716e-09
    },
    "RBF SVM": {
        "AVG-PR": 0.13551401869158877,
        "ROC-AUC": 0.5,
        "Accuracy": 0.8644859813084113,
        "emission": 2.2612256747576823e-08
    },
    "Gaussian Process": {
        "AVG-PR": 0.13551401869158877,
        "ROC-AUC": 0.5,
        "Accuracy": 0.8644859813084113,
        "emission": 1.2137302231266767e-06
    },
    "Decision Tree": {
        "AVG-PR": 0.19614658625293493,
        "ROC-AUC": 0.5818266542404473,
        "Accuracy": 0.8551401869158879,
        "emission": 1.2436674217780093e-08
    },
    "Random Forest": {
        "AVG-PR": 0.13551401869158877,
        "ROC-AUC": 0.5,
        "Accuracy": 0.8644859813084113,
        "emission": 7.782971429956176e-07
    },
    "AdaBoost": {
        "AVG-PR": 0.20518208185626813,
        "ROC-AUC": 0.6119291705498602,
        "Accuracy": 0.8317757009345794,
        "emission": 1.1836854684536343e-07
    },
    "Naive Bayes": {
        "AVG-PR": 0.1538166624067921,
        "ROC-AUC": 0.568219944082013,
        "Accuracy": 0.3037383177570093,
        "emission": 4.355879657697086e-09
    },
    "QDA": {
        "AVG-PR": 0.13551401869158877,
        "ROC-AUC": 0.49189189189189186,
        "Accuracy": 0.8504672897196262,
        "emission": 3.357401041121016e-08
    },
    "PLS-DA": {
        "AVG-PR": 0.42753461165429807,
        "ROC-AUC": 0.7800559179869524,
        "Accuracy": 0.8644859813084113,
        "emission": 1.2943240317428952e-07
    },
    "DNN": {
        "AVG-PR": 0.3617298855960832,
        "ROC-AUC": 0.8212488350419385,
        "Accuracy": 0.8551401869158879,
        "emission": 2.0201679069762626e-05
    }
}