{
    "Nearest Neighbors": {
        "AVG-PR": 0.1813978057700122,
        "ROC-AUC": 0.6294104256772137,
        "Accuracy": 0.8504672897196262,
        "emission": 1.8977188942381804e-08
    },
    "Linear SVM": {
        "AVG-PR": 0.18816392871654958,
        "ROC-AUC": 0.5791031185977691,
        "Accuracy": 0.897196261682243,
        "emission": 7.216706353715264e-09
    },
    "RBF SVM": {
        "AVG-PR": 0.10747663551401869,
        "ROC-AUC": 0.4973821989528796,
        "Accuracy": 0.8878504672897196,
        "emission": 1.791779941027518e-08
    },
    "Gaussian Process": {
        "AVG-PR": 0.12454286875253961,
        "ROC-AUC": 0.5191213293876622,
        "Accuracy": 0.8925233644859814,
        "emission": 5.5646093685113175e-06
    },
    "Decision Tree": {
        "AVG-PR": 0.26778700102552194,
        "ROC-AUC": 0.6885954928295014,
        "Accuracy": 0.8878504672897196,
        "emission": 1.0710726132936206e-08
    },
    "Random Forest": {
        "AVG-PR": 0.10747663551401869,
        "ROC-AUC": 0.5,
        "Accuracy": 0.8925233644859814,
        "emission": 7.637840669884911e-07
    },
    "AdaBoost": {
        "AVG-PR": 0.21679534064743328,
        "ROC-AUC": 0.6312315046665149,
        "Accuracy": 0.8878504672897196,
        "emission": 1.1750834956902995e-07
    },
    "Naive Bayes": {
        "AVG-PR": 0.114694054841738,
        "ROC-AUC": 0.5344866833598907,
        "Accuracy": 0.37383177570093457,
        "emission": 4.67203274965685e-09
    },
    "QDA": {
        "AVG-PR": 0.10747663551401869,
        "ROC-AUC": 0.4973821989528796,
        "Accuracy": 0.8878504672897196,
        "emission": 3.334394629659972e-08
    },
    "PLS-DA": {
        "AVG-PR": 0.28672334531738164,
        "ROC-AUC": 0.6485317550648759,
        "Accuracy": 0.897196261682243,
        "emission": 9.800884917095484e-08
    },
    "DNN": {
        "AVG-PR": 0.4293891978295808,
        "ROC-AUC": 0.7500569087184157,
        "Accuracy": 0.9018691588785047,
        "emission": 2.074841298476375e-05
    }
}