{
    "Nearest Neighbors": {
        "AVG-PR": 0.4727414330218069,
        "ROC-AUC": 0.7644087938205586,
        "Accuracy": 0.9205607476635514,
        "emission": 1.5401084704280513e-08
    },
    "Linear SVM": {
        "AVG-PR": 0.2886070315976858,
        "ROC-AUC": 0.6084373143196673,
        "Accuracy": 0.897196261682243,
        "emission": 6.219907180895497e-09
    },
    "RBF SVM": {
        "AVG-PR": 0.1261682242990654,
        "ROC-AUC": 0.5,
        "Accuracy": 0.8738317757009346,
        "emission": 1.7771598958944164e-08
    },
    "Gaussian Process": {
        "AVG-PR": 0.1954828660436137,
        "ROC-AUC": 0.5528817587641117,
        "Accuracy": 0.883177570093458,
        "emission": 5.676754071970194e-06
    },
    "Decision Tree": {
        "AVG-PR": 0.18146417445482865,
        "ROC-AUC": 0.5843731431966727,
        "Accuracy": 0.8551401869158879,
        "emission": 1.2974116717630518e-08
    },
    "Random Forest": {
        "AVG-PR": 0.1585323641398408,
        "ROC-AUC": 0.5185185185185185,
        "Accuracy": 0.8785046728971962,
        "emission": 7.565200507462104e-07
    },
    "AdaBoost": {
        "AVG-PR": 0.23305908352637322,
        "ROC-AUC": 0.6135868488809665,
        "Accuracy": 0.8785046728971962,
        "emission": 1.2671720081455802e-07
    },
    "Naive Bayes": {
        "AVG-PR": 0.15493163180226013,
        "ROC-AUC": 0.604674192909487,
        "Accuracy": 0.3644859813084112,
        "emission": 4.604774102459822e-09
    },
    "QDA": {
        "AVG-PR": 0.1261682242990654,
        "ROC-AUC": 0.49732620320855614,
        "Accuracy": 0.8691588785046729,
        "emission": 4.2169049251725815e-08
    },
    "PLS-DA": {
        "AVG-PR": 0.47875629561353406,
        "ROC-AUC": 0.8732422261834026,
        "Accuracy": 0.8738317757009346,
        "emission": 1.0051191233963557e-07
    },
    "DNN": {
        "AVG-PR": 0.5935962840744344,
        "ROC-AUC": 0.9079025549613784,
        "Accuracy": 0.9065420560747663,
        "emission": 2.081198748206762e-05
    }
}