{
    "Nearest Neighbors": {
        "AVG-PR": 0.24627898926964348,
        "ROC-AUC": 0.6030897207367797,
        "Accuracy": 0.8878504672897196,
        "emission": 1.3592243024392458e-08
    },
    "Linear SVM": {
        "AVG-PR": 0.20924195223260644,
        "ROC-AUC": 0.595068330362448,
        "Accuracy": 0.8738317757009346,
        "emission": 5.297623264269444e-09
    },
    "RBF SVM": {
        "AVG-PR": 0.1261682242990654,
        "ROC-AUC": 0.5,
        "Accuracy": 0.8738317757009346,
        "emission": 1.7212443822620853e-08
    },
    "Gaussian Process": {
        "AVG-PR": 0.1261682242990654,
        "ROC-AUC": 0.5,
        "Accuracy": 0.8738317757009346,
        "emission": 1.5443371769646824e-06
    },
    "Decision Tree": {
        "AVG-PR": 0.2558060953699583,
        "ROC-AUC": 0.6557734204793028,
        "Accuracy": 0.8691588785046729,
        "emission": 1.0357633869154908e-08
    },
    "Random Forest": {
        "AVG-PR": 0.1261682242990654,
        "ROC-AUC": 0.5,
        "Accuracy": 0.8738317757009346,
        "emission": 7.655479311280084e-07
    },
    "AdaBoost": {
        "AVG-PR": 0.2716121495327103,
        "ROC-AUC": 0.6479500891265596,
        "Accuracy": 0.883177570093458,
        "emission": 1.1560639961582034e-07
    },
    "Naive Bayes": {
        "AVG-PR": 0.15493163180226013,
        "ROC-AUC": 0.604674192909487,
        "Accuracy": 0.3644859813084112,
        "emission": 4.397803478763562e-09
    },
    "QDA": {
        "AVG-PR": 0.1261682242990654,
        "ROC-AUC": 0.5,
        "Accuracy": 0.8738317757009346,
        "emission": 3.5013902569621955e-08
    },
    "PLS-DA": {
        "AVG-PR": 0.48070193920736426,
        "ROC-AUC": 0.8207565854624678,
        "Accuracy": 0.883177570093458,
        "emission": 1.2799348849727057e-07
    },
    "DNN": {
        "AVG-PR": 0.5764938750509202,
        "ROC-AUC": 0.8680926916221035,
        "Accuracy": 0.897196261682243,
        "emission": 2.0008571465297584e-05
    }
}