{
    "Nearest Neighbors": {
        "AVG-PR": 0.31116488651535384,
        "ROC-AUC": 0.674342105263158,
        "Accuracy": 0.9065420560747663,
        "emission": 1.4834550636098485e-08
    },
    "Linear SVM": {
        "AVG-PR": 0.23759457053849575,
        "ROC-AUC": 0.5989035087719298,
        "Accuracy": 0.9018691588785047,
        "emission": 9.38215229292859e-09
    },
    "RBF SVM": {
        "AVG-PR": 0.14914330218068536,
        "ROC-AUC": 0.5208333333333334,
        "Accuracy": 0.8925233644859814,
        "emission": 1.8609862911447743e-08
    },
    "Gaussian Process": {
        "AVG-PR": 0.11214953271028037,
        "ROC-AUC": 0.5,
        "Accuracy": 0.8878504672897196,
        "emission": 2.378598006030813e-06
    },
    "Decision Tree": {
        "AVG-PR": 0.1601246105919003,
        "ROC-AUC": 0.5675438596491229,
        "Accuracy": 0.8785046728971962,
        "emission": 1.307797156760642e-08
    },
    "Random Forest": {
        "AVG-PR": 0.18613707165109034,
        "ROC-AUC": 0.5416666666666666,
        "Accuracy": 0.897196261682243,
        "emission": 7.388456642477037e-07
    },
    "AdaBoost": {
        "AVG-PR": 0.31719059756442936,
        "ROC-AUC": 0.6587719298245613,
        "Accuracy": 0.9112149532710281,
        "emission": 1.1604994949646323e-07
    },
    "Naive Bayes": {
        "AVG-PR": 0.13186813186813187,
        "ROC-AUC": 0.5842105263157895,
        "Accuracy": 0.2616822429906542,
        "emission": 4.945534105048702e-09
    },
    "QDA": {
        "AVG-PR": 0.11214953271028037,
        "ROC-AUC": 0.4921052631578947,
        "Accuracy": 0.8738317757009346,
        "emission": 2.936814358224723e-08
    },
    "PLS-DA": {
        "AVG-PR": 0.571147492734192,
        "ROC-AUC": 0.8467105263157895,
        "Accuracy": 0.9018691588785047,
        "emission": 1.3138473600410038e-07
    },
    "DNN": {
        "AVG-PR": 0.5149166816743754,
        "ROC-AUC": 0.8859649122807018,
        "Accuracy": 0.8925233644859814,
        "emission": 1.989175551440797e-05
    }
}