{
    "Nearest Neighbors": {
        "AVG-PR": 0.2774982027318476,
        "ROC-AUC": 0.6153846153846154,
        "Accuracy": 0.9532710280373832,
        "emission": 1.8053246008311195e-08
    },
    "Linear SVM": {
        "AVG-PR": 0.2198058950395399,
        "ROC-AUC": 0.6128970531955608,
        "Accuracy": 0.9485981308411215,
        "emission": 5.023723833960188e-09
    },
    "RBF SVM": {
        "AVG-PR": 0.06074766355140187,
        "ROC-AUC": 0.5,
        "Accuracy": 0.9392523364485982,
        "emission": 1.7290315917154576e-08
    },
    "Gaussian Process": {
        "AVG-PR": 0.06074766355140187,
        "ROC-AUC": 0.5,
        "Accuracy": 0.9392523364485982,
        "emission": 1.3362035558902108e-06
    },
    "Decision Tree": {
        "AVG-PR": 0.07704289479990414,
        "ROC-AUC": 0.5520474550325296,
        "Accuracy": 0.9018691588785047,
        "emission": 1.3101213352014867e-08
    },
    "Random Forest": {
        "AVG-PR": 0.06074766355140187,
        "ROC-AUC": 0.5,
        "Accuracy": 0.9392523364485982,
        "emission": 7.403583304684916e-07
    },
    "AdaBoost": {
        "AVG-PR": 0.12832494608195544,
        "ROC-AUC": 0.5719479525449674,
        "Accuracy": 0.9392523364485982,
        "emission": 1.2348016308169352e-07
    },
    "Naive Bayes": {
        "AVG-PR": 0.06893972774286311,
        "ROC-AUC": 0.5600841944125526,
        "Accuracy": 0.4439252336448598,
        "emission": 3.5211517200928616e-09
    },
    "QDA": {
        "AVG-PR": 0.06074766355140187,
        "ROC-AUC": 0.5,
        "Accuracy": 0.9392523364485982,
        "emission": 3.021496868914399e-08
    },
    "PLS-DA": {
        "AVG-PR": 0.30739296758992296,
        "ROC-AUC": 0.8002296211251436,
        "Accuracy": 0.9439252336448598,
        "emission": 1.2883629317132563e-07
    },
    "DNN": {
        "AVG-PR": 0.21941832419914145,
        "ROC-AUC": 0.6352851128970533,
        "Accuracy": 0.9439252336448598,
        "emission": 1.9840787950310596e-05
    }
}