{
    "Nearest Neighbors": {
        "AVG-PR": 0.11137071651090341,
        "ROC-AUC": 0.6152912621359223,
        "Accuracy": 0.9532710280373832,
        "emission": 3.149838950155344e-08
    },
    "Linear SVM": {
        "AVG-PR": 0.1280373831775701,
        "ROC-AUC": 0.6177184466019418,
        "Accuracy": 0.9579439252336449,
        "emission": 5.5790127383447735e-09
    },
    "RBF SVM": {
        "AVG-PR": 0.037383177570093455,
        "ROC-AUC": 0.5,
        "Accuracy": 0.9626168224299065,
        "emission": 2.1290173930746685e-08
    },
    "Gaussian Process": {
        "AVG-PR": 0.1530373831775701,
        "ROC-AUC": 0.6201456310679613,
        "Accuracy": 0.9626168224299065,
        "emission": 3.6587737870015474e-06
    },
    "Decision Tree": {
        "AVG-PR": 0.09367698598130841,
        "ROC-AUC": 0.6559466019417476,
        "Accuracy": 0.9158878504672897,
        "emission": 1.1992628384082281e-08
    },
    "Random Forest": {
        "AVG-PR": 0.1280373831775701,
        "ROC-AUC": 0.6177184466019418,
        "Accuracy": 0.9579439252336449,
        "emission": 7.459192183867428e-07
    },
    "AdaBoost": {
        "AVG-PR": 0.07349192863211554,
        "ROC-AUC": 0.6031553398058253,
        "Accuracy": 0.9299065420560748,
        "emission": 1.1480714388898251e-07
    },
    "Naive Bayes": {
        "AVG-PR": 0.04295387677397022,
        "ROC-AUC": 0.5625,
        "Accuracy": 0.5046728971962616,
        "emission": 3.899238819219835e-09
    },
    "QDA": {
        "AVG-PR": 0.037383177570093455,
        "ROC-AUC": 0.5,
        "Accuracy": 0.9626168224299065,
        "emission": 2.9613625413786675e-08
    },
    "PLS-DA": {
        "AVG-PR": 0.30383493140846085,
        "ROC-AUC": 0.6425970873786407,
        "Accuracy": 0.9579439252336449,
        "emission": 1.2348516720254222e-07
    },
    "DNN": {
        "AVG-PR": 0.12369636432880078,
        "ROC-AUC": 0.6407766990291262,
        "Accuracy": 0.9626168224299065,
        "emission": 1.9662729175365046e-05
    }
}