{
    "Nearest Neighbors": {
        "AVG-PR": 0.21506865120572288,
        "ROC-AUC": 0.6286848072562358,
        "Accuracy": 0.9205607476635514,
        "emission": 1.3640986557154908e-08
    },
    "Linear SVM": {
        "AVG-PR": 0.16418599284642899,
        "ROC-AUC": 0.5983560090702948,
        "Accuracy": 0.9112149532710281,
        "emission": 7.367194216738601e-09
    },
    "RBF SVM": {
        "AVG-PR": 0.08411214953271028,
        "ROC-AUC": 0.5,
        "Accuracy": 0.9158878504672897,
        "emission": 1.8058556839425798e-08
    },
    "Gaussian Process": {
        "AVG-PR": 0.2135687088958117,
        "ROC-AUC": 0.6060090702947846,
        "Accuracy": 0.9252336448598131,
        "emission": 5.0647871333862055e-06
    },
    "Decision Tree": {
        "AVG-PR": 0.17648840429214263,
        "ROC-AUC": 0.6210317460317459,
        "Accuracy": 0.9065420560747663,
        "emission": 1.2849646704814771e-08
    },
    "Random Forest": {
        "AVG-PR": 0.18587746625129803,
        "ROC-AUC": 0.5555555555555556,
        "Accuracy": 0.9252336448598131,
        "emission": 7.537105980468661e-07
    },
    "AdaBoost": {
        "AVG-PR": 0.2837660089996538,
        "ROC-AUC": 0.7043650793650793,
        "Accuracy": 0.9205607476635514,
        "emission": 1.1772846681599294e-07
    },
    "Naive Bayes": {
        "AVG-PR": 0.10609560542804868,
        "ROC-AUC": 0.6102607709750567,
        "Accuracy": 0.37850467289719625,
        "emission": 3.6040508991942356e-09
    },
    "QDA": {
        "AVG-PR": 0.08411214953271028,
        "ROC-AUC": 0.49489795918367346,
        "Accuracy": 0.9065420560747663,
        "emission": 3.2636173404651714e-08
    },
    "PLS-DA": {
        "AVG-PR": 0.3435309046158329,
        "ROC-AUC": 0.7939342403628118,
        "Accuracy": 0.9112149532710281,
        "emission": 9.762295024217375e-08
    },
    "DNN": {
        "AVG-PR": 0.44093708543099097,
        "ROC-AUC": 0.8049886621315192,
        "Accuracy": 0.9252336448598131,
        "emission": 2.063519085193947e-05
    }
}