{
    "Nearest Neighbors": {
        "AVG-PR": 0.13159703133589884,
        "ROC-AUC": 0.5755449387876979,
        "Accuracy": 0.9112149532710281,
        "emission": 1.3844513287039074e-08
    },
    "Linear SVM": {
        "AVG-PR": 0.11715228147333699,
        "ROC-AUC": 0.5512093162137952,
        "Accuracy": 0.9158878504672897,
        "emission": 5.302686743172095e-09
    },
    "RBF SVM": {
        "AVG-PR": 0.0794392523364486,
        "ROC-AUC": 0.5,
        "Accuracy": 0.9205607476635514,
        "emission": 1.8948870544487143e-08
    },
    "Gaussian Process": {
        "AVG-PR": 0.0794392523364486,
        "ROC-AUC": 0.5,
        "Accuracy": 0.9205607476635514,
        "emission": 2.7820739229871733e-06
    },
    "Decision Tree": {
        "AVG-PR": 0.33496426608026386,
        "ROC-AUC": 0.6982681397432069,
        "Accuracy": 0.9392523364485982,
        "emission": 1.3476158753582418e-08
    },
    "Random Forest": {
        "AVG-PR": 0.18774051676745462,
        "ROC-AUC": 0.5588235294117647,
        "Accuracy": 0.9299065420560748,
        "emission": 7.548939173730206e-07
    },
    "AdaBoost": {
        "AVG-PR": 0.13159703133589884,
        "ROC-AUC": 0.5755449387876979,
        "Accuracy": 0.9112149532710281,
        "emission": 1.1738075232148327e-07
    },
    "Naive Bayes": {
        "AVG-PR": 0.08364400082462892,
        "ROC-AUC": 0.5265750970438937,
        "Accuracy": 0.4252336448598131,
        "emission": 4.722172129949008e-09
    },
    "QDA": {
        "AVG-PR": 0.0794392523364486,
        "ROC-AUC": 0.4949238578680203,
        "Accuracy": 0.9112149532710281,
        "emission": 3.577860548365572e-08
    },
    "PLS-DA": {
        "AVG-PR": 0.34604523968509737,
        "ROC-AUC": 0.8211406389967154,
        "Accuracy": 0.9252336448598131,
        "emission": 1.2869768280009733e-07
    },
    "DNN": {
        "AVG-PR": 0.426957455015289,
        "ROC-AUC": 0.8996715437444014,
        "Accuracy": 0.9112149532710281,
        "emission": 2.0036778293780077e-05
    }
}