{
    "Nearest Neighbors": {
        "AVG-PR": 0.17089201877934274,
        "ROC-AUC": 0.5975369458128079,
        "Accuracy": 0.9577464788732394,
        "emission": 3.956760807025093e-08
    },
    "Linear SVM": {
        "AVG-PR": 0.046948356807511735,
        "ROC-AUC": 0.5,
        "Accuracy": 0.9530516431924883,
        "emission": 7.846111169302802e-09
    },
    "RBF SVM": {
        "AVG-PR": 0.046948356807511735,
        "ROC-AUC": 0.4975369458128079,
        "Accuracy": 0.9483568075117371,
        "emission": 2.0254401318507995e-08
    },
    "Gaussian Process": {
        "AVG-PR": 0.046948356807511735,
        "ROC-AUC": 0.5,
        "Accuracy": 0.9530516431924883,
        "emission": 3.2877557280991368e-06
    },
    "Decision Tree": {
        "AVG-PR": 0.046948356807511735,
        "ROC-AUC": 0.4876847290640394,
        "Accuracy": 0.9295774647887324,
        "emission": 1.126680878098676e-08
    },
    "Random Forest": {
        "AVG-PR": 0.046948356807511735,
        "ROC-AUC": 0.5,
        "Accuracy": 0.9530516431924883,
        "emission": 7.482043676526961e-07
    },
    "AdaBoost": {
        "AVG-PR": 0.05475352112676056,
        "ROC-AUC": 0.5327586206896552,
        "Accuracy": 0.9248826291079812,
        "emission": 1.130744442109072e-07
    },
    "Naive Bayes": {
        "AVG-PR": 0.08110993002037381,
        "ROC-AUC": 0.7110837438423645,
        "Accuracy": 0.539906103286385,
        "emission": 6.014669242071081e-09
    },
    "QDA": {
        "AVG-PR": 0.046948356807511735,
        "ROC-AUC": 0.5,
        "Accuracy": 0.9530516431924883,
        "emission": 3.094632848390822e-08
    },
    "PLS-DA": {
        "AVG-PR": 0.12444854501376242,
        "ROC-AUC": 0.7384236453201971,
        "Accuracy": 0.9530516431924883,
        "emission": 1.2064312790857613e-07
    },
    "DNN": {
        "AVG-PR": 0.3892943258384435,
        "ROC-AUC": 0.8748768472906404,
        "Accuracy": 0.9530516431924883,
        "emission": 1.976699415172285e-05
    }
}