{
    "Nearest Neighbors": {
        "AVG-PR": 0.19280780170662332,
        "ROC-AUC": 0.595606646938311,
        "Accuracy": 0.8925233644859814,
        "emission": 1.4137990853146661e-08
    },
    "Linear SVM": {
        "AVG-PR": 0.11367330353514832,
        "ROC-AUC": 0.5138857272934214,
        "Accuracy": 0.883177570093458,
        "emission": 6.779042237442611e-09
    },
    "RBF SVM": {
        "AVG-PR": 0.10747663551401869,
        "ROC-AUC": 0.5,
        "Accuracy": 0.8925233644859814,
        "emission": 1.7593811132673376e-08
    },
    "Gaussian Process": {
        "AVG-PR": 0.10747663551401869,
        "ROC-AUC": 0.5,
        "Accuracy": 0.8925233644859814,
        "emission": 9.69045687871342e-07
    },
    "Decision Tree": {
        "AVG-PR": 0.11791446566436407,
        "ROC-AUC": 0.5311859776917823,
        "Accuracy": 0.8457943925233645,
        "emission": 1.1230701226200467e-08
    },
    "Random Forest": {
        "AVG-PR": 0.10747663551401869,
        "ROC-AUC": 0.5,
        "Accuracy": 0.8925233644859814,
        "emission": 7.700452648291336e-07
    },
    "AdaBoost": {
        "AVG-PR": 0.1583502641202763,
        "ROC-AUC": 0.5712497154564079,
        "Accuracy": 0.883177570093458,
        "emission": 1.1526088806644871e-07
    },
    "Naive Bayes": {
        "AVG-PR": 0.11267752994620267,
        "ROC-AUC": 0.5256089232870476,
        "Accuracy": 0.2897196261682243,
        "emission": 3.6901994532834692e-09
    },
    "QDA": {
        "AVG-PR": 0.10747663551401869,
        "ROC-AUC": 0.5,
        "Accuracy": 0.8925233644859814,
        "emission": 2.8209202444630675e-08
    },
    "PLS-DA": {
        "AVG-PR": 0.24076218665496554,
        "ROC-AUC": 0.6988390621443206,
        "Accuracy": 0.8878504672897196,
        "emission": 1.2088459825296476e-07
    },
    "DNN": {
        "AVG-PR": 0.3118606721445229,
        "ROC-AUC": 0.7165945822900068,
        "Accuracy": 0.9065420560747663,
        "emission": 2.0978001593025396e-05
    }
}