{
    "Nearest Neighbors": {
        "AVG-PR": 0.18958611481975968,
        "ROC-AUC": 0.6328571428571428,
        "Accuracy": 0.9345794392523364,
        "emission": 1.6269624812210088e-08
    },
    "Linear SVM": {
        "AVG-PR": 0.15131286159323543,
        "ROC-AUC": 0.5689285714285713,
        "Accuracy": 0.9392523364485982,
        "emission": 5.4987877966741015e-09
    },
    "RBF SVM": {
        "AVG-PR": 0.06542056074766354,
        "ROC-AUC": 0.4975,
        "Accuracy": 0.9299065420560748,
        "emission": 1.8673012044315922e-08
    },
    "Gaussian Process": {
        "AVG-PR": 0.06542056074766354,
        "ROC-AUC": 0.5,
        "Accuracy": 0.9345794392523364,
        "emission": 1.512785452795679e-06
    },
    "Decision Tree": {
        "AVG-PR": 0.2099942780850658,
        "ROC-AUC": 0.6353571428571427,
        "Accuracy": 0.9392523364485982,
        "emission": 1.2783323068121718e-08
    },
    "Random Forest": {
        "AVG-PR": 0.06542056074766354,
        "ROC-AUC": 0.5,
        "Accuracy": 0.9345794392523364,
        "emission": 7.26866834561122e-07
    },
    "AdaBoost": {
        "AVG-PR": 0.20439373710401748,
        "ROC-AUC": 0.6635714285714286,
        "Accuracy": 0.9299065420560748,
        "emission": 1.1270907874419195e-07
    },
    "Naive Bayes": {
        "AVG-PR": 0.09365492788198472,
        "ROC-AUC": 0.6535714285714285,
        "Accuracy": 0.4766355140186916,
        "emission": 4.241758748125224e-09
    },
    "QDA": {
        "AVG-PR": 0.06542056074766354,
        "ROC-AUC": 0.4875,
        "Accuracy": 0.9112149532710281,
        "emission": 3.15352955118552e-08
    },
    "PLS-DA": {
        "AVG-PR": 0.40508301675987657,
        "ROC-AUC": 0.8621428571428571,
        "Accuracy": 0.9345794392523364,
        "emission": 1.257299199339559e-07
    },
    "DNN": {
        "AVG-PR": 0.4148252844981754,
        "ROC-AUC": 0.8653571428571428,
        "Accuracy": 0.9439252336448598,
        "emission": 2.0246445850409905e-05
    }
}