{
    "Nearest Neighbors": {
        "AVG-PR": 0.16622162883845126,
        "ROC-AUC": 0.6380262249827466,
        "Accuracy": 0.9672897196261683,
        "emission": 1.2164544510167753e-08
    },
    "Linear SVM": {
        "AVG-PR": 0.21384067645749888,
        "ROC-AUC": 0.6404416839199447,
        "Accuracy": 0.9719626168224299,
        "emission": 4.7805471089819915e-09
    },
    "RBF SVM": {
        "AVG-PR": 0.03271028037383177,
        "ROC-AUC": 0.5,
        "Accuracy": 0.9672897196261683,
        "emission": 1.9945163257285308e-08
    },
    "Gaussian Process": {
        "AVG-PR": 0.03271028037383177,
        "ROC-AUC": 0.5,
        "Accuracy": 0.9672897196261683,
        "emission": 1.7116985343963424e-06
    },
    "Decision Tree": {
        "AVG-PR": 0.1049971390425329,
        "ROC-AUC": 0.6307798481711525,
        "Accuracy": 0.9532710280373832,
        "emission": 1.1405888782960073e-08
    },
    "Random Forest": {
        "AVG-PR": 0.17089452603471295,
        "ROC-AUC": 0.5714285714285714,
        "Accuracy": 0.9719626168224299,
        "emission": 7.468997605263506e-07
    },
    "AdaBoost": {
        "AVG-PR": 0.34012016021361813,
        "ROC-AUC": 0.7118702553485162,
        "Accuracy": 0.9766355140186916,
        "emission": 1.1439523891006344e-07
    },
    "Naive Bayes": {
        "AVG-PR": 0.04763213696693631,
        "ROC-AUC": 0.6311249137336092,
        "Accuracy": 0.6869158878504673,
        "emission": 4.175165446845773e-09
    },
    "QDA": {
        "AVG-PR": 0.03271028037383177,
        "ROC-AUC": 0.4927536231884058,
        "Accuracy": 0.9532710280373832,
        "emission": 2.8307190347879662e-08
    },
    "PLS-DA": {
        "AVG-PR": 0.33786930054693237,
        "ROC-AUC": 0.6639061421670117,
        "Accuracy": 0.9672897196261683,
        "emission": 1.2873784628526166e-07
    },
    "DNN": {
        "AVG-PR": 0.13992554540940597,
        "ROC-AUC": 0.40510697032436166,
        "Accuracy": 0.9672897196261683,
        "emission": 1.9575684164686887e-05
    }
}