{
    "Nearest Neighbors": {
        "AVG-PR": 0.22274143302180682,
        "ROC-AUC": 0.619949494949495,
        "Accuracy": 0.9345794392523364,
        "emission": 1.6735034610113324e-08
    },
    "Linear SVM": {
        "AVG-PR": 0.20137266355140188,
        "ROC-AUC": 0.5912247474747475,
        "Accuracy": 0.9345794392523364,
        "emission": 5.764946768703499e-09
    },
    "RBF SVM": {
        "AVG-PR": 0.07476635514018691,
        "ROC-AUC": 0.5,
        "Accuracy": 0.9252336448598131,
        "emission": 1.733898964188037e-08
    },
    "Gaussian Process": {
        "AVG-PR": 0.07476635514018691,
        "ROC-AUC": 0.5,
        "Accuracy": 0.9252336448598131,
        "emission": 1.9657561817179583e-06
    },
    "Decision Tree": {
        "AVG-PR": 0.18161020249221185,
        "ROC-AUC": 0.6385732323232324,
        "Accuracy": 0.9158878504672897,
        "emission": 1.2887642930346214e-08
    },
    "Random Forest": {
        "AVG-PR": 0.07476635514018691,
        "ROC-AUC": 0.5,
        "Accuracy": 0.9252336448598131,
        "emission": 7.548695030411923e-07
    },
    "AdaBoost": {
        "AVG-PR": 0.12324766355140186,
        "ROC-AUC": 0.5785984848484849,
        "Accuracy": 0.9112149532710281,
        "emission": 1.145302676634992e-07
    },
    "Naive Bayes": {
        "AVG-PR": 0.07055438998029118,
        "ROC-AUC": 0.4665404040404041,
        "Accuracy": 0.3317757009345794,
        "emission": 4.676207320582943e-09
    },
    "QDA": {
        "AVG-PR": 0.07476635514018691,
        "ROC-AUC": 0.4898989898989899,
        "Accuracy": 0.9065420560747663,
        "emission": 2.9415726283733077e-08
    },
    "PLS-DA": {
        "AVG-PR": 0.21438248478659178,
        "ROC-AUC": 0.732638888888889,
        "Accuracy": 0.9252336448598131,
        "emission": 1.280001360907559e-07
    },
    "DNN": {
        "AVG-PR": 0.3636290373211637,
        "ROC-AUC": 0.7872474747474747,
        "Accuracy": 0.9299065420560748,
        "emission": 1.996320772763681e-05
    }
}