{
    "Nearest Neighbors": {
        "AVG-PR": 0.2372051624388073,
        "ROC-AUC": 0.6378571428571428,
        "Accuracy": 0.9439252336448598,
        "emission": 1.227385592044853e-08
    },
    "Linear SVM": {
        "AVG-PR": 0.19893190921228304,
        "ROC-AUC": 0.5714285714285714,
        "Accuracy": 0.9439252336448598,
        "emission": 5.364486964108976e-09
    },
    "RBF SVM": {
        "AVG-PR": 0.06542056074766354,
        "ROC-AUC": 0.5,
        "Accuracy": 0.9345794392523364,
        "emission": 1.8086493594946074e-08
    },
    "Gaussian Process": {
        "AVG-PR": 0.06542056074766354,
        "ROC-AUC": 0.5,
        "Accuracy": 0.9345794392523364,
        "emission": 1.2066147735422459e-06
    },
    "Decision Tree": {
        "AVG-PR": 0.2206275033377837,
        "ROC-AUC": 0.6660714285714285,
        "Accuracy": 0.9345794392523364,
        "emission": 1.0554647034713408e-08
    },
    "Random Forest": {
        "AVG-PR": 0.06542056074766354,
        "ROC-AUC": 0.5,
        "Accuracy": 0.9345794392523364,
        "emission": 7.523576222092113e-07
    },
    "AdaBoost": {
        "AVG-PR": 0.2711494113363272,
        "ROC-AUC": 0.7017857142857142,
        "Accuracy": 0.9392523364485982,
        "emission": 1.1390987214926481e-07
    },
    "Naive Bayes": {
        "AVG-PR": 0.10118252908640091,
        "ROC-AUC": 0.6785714285714286,
        "Accuracy": 0.5233644859813084,
        "emission": 3.1940962585405137e-09
    },
    "QDA": {
        "AVG-PR": 0.06542056074766354,
        "ROC-AUC": 0.4925,
        "Accuracy": 0.9205607476635514,
        "emission": 2.9910854800476816e-08
    },
    "PLS-DA": {
        "AVG-PR": 0.4431736929233839,
        "ROC-AUC": 0.8239285714285715,
        "Accuracy": 0.9392523364485982,
        "emission": 1.200582028737631e-07
    },
    "DNN": {
        "AVG-PR": 0.631754550769336,
        "ROC-AUC": 0.8728571428571428,
        "Accuracy": 0.9579439252336449,
        "emission": 2.0959874801477145e-05
    }
}