{
    "Nearest Neighbors": {
        "AVG-PR": 0.2717289719626168,
        "ROC-AUC": 0.6773989898989898,
        "Accuracy": 0.9345794392523364,
        "emission": 1.4144323152257694e-08
    },
    "Linear SVM": {
        "AVG-PR": 0.2746161548731642,
        "ROC-AUC": 0.651199494949495,
        "Accuracy": 0.9392523364485982,
        "emission": 4.997780989545226e-09
    },
    "RBF SVM": {
        "AVG-PR": 0.07476635514018691,
        "ROC-AUC": 0.5,
        "Accuracy": 0.9252336448598131,
        "emission": 1.8456454345075028e-08
    },
    "Gaussian Process": {
        "AVG-PR": 0.1671858774662513,
        "ROC-AUC": 0.6123737373737373,
        "Accuracy": 0.9205607476635514,
        "emission": 5.619740972644769e-06
    },
    "Decision Tree": {
        "AVG-PR": 0.2746161548731642,
        "ROC-AUC": 0.651199494949495,
        "Accuracy": 0.9392523364485982,
        "emission": 1.5673031418355824e-08
    },
    "Random Forest": {
        "AVG-PR": 0.13259345794392524,
        "ROC-AUC": 0.53125,
        "Accuracy": 0.9299065420560748,
        "emission": 7.521876561979536e-07
    },
    "AdaBoost": {
        "AVG-PR": 0.1671858774662513,
        "ROC-AUC": 0.6123737373737373,
        "Accuracy": 0.9205607476635514,
        "emission": 1.2438521387579868e-07
    },
    "Naive Bayes": {
        "AVG-PR": 0.07237785694457297,
        "ROC-AUC": 0.48137626262626265,
        "Accuracy": 0.5186915887850467,
        "emission": 4.83024407841503e-09
    },
    "QDA": {
        "AVG-PR": 0.07476635514018691,
        "ROC-AUC": 0.5,
        "Accuracy": 0.9252336448598131,
        "emission": 5.98027099474199e-08
    },
    "PLS-DA": {
        "AVG-PR": 0.3921945403022081,
        "ROC-AUC": 0.7493686868686869,
        "Accuracy": 0.9299065420560748,
        "emission": 9.692917149121328e-08
    },
    "DNN": {
        "AVG-PR": 0.3814599535614597,
        "ROC-AUC": 0.6764520202020202,
        "Accuracy": 0.9252336448598131,
        "emission": 2.0066748028670825e-05
    }
}