{
    "Nearest Neighbors": {
        "AVG-PR": 0.03271028037383177,
        "ROC-AUC": 0.4975845410628019,
        "Accuracy": 0.9626168224299065,
        "emission": 1.7858554936062967e-08
    },
    "Linear SVM": {
        "AVG-PR": 0.03271028037383177,
        "ROC-AUC": 0.5,
        "Accuracy": 0.9672897196261683,
        "emission": 6.620760212150333e-09
    },
    "RBF SVM": {
        "AVG-PR": 0.03271028037383177,
        "ROC-AUC": 0.5,
        "Accuracy": 0.9672897196261683,
        "emission": 1.953733549042479e-08
    },
    "Gaussian Process": {
        "AVG-PR": 0.03271028037383177,
        "ROC-AUC": 0.5,
        "Accuracy": 0.9672897196261683,
        "emission": 2.2629486651812576e-06
    },
    "Decision Tree": {
        "AVG-PR": 0.03271028037383177,
        "ROC-AUC": 0.49033816425120774,
        "Accuracy": 0.9485981308411215,
        "emission": 1.3569052417576192e-08
    },
    "Random Forest": {
        "AVG-PR": 0.03271028037383177,
        "ROC-AUC": 0.5,
        "Accuracy": 0.9672897196261683,
        "emission": 7.48783323945478e-07
    },
    "AdaBoost": {
        "AVG-PR": 0.03271028037383177,
        "ROC-AUC": 0.49516908212560384,
        "Accuracy": 0.9579439252336449,
        "emission": 1.1508638374725852e-07
    },
    "Naive Bayes": {
        "AVG-PR": 0.03258107584305956,
        "ROC-AUC": 0.49792960662525876,
        "Accuracy": 0.6962616822429907,
        "emission": 4.6956457112531105e-09
    },
    "QDA": {
        "AVG-PR": 0.03271028037383177,
        "ROC-AUC": 0.5,
        "Accuracy": 0.9672897196261683,
        "emission": 3.006672367528294e-08
    },
    "PLS-DA": {
        "AVG-PR": 0.10995495101900715,
        "ROC-AUC": 0.5762594893029676,
        "Accuracy": 0.9672897196261683,
        "emission": 1.2776160423547608e-07
    },
    "DNN": {
        "AVG-PR": 0.053119923300834426,
        "ROC-AUC": 0.5396825396825397,
        "Accuracy": 0.9672897196261683,
        "emission": 1.9967648810786825e-05
    }
}