{
    "Nearest Neighbors": {
        "AVG-PR": 0.18085842852197992,
        "ROC-AUC": 0.6086720867208673,
        "Accuracy": 0.9626168224299065,
        "emission": 2.0008286827649427e-08
    },
    "Linear SVM": {
        "AVG-PR": 0.04205607476635514,
        "ROC-AUC": 0.5,
        "Accuracy": 0.9579439252336449,
        "emission": 5.799555618253205e-09
    },
    "RBF SVM": {
        "AVG-PR": 0.04205607476635514,
        "ROC-AUC": 0.5,
        "Accuracy": 0.9579439252336449,
        "emission": 2.030449967169863e-08
    },
    "Gaussian Process": {
        "AVG-PR": 0.04205607476635514,
        "ROC-AUC": 0.5,
        "Accuracy": 0.9579439252336449,
        "emission": 2.226574328486207e-06
    },
    "Decision Tree": {
        "AVG-PR": 0.05590169608861197,
        "ROC-AUC": 0.5433604336043361,
        "Accuracy": 0.9392523364485982,
        "emission": 1.0913033465469505e-08
    },
    "Random Forest": {
        "AVG-PR": 0.04205607476635514,
        "ROC-AUC": 0.5,
        "Accuracy": 0.9579439252336449,
        "emission": 7.460043909715047e-07
    },
    "AdaBoost": {
        "AVG-PR": 0.04205607476635514,
        "ROC-AUC": 0.4926829268292683,
        "Accuracy": 0.9439252336448598,
        "emission": 1.205398350039489e-07
    },
    "Naive Bayes": {
        "AVG-PR": 0.0389934835282255,
        "ROC-AUC": 0.3897018970189702,
        "Accuracy": 0.6448598130841121,
        "emission": 6.9848320659181615e-09
    },
    "QDA": {
        "AVG-PR": 0.04205607476635514,
        "ROC-AUC": 0.4975609756097561,
        "Accuracy": 0.9532710280373832,
        "emission": 2.9139993754471105e-08
    },
    "PLS-DA": {
        "AVG-PR": 0.11123504202032643,
        "ROC-AUC": 0.7013550135501355,
        "Accuracy": 0.9579439252336449,
        "emission": 1.310080672054086e-07
    },
    "DNN": {
        "AVG-PR": 0.21704688927577373,
        "ROC-AUC": 0.7474254742547425,
        "Accuracy": 0.9532710280373832,
        "emission": 2.0858810657532813e-05
    }
}