{
    "Nearest Neighbors": {
        "AVG-PR": 0.04205607476635514,
        "ROC-AUC": 0.5,
        "Accuracy": 0.9579439252336449,
        "emission": 1.2034568988536569e-08
    },
    "Linear SVM": {
        "AVG-PR": 0.04205607476635514,
        "ROC-AUC": 0.5,
        "Accuracy": 0.9579439252336449,
        "emission": 6.474319431509986e-09
    },
    "RBF SVM": {
        "AVG-PR": 0.04205607476635514,
        "ROC-AUC": 0.5,
        "Accuracy": 0.9579439252336449,
        "emission": 1.693901062690062e-08
    },
    "Gaussian Process": {
        "AVG-PR": 0.04205607476635514,
        "ROC-AUC": 0.5,
        "Accuracy": 0.9579439252336449,
        "emission": 3.028035285549643e-06
    },
    "Decision Tree": {
        "AVG-PR": 0.0744202146071305,
        "ROC-AUC": 0.5506775067750678,
        "Accuracy": 0.9532710280373832,
        "emission": 1.5380372765799118e-08
    },
    "Random Forest": {
        "AVG-PR": 0.04205607476635514,
        "ROC-AUC": 0.5,
        "Accuracy": 0.9579439252336449,
        "emission": 8.586400167060454e-07
    },
    "AdaBoost": {
        "AVG-PR": 0.059605399792315675,
        "ROC-AUC": 0.54579945799458,
        "Accuracy": 0.9439252336448598,
        "emission": 1.1823030876550382e-07
    },
    "Naive Bayes": {
        "AVG-PR": 0.05846313603322949,
        "ROC-AUC": 0.6284552845528455,
        "Accuracy": 0.5934579439252337,
        "emission": 4.597497678919729e-09
    },
    "QDA": {
        "AVG-PR": 0.04205607476635514,
        "ROC-AUC": 0.4926829268292683,
        "Accuracy": 0.9439252336448598,
        "emission": 3.0121625369408935e-08
    },
    "PLS-DA": {
        "AVG-PR": 0.13862725286562305,
        "ROC-AUC": 0.6455284552845528,
        "Accuracy": 0.9579439252336449,
        "emission": 1.2842743709973706e-07
    },
    "DNN": {
        "AVG-PR": 0.1862251006512406,
        "ROC-AUC": 0.5799457994579945,
        "Accuracy": 0.9579439252336449,
        "emission": 1.979312330463907e-05
    }
}