{
    "Nearest Neighbors": {
        "AVG-PR": 0.5124954187282389,
        "ROC-AUC": 0.7655228758169934,
        "Accuracy": 0.9065420560747663,
        "emission": 1.493798382407302e-08
    },
    "Linear SVM": {
        "AVG-PR": 0.4040452629649991,
        "ROC-AUC": 0.6589869281045752,
        "Accuracy": 0.8878504672897196,
        "emission": 7.446542014461468e-09
    },
    "RBF SVM": {
        "AVG-PR": 0.18361737218251786,
        "ROC-AUC": 0.5147058823529411,
        "Accuracy": 0.8457943925233645,
        "emission": 1.936287023701653e-08
    },
    "Gaussian Process": {
        "AVG-PR": 0.4537520615722925,
        "ROC-AUC": 0.7003267973856209,
        "Accuracy": 0.897196261682243,
        "emission": 5.230934067681059e-06
    },
    "Decision Tree": {
        "AVG-PR": 0.355490029486731,
        "ROC-AUC": 0.6836601307189542,
        "Accuracy": 0.8691588785046729,
        "emission": 1.0138154127557516e-08
    },
    "Random Forest": {
        "AVG-PR": 0.1588785046728972,
        "ROC-AUC": 0.5,
        "Accuracy": 0.8411214953271028,
        "emission": 7.459971619933176e-07
    },
    "AdaBoost": {
        "AVG-PR": 0.4263581388375231,
        "ROC-AUC": 0.7186274509803922,
        "Accuracy": 0.8878504672897196,
        "emission": 1.18173348733098e-07
    },
    "Naive Bayes": {
        "AVG-PR": 0.17482737163880652,
        "ROC-AUC": 0.5539215686274509,
        "Accuracy": 0.2897196261682243,
        "emission": 4.143976005578294e-09
    },
    "QDA": {
        "AVG-PR": 0.1588785046728972,
        "ROC-AUC": 0.5,
        "Accuracy": 0.8411214953271028,
        "emission": 3.0255010649934474e-08
    },
    "PLS-DA": {
        "AVG-PR": 0.6354585192712757,
        "ROC-AUC": 0.811111111111111,
        "Accuracy": 0.8925233644859814,
        "emission": 1.0559909878150389e-07
    },
    "DNN": {
        "AVG-PR": 0.6831365744605322,
        "ROC-AUC": 0.8781045751633987,
        "Accuracy": 0.8878504672897196,
        "emission": 2.0487477485729302e-05
    }
}