{
    "Nearest Neighbors": {
        "AVG-PR": 0.2189933800623053,
        "ROC-AUC": 0.5962719298245613,
        "Accuracy": 0.897196261682243,
        "emission": 1.569674948866803e-08
    },
    "Linear SVM": {
        "AVG-PR": 0.12830996884735202,
        "ROC-AUC": 0.5182017543859649,
        "Accuracy": 0.8878504672897196,
        "emission": 7.574448497354067e-09
    },
    "RBF SVM": {
        "AVG-PR": 0.14914330218068536,
        "ROC-AUC": 0.5208333333333334,
        "Accuracy": 0.8925233644859814,
        "emission": 1.9224501418437603e-08
    },
    "Gaussian Process": {
        "AVG-PR": 0.11214953271028037,
        "ROC-AUC": 0.5,
        "Accuracy": 0.8878504672897196,
        "emission": 1.3625946288493332e-06
    },
    "Decision Tree": {
        "AVG-PR": 0.13563084112149532,
        "ROC-AUC": 0.5440789473684211,
        "Accuracy": 0.8691588785046729,
        "emission": 1.020766054182081e-08
    },
    "Random Forest": {
        "AVG-PR": 0.11214953271028037,
        "ROC-AUC": 0.5,
        "Accuracy": 0.8878504672897196,
        "emission": 7.512477162134903e-07
    },
    "AdaBoost": {
        "AVG-PR": 0.16318980863373386,
        "ROC-AUC": 0.5804824561403509,
        "Accuracy": 0.8691588785046729,
        "emission": 1.1309105373862817e-07
    },
    "Naive Bayes": {
        "AVG-PR": 0.12710011816521646,
        "ROC-AUC": 0.5642543859649123,
        "Accuracy": 0.3878504672897196,
        "emission": 6.49456549184033e-09
    },
    "QDA": {
        "AVG-PR": 0.12136552440290757,
        "ROC-AUC": 0.5155701754385965,
        "Accuracy": 0.883177570093458,
        "emission": 3.0919454329158757e-08
    },
    "PLS-DA": {
        "AVG-PR": 0.31200123068926655,
        "ROC-AUC": 0.6938596491228071,
        "Accuracy": 0.8878504672897196,
        "emission": 1.321363224464082e-07
    },
    "DNN": {
        "AVG-PR": 0.292921527676103,
        "ROC-AUC": 0.7282894736842105,
        "Accuracy": 0.883177570093458,
        "emission": 1.9908258648319078e-05
    }
}