{
    "Nearest Neighbors": {
        "AVG-PR": 0.1583502641202763,
        "ROC-AUC": 0.5712497154564079,
        "Accuracy": 0.883177570093458,
        "emission": 2.6797777596285967e-08
    },
    "Linear SVM": {
        "AVG-PR": 0.12454286875253961,
        "ROC-AUC": 0.5191213293876622,
        "Accuracy": 0.8925233644859814,
        "emission": 8.555189490440918e-09
    },
    "RBF SVM": {
        "AVG-PR": 0.1462819991873222,
        "ROC-AUC": 0.5217391304347826,
        "Accuracy": 0.897196261682243,
        "emission": 1.7460193242736923e-08
    },
    "Gaussian Process": {
        "AVG-PR": 0.10747663551401869,
        "ROC-AUC": 0.5,
        "Accuracy": 0.8925233644859814,
        "emission": 1.552803161646228e-06
    },
    "Decision Tree": {
        "AVG-PR": 0.1715108635896455,
        "ROC-AUC": 0.6016389710903711,
        "Accuracy": 0.8691588785046729,
        "emission": 1.1137634515748655e-08
    },
    "Random Forest": {
        "AVG-PR": 0.10747663551401869,
        "ROC-AUC": 0.5,
        "Accuracy": 0.8925233644859814,
        "emission": 7.452142982010078e-07
    },
    "AdaBoost": {
        "AVG-PR": 0.1746918596776378,
        "ROC-AUC": 0.5903710448440702,
        "Accuracy": 0.883177570093458,
        "emission": 1.1399107455041258e-07
    },
    "Naive Bayes": {
        "AVG-PR": 0.09902731194200144,
        "ROC-AUC": 0.4507170498520373,
        "Accuracy": 0.22429906542056074,
        "emission": 5.14303555440042e-09
    },
    "QDA": {
        "AVG-PR": 0.10747663551401869,
        "ROC-AUC": 0.49476439790575916,
        "Accuracy": 0.883177570093458,
        "emission": 2.8271419932445493e-08
    },
    "PLS-DA": {
        "AVG-PR": 0.3111087235946558,
        "ROC-AUC": 0.722285454131573,
        "Accuracy": 0.9018691588785047,
        "emission": 1.31729714173868e-07
    },
    "DNN": {
        "AVG-PR": 0.27174094351623607,
        "ROC-AUC": 0.7448213066241749,
        "Accuracy": 0.8925233644859814,
        "emission": 1.981237849454612e-05
    }
}