{
    "Nearest Neighbors": {
        "AVG-PR": 0.04205607476635514,
        "ROC-AUC": 0.5,
        "Accuracy": 0.9579439252336449,
        "emission": 1.5020722311339695e-08
    },
    "Linear SVM": {
        "AVG-PR": 0.04205607476635514,
        "ROC-AUC": 0.5,
        "Accuracy": 0.9579439252336449,
        "emission": 7.0512551455052255e-09
    },
    "RBF SVM": {
        "AVG-PR": 0.04205607476635514,
        "ROC-AUC": 0.4975609756097561,
        "Accuracy": 0.9532710280373832,
        "emission": 1.8034454274665237e-08
    },
    "Gaussian Process": {
        "AVG-PR": 0.04205607476635514,
        "ROC-AUC": 0.5,
        "Accuracy": 0.9579439252336449,
        "emission": 1.5695000355589712e-06
    },
    "Decision Tree": {
        "AVG-PR": 0.04205607476635514,
        "ROC-AUC": 0.5,
        "Accuracy": 0.9579439252336449,
        "emission": 1.2316688614454982e-08
    },
    "Random Forest": {
        "AVG-PR": 0.04205607476635514,
        "ROC-AUC": 0.5,
        "Accuracy": 0.9579439252336449,
        "emission": 7.496340192378341e-07
    },
    "AdaBoost": {
        "AVG-PR": 0.05590169608861197,
        "ROC-AUC": 0.5433604336043361,
        "Accuracy": 0.9392523364485982,
        "emission": 1.1411576582154707e-07
    },
    "Naive Bayes": {
        "AVG-PR": 0.04619433906007423,
        "ROC-AUC": 0.5436314363143632,
        "Accuracy": 0.5327102803738317,
        "emission": 3.7226224487181154e-09
    },
    "QDA": {
        "AVG-PR": 0.04205607476635514,
        "ROC-AUC": 0.4951219512195122,
        "Accuracy": 0.9485981308411215,
        "emission": 2.9246756350543542e-08
    },
    "PLS-DA": {
        "AVG-PR": 0.05687731385166006,
        "ROC-AUC": 0.4504065040650406,
        "Accuracy": 0.9579439252336449,
        "emission": 1.2375974825817393e-07
    },
    "DNN": {
        "AVG-PR": 0.04342243856951909,
        "ROC-AUC": 0.43306233062330624,
        "Accuracy": 0.9579439252336449,
        "emission": 1.968501832242022e-05
    }
}