{
    "Nearest Neighbors": {
        "AVG-PR": 0.09345794392523364,
        "ROC-AUC": 0.49742268041237114,
        "Accuracy": 0.9018691588785047,
        "emission": 1.3773942012818927e-08
    },
    "Linear SVM": {
        "AVG-PR": 0.09345794392523364,
        "ROC-AUC": 0.5,
        "Accuracy": 0.9065420560747663,
        "emission": 7.002098451104575e-09
    },
    "RBF SVM": {
        "AVG-PR": 0.09345794392523364,
        "ROC-AUC": 0.5,
        "Accuracy": 0.9065420560747663,
        "emission": 1.825674068600464e-08
    },
    "Gaussian Process": {
        "AVG-PR": 0.09345794392523364,
        "ROC-AUC": 0.5,
        "Accuracy": 0.9065420560747663,
        "emission": 1.6318699682054213e-06
    },
    "Decision Tree": {
        "AVG-PR": 0.11693925233644858,
        "ROC-AUC": 0.5518041237113401,
        "Accuracy": 0.8785046728971962,
        "emission": 1.2008801175618477e-08
    },
    "Random Forest": {
        "AVG-PR": 0.09345794392523364,
        "ROC-AUC": 0.5,
        "Accuracy": 0.9065420560747663,
        "emission": 7.676640129212246e-07
    },
    "AdaBoost": {
        "AVG-PR": 0.10911214953271028,
        "ROC-AUC": 0.5345360824742268,
        "Accuracy": 0.8878504672897196,
        "emission": 1.1765755661435407e-07
    },
    "Naive Bayes": {
        "AVG-PR": 0.12030469850211241,
        "ROC-AUC": 0.6201030927835052,
        "Accuracy": 0.3925233644859813,
        "emission": 5.8935920647242876e-09
    },
    "QDA": {
        "AVG-PR": 0.09345794392523364,
        "ROC-AUC": 0.4845360824742268,
        "Accuracy": 0.8785046728971962,
        "emission": 2.773788224052502e-08
    },
    "PLS-DA": {
        "AVG-PR": 0.16634432613048267,
        "ROC-AUC": 0.7391752577319588,
        "Accuracy": 0.9065420560747663,
        "emission": 1.3224741241931243e-07
    },
    "DNN": {
        "AVG-PR": 0.49175186466069143,
        "ROC-AUC": 0.8412371134020619,
        "Accuracy": 0.9158878504672897,
        "emission": 2.041081772956796e-05
    }
}