{
    "Nearest Neighbors": {
        "AVG-PR": 0.09521028037383178,
        "ROC-AUC": 0.5600728155339806,
        "Accuracy": 0.9626168224299065,
        "emission": 1.3151557298525142e-08
    },
    "Linear SVM": {
        "AVG-PR": 0.15771028037383178,
        "ROC-AUC": 0.5625,
        "Accuracy": 0.9672897196261683,
        "emission": 5.954301318531081e-09
    },
    "RBF SVM": {
        "AVG-PR": 0.037383177570093455,
        "ROC-AUC": 0.5,
        "Accuracy": 0.9626168224299065,
        "emission": 1.9197196899594213e-08
    },
    "Gaussian Process": {
        "AVG-PR": 0.037383177570093455,
        "ROC-AUC": 0.5,
        "Accuracy": 0.9626168224299065,
        "emission": 2.2147410710091223e-06
    },
    "Decision Tree": {
        "AVG-PR": 0.15771028037383178,
        "ROC-AUC": 0.5625,
        "Accuracy": 0.9672897196261683,
        "emission": 1.063990216522321e-08
    },
    "Random Forest": {
        "AVG-PR": 0.037383177570093455,
        "ROC-AUC": 0.5,
        "Accuracy": 0.9626168224299065,
        "emission": 7.180185065896053e-07
    },
    "AdaBoost": {
        "AVG-PR": 0.09521028037383178,
        "ROC-AUC": 0.5600728155339806,
        "Accuracy": 0.9626168224299065,
        "emission": 1.1408894235263018e-07
    },
    "Naive Bayes": {
        "AVG-PR": 0.034728122344944774,
        "ROC-AUC": 0.4544902912621359,
        "Accuracy": 0.5280373831775701,
        "emission": 4.716199587089954e-09
    },
    "QDA": {
        "AVG-PR": 0.037383177570093455,
        "ROC-AUC": 0.4878640776699029,
        "Accuracy": 0.9392523364485982,
        "emission": 2.8226473388336587e-08
    },
    "PLS-DA": {
        "AVG-PR": 0.09792445337401515,
        "ROC-AUC": 0.7384708737864077,
        "Accuracy": 0.9626168224299065,
        "emission": 1.2235410465167842e-07
    },
    "DNN": {
        "AVG-PR": 0.20411710343642175,
        "ROC-AUC": 0.7196601941747572,
        "Accuracy": 0.9626168224299065,
        "emission": 1.9792449634715616e-05
    }
}