{
    "Nearest Neighbors": {
        "AVG-PR": 0.4582591333441261,
        "ROC-AUC": 0.7523540489642185,
        "Accuracy": 0.8826291079812206,
        "emission": 1.3348373536256115e-08
    },
    "Linear SVM": {
        "AVG-PR": 0.42559764718579673,
        "ROC-AUC": 0.7356403013182673,
        "Accuracy": 0.8732394366197183,
        "emission": 6.84022232265158e-09
    },
    "RBF SVM": {
        "AVG-PR": 0.16901408450704225,
        "ROC-AUC": 0.5,
        "Accuracy": 0.8309859154929577,
        "emission": 2.032003691065146e-08
    },
    "Gaussian Process": {
        "AVG-PR": 0.16901408450704225,
        "ROC-AUC": 0.5,
        "Accuracy": 0.8309859154929577,
        "emission": 2.2318407767375557e-06
    },
    "Decision Tree": {
        "AVG-PR": 0.2885367762128325,
        "ROC-AUC": 0.6438323917137476,
        "Accuracy": 0.8309859154929577,
        "emission": 1.1021560010095885e-08
    },
    "Random Forest": {
        "AVG-PR": 0.16901408450704225,
        "ROC-AUC": 0.4971751412429379,
        "Accuracy": 0.8262910798122066,
        "emission": 7.521949998270245e-07
    },
    "AdaBoost": {
        "AVG-PR": 0.44163465642338884,
        "ROC-AUC": 0.757768361581921,
        "Accuracy": 0.8732394366197183,
        "emission": 1.1624363464698939e-07
    },
    "Naive Bayes": {
        "AVG-PR": 0.19288173485356583,
        "ROC-AUC": 0.5739171374764596,
        "Accuracy": 0.3286384976525822,
        "emission": 4.064493031689804e-09
    },
    "QDA": {
        "AVG-PR": 0.19666145018257694,
        "ROC-AUC": 0.5249529190207156,
        "Accuracy": 0.8356807511737089,
        "emission": 2.823096307227496e-08
    },
    "PLS-DA": {
        "AVG-PR": 0.5165446969810128,
        "ROC-AUC": 0.8355304456999373,
        "Accuracy": 0.8591549295774648,
        "emission": 1.2494733836645485e-07
    },
    "DNN": {
        "AVG-PR": 0.5694753777360647,
        "ROC-AUC": 0.8700564971751412,
        "Accuracy": 0.8779342723004695,
        "emission": 2.0730384367792297e-05
    }
}