{
    "Nearest Neighbors": {
        "AVG-PR": 0.16705607476635514,
        "ROC-AUC": 0.6175742574257425,
        "Accuracy": 0.9439252336448598,
        "emission": 1.66265158759378e-08
    },
    "Linear SVM": {
        "AVG-PR": 0.09306853582554517,
        "ROC-AUC": 0.5391914191419142,
        "Accuracy": 0.9439252336448598,
        "emission": 5.4667524486419985e-09
    },
    "RBF SVM": {
        "AVG-PR": 0.056074766355140186,
        "ROC-AUC": 0.5,
        "Accuracy": 0.9439252336448598,
        "emission": 1.638631450571789e-08
    },
    "Gaussian Process": {
        "AVG-PR": 0.056074766355140186,
        "ROC-AUC": 0.5,
        "Accuracy": 0.9439252336448598,
        "emission": 1.3293442991558602e-06
    },
    "Decision Tree": {
        "AVG-PR": 0.0956275033377837,
        "ROC-AUC": 0.5977722772277226,
        "Accuracy": 0.9065420560747663,
        "emission": 1.1642120020488355e-08
    },
    "Random Forest": {
        "AVG-PR": 0.09306853582554517,
        "ROC-AUC": 0.5391914191419142,
        "Accuracy": 0.9439252336448598,
        "emission": 7.250197181922275e-07
    },
    "AdaBoost": {
        "AVG-PR": 0.16705607476635514,
        "ROC-AUC": 0.6175742574257425,
        "Accuracy": 0.9439252336448598,
        "emission": 1.1473147001506891e-07
    },
    "Naive Bayes": {
        "AVG-PR": 0.08650628821968386,
        "ROC-AUC": 0.6740924092409242,
        "Accuracy": 0.5327102803738317,
        "emission": 3.712349136487719e-09
    },
    "QDA": {
        "AVG-PR": 0.056074766355140186,
        "ROC-AUC": 0.4975247524752475,
        "Accuracy": 0.9392523364485982,
        "emission": 3.077314782181845e-08
    },
    "PLS-DA": {
        "AVG-PR": 0.2969393567930772,
        "ROC-AUC": 0.7314356435643564,
        "Accuracy": 0.9439252336448598,
        "emission": 1.2676693377952745e-07
    },
    "DNN": {
        "AVG-PR": 0.22180895212566876,
        "ROC-AUC": 0.8329207920792079,
        "Accuracy": 0.9439252336448598,
        "emission": 1.985520508931607e-05
    }
}