{
    "Nearest Neighbors": {
        "AVG-PR": 0.13738317757009347,
        "ROC-AUC": 0.5950980392156863,
        "Accuracy": 0.9532710280373832,
        "emission": 1.3720332919789262e-08
    },
    "Linear SVM": {
        "AVG-PR": 0.23738317757009347,
        "ROC-AUC": 0.6,
        "Accuracy": 0.9626168224299065,
        "emission": 6.683758626041032e-09
    },
    "RBF SVM": {
        "AVG-PR": 0.04672897196261682,
        "ROC-AUC": 0.5,
        "Accuracy": 0.9532710280373832,
        "emission": 1.7071708501461896e-08
    },
    "Gaussian Process": {
        "AVG-PR": 0.04672897196261682,
        "ROC-AUC": 0.5,
        "Accuracy": 0.9532710280373832,
        "emission": 2.348335431038517e-06
    },
    "Decision Tree": {
        "AVG-PR": 0.04672897196261682,
        "ROC-AUC": 0.49019607843137253,
        "Accuracy": 0.9345794392523364,
        "emission": 1.1289744294687057e-08
    },
    "Random Forest": {
        "AVG-PR": 0.04672897196261682,
        "ROC-AUC": 0.5,
        "Accuracy": 0.9532710280373832,
        "emission": 7.351267911155753e-07
    },
    "AdaBoost": {
        "AVG-PR": 0.10404984423676011,
        "ROC-AUC": 0.5901960784313725,
        "Accuracy": 0.9439252336448598,
        "emission": 1.1623554649273778e-07
    },
    "Naive Bayes": {
        "AVG-PR": 0.05330697340043135,
        "ROC-AUC": 0.5598039215686275,
        "Accuracy": 0.5233644859813084,
        "emission": 5.8271968536554e-09
    },
    "QDA": {
        "AVG-PR": 0.06705607476635514,
        "ROC-AUC": 0.5426470588235295,
        "Accuracy": 0.9439252336448598,
        "emission": 3.027452855629113e-08
    },
    "PLS-DA": {
        "AVG-PR": 0.1970505385179647,
        "ROC-AUC": 0.6794117647058824,
        "Accuracy": 0.9532710280373832,
        "emission": 1.276961190301212e-07
    },
    "DNN": {
        "AVG-PR": 0.34002405212312375,
        "ROC-AUC": 0.7627450980392156,
        "Accuracy": 0.9626168224299065,
        "emission": 2.0026013325190727e-05
    }
}