{
    "Nearest Neighbors": {
        "AVG-PR": 0.29042056074766354,
        "ROC-AUC": 0.6448453608247423,
        "Accuracy": 0.9252336448598131,
        "emission": 1.2296039570143901e-08
    },
    "Linear SVM": {
        "AVG-PR": 0.1919392523364486,
        "ROC-AUC": 0.5724226804123711,
        "Accuracy": 0.9158878504672897,
        "emission": 5.4243773622824755e-09
    },
    "RBF SVM": {
        "AVG-PR": 0.09345794392523364,
        "ROC-AUC": 0.5,
        "Accuracy": 0.9065420560747663,
        "emission": 1.9966033504891666e-08
    },
    "Gaussian Process": {
        "AVG-PR": 0.09345794392523364,
        "ROC-AUC": 0.5,
        "Accuracy": 0.9065420560747663,
        "emission": 2.3474332052233205e-06
    },
    "Decision Tree": {
        "AVG-PR": 0.11158210947930573,
        "ROC-AUC": 0.5466494845360824,
        "Accuracy": 0.8691588785046729,
        "emission": 1.1659389524622666e-08
    },
    "Random Forest": {
        "AVG-PR": 0.09345794392523364,
        "ROC-AUC": 0.5,
        "Accuracy": 0.9065420560747663,
        "emission": 7.443725658753729e-07
    },
    "AdaBoost": {
        "AVG-PR": 0.34084661902144037,
        "ROC-AUC": 0.7319587628865979,
        "Accuracy": 0.9205607476635514,
        "emission": 1.1359435439737286e-07
    },
    "Naive Bayes": {
        "AVG-PR": 0.13258778695218218,
        "ROC-AUC": 0.6481958762886599,
        "Accuracy": 0.5654205607476636,
        "emission": 3.6600658566238875e-09
    },
    "QDA": {
        "AVG-PR": 0.09345794392523364,
        "ROC-AUC": 0.49226804123711343,
        "Accuracy": 0.8925233644859814,
        "emission": 2.9588804389799085e-08
    },
    "PLS-DA": {
        "AVG-PR": 0.4529087322163394,
        "ROC-AUC": 0.8108247422680412,
        "Accuracy": 0.9158878504672897,
        "emission": 1.2177385831723446e-07
    },
    "DNN": {
        "AVG-PR": 0.46498732395321596,
        "ROC-AUC": 0.795618556701031,
        "Accuracy": 0.9158878504672897,
        "emission": 2.0738339442793332e-05
    }
}