{
    "Nearest Neighbors": {
        "AVG-PR": 0.23411214953271026,
        "ROC-AUC": 0.6144736842105264,
        "Accuracy": 0.897196261682243,
        "emission": 1.4653144924145977e-08
    },
    "Linear SVM": {
        "AVG-PR": 0.2091121495327103,
        "ROC-AUC": 0.6092105263157894,
        "Accuracy": 0.8878504672897196,
        "emission": 7.375366909055068e-09
    },
    "RBF SVM": {
        "AVG-PR": 0.14914330218068536,
        "ROC-AUC": 0.5208333333333334,
        "Accuracy": 0.8925233644859814,
        "emission": 1.963598664444426e-08
    },
    "Gaussian Process": {
        "AVG-PR": 0.17679127725856697,
        "ROC-AUC": 0.5728070175438598,
        "Accuracy": 0.8878504672897196,
        "emission": 3.0862241219588035e-06
    },
    "Decision Tree": {
        "AVG-PR": 0.17666147455867082,
        "ROC-AUC": 0.6089912280701755,
        "Accuracy": 0.8551401869158879,
        "emission": 1.0313666468006439e-08
    },
    "Random Forest": {
        "AVG-PR": 0.11214953271028037,
        "ROC-AUC": 0.5,
        "Accuracy": 0.8878504672897196,
        "emission": 7.296663868376364e-07
    },
    "AdaBoost": {
        "AVG-PR": 0.27989456026839205,
        "ROC-AUC": 0.6535087719298246,
        "Accuracy": 0.9018691588785047,
        "emission": 1.1607668458316463e-07
    },
    "Naive Bayes": {
        "AVG-PR": 0.12125194704049844,
        "ROC-AUC": 0.5410087719298247,
        "Accuracy": 0.411214953271028,
        "emission": 4.043737918348334e-09
    },
    "QDA": {
        "AVG-PR": 0.11214953271028037,
        "ROC-AUC": 0.5,
        "Accuracy": 0.8878504672897196,
        "emission": 4.009286490059567e-08
    },
    "PLS-DA": {
        "AVG-PR": 0.5033013450316588,
        "ROC-AUC": 0.8648026315789474,
        "Accuracy": 0.8925233644859814,
        "emission": 1.2686872186474254e-07
    },
    "DNN": {
        "AVG-PR": 0.5727506576059977,
        "ROC-AUC": 0.8426535087719298,
        "Accuracy": 0.9065420560747663,
        "emission": 1.9839571933857578e-05
    }
}