{
    "Nearest Neighbors": {
        "AVG-PR": 0.2953313063094621,
        "ROC-AUC": 0.6771668219944081,
        "Accuracy": 0.8691588785046729,
        "emission": 1.5184545747092606e-08
    },
    "Linear SVM": {
        "AVG-PR": 0.2796648404769578,
        "ROC-AUC": 0.6389561975768872,
        "Accuracy": 0.8785046728971962,
        "emission": 6.636853607740616e-09
    },
    "RBF SVM": {
        "AVG-PR": 0.16532388011601673,
        "ROC-AUC": 0.5172413793103449,
        "Accuracy": 0.8691588785046729,
        "emission": 1.985743560158949e-08
    },
    "Gaussian Process": {
        "AVG-PR": 0.13551401869158877,
        "ROC-AUC": 0.5,
        "Accuracy": 0.8644859813084113,
        "emission": 2.0010791933416723e-06
    },
    "Decision Tree": {
        "AVG-PR": 0.27027324999575963,
        "ROC-AUC": 0.648089468779124,
        "Accuracy": 0.8691588785046729,
        "emission": 1.3081523961386749e-08
    },
    "Random Forest": {
        "AVG-PR": 0.13551401869158877,
        "ROC-AUC": 0.5,
        "Accuracy": 0.8644859813084113,
        "emission": 7.348879904832251e-07
    },
    "AdaBoost": {
        "AVG-PR": 0.4080244924266838,
        "ROC-AUC": 0.7251630941286114,
        "Accuracy": 0.9018691588785047,
        "emission": 1.2422243311728343e-07
    },
    "Naive Bayes": {
        "AVG-PR": 0.16835633974290112,
        "ROC-AUC": 0.6094128611369991,
        "Accuracy": 0.4252336448598131,
        "emission": 5.2717021868215125e-09
    },
    "QDA": {
        "AVG-PR": 0.13551401869158877,
        "ROC-AUC": 0.49189189189189186,
        "Accuracy": 0.8504672897196262,
        "emission": 3.136019234913516e-08
    },
    "PLS-DA": {
        "AVG-PR": 0.45940001169743905,
        "ROC-AUC": 0.7921714818266542,
        "Accuracy": 0.8738317757009346,
        "emission": 1.270210693724072e-07
    },
    "DNN": {
        "AVG-PR": 0.5681261580977786,
        "ROC-AUC": 0.8607642124883504,
        "Accuracy": 0.883177570093458,
        "emission": 1.9693264450302486e-05
    }
}