{
    "Nearest Neighbors": {
        "AVG-PR": 0.14110480640854473,
        "ROC-AUC": 0.58364898989899,
        "Accuracy": 0.9205607476635514,
        "emission": 1.64916982250356e-08
    },
    "Linear SVM": {
        "AVG-PR": 0.10134345794392523,
        "ROC-AUC": 0.5287247474747475,
        "Accuracy": 0.9252336448598131,
        "emission": 5.917519965401846e-09
    },
    "RBF SVM": {
        "AVG-PR": 0.07476635514018691,
        "ROC-AUC": 0.5,
        "Accuracy": 0.9252336448598131,
        "emission": 2.155472176637952e-08
    },
    "Gaussian Process": {
        "AVG-PR": 0.07476635514018691,
        "ROC-AUC": 0.5,
        "Accuracy": 0.9252336448598131,
        "emission": 2.401444391455529e-06
    },
    "Decision Tree": {
        "AVG-PR": 0.2746161548731642,
        "ROC-AUC": 0.651199494949495,
        "Accuracy": 0.9392523364485982,
        "emission": 1.030257834299951e-08
    },
    "Random Forest": {
        "AVG-PR": 0.07476635514018691,
        "ROC-AUC": 0.5,
        "Accuracy": 0.9252336448598131,
        "emission": 7.462063436321198e-07
    },
    "AdaBoost": {
        "AVG-PR": 0.1671858774662513,
        "ROC-AUC": 0.6123737373737373,
        "Accuracy": 0.9205607476635514,
        "emission": 1.1507515739616734e-07
    },
    "Naive Bayes": {
        "AVG-PR": 0.07309746328437916,
        "ROC-AUC": 0.48737373737373735,
        "Accuracy": 0.4766355140186916,
        "emission": 4.721739359382284e-09
    },
    "QDA": {
        "AVG-PR": 0.07476635514018691,
        "ROC-AUC": 0.5,
        "Accuracy": 0.9252336448598131,
        "emission": 3.090619919627774e-08
    },
    "PLS-DA": {
        "AVG-PR": 0.2839639402622417,
        "ROC-AUC": 0.7664141414141414,
        "Accuracy": 0.9252336448598131,
        "emission": 1.2965160723447395e-07
    },
    "DNN": {
        "AVG-PR": 0.2752679563357457,
        "ROC-AUC": 0.7108585858585859,
        "Accuracy": 0.9252336448598131,
        "emission": 2.0432783371065597e-05
    }
}