{
    "Nearest Neighbors": {
        "AVG-PR": 0.11137071651090341,
        "ROC-AUC": 0.6152912621359223,
        "Accuracy": 0.9532710280373832,
        "emission": 1.1785907206609733e-08
    },
    "Linear SVM": {
        "AVG-PR": 0.1530373831775701,
        "ROC-AUC": 0.6201456310679613,
        "Accuracy": 0.9626168224299065,
        "emission": 5.510886294902537e-09
    },
    "RBF SVM": {
        "AVG-PR": 0.15771028037383178,
        "ROC-AUC": 0.5625,
        "Accuracy": 0.9672897196261683,
        "emission": 1.7148875717228712e-08
    },
    "Gaussian Process": {
        "AVG-PR": 0.037383177570093455,
        "ROC-AUC": 0.5,
        "Accuracy": 0.9626168224299065,
        "emission": 1.7177203261309626e-06
    },
    "Decision Tree": {
        "AVG-PR": 0.04833528037383177,
        "ROC-AUC": 0.5455097087378641,
        "Accuracy": 0.9345794392523364,
        "emission": 1.1381779439077602e-08
    },
    "Random Forest": {
        "AVG-PR": 0.037383177570093455,
        "ROC-AUC": 0.5,
        "Accuracy": 0.9626168224299065,
        "emission": 7.324566812442383e-07
    },
    "AdaBoost": {
        "AVG-PR": 0.11137071651090341,
        "ROC-AUC": 0.6152912621359223,
        "Accuracy": 0.9532710280373832,
        "emission": 1.1318984281256099e-07
    },
    "Naive Bayes": {
        "AVG-PR": 0.04952727667898282,
        "ROC-AUC": 0.5904126213592232,
        "Accuracy": 0.7897196261682243,
        "emission": 3.828352196855673e-09
    },
    "QDA": {
        "AVG-PR": 0.037383177570093455,
        "ROC-AUC": 0.5,
        "Accuracy": 0.9626168224299065,
        "emission": 2.6882724060419335e-08
    },
    "PLS-DA": {
        "AVG-PR": 0.15822148865627128,
        "ROC-AUC": 0.7506067961165048,
        "Accuracy": 0.9626168224299065,
        "emission": 1.2111913509829828e-07
    },
    "DNN": {
        "AVG-PR": 0.30946691737568366,
        "ROC-AUC": 0.8137135922330098,
        "Accuracy": 0.9532710280373832,
        "emission": 2.0262812664810798e-05
    }
}