{
    "Nearest Neighbors": {
        "AVG-PR": 0.04672897196261682,
        "ROC-AUC": 0.49754901960784315,
        "Accuracy": 0.9485981308411215,
        "emission": 1.1993135235003197e-08
    },
    "Linear SVM": {
        "AVG-PR": 0.04672897196261682,
        "ROC-AUC": 0.49754901960784315,
        "Accuracy": 0.9485981308411215,
        "emission": 6.485793304913897e-09
    },
    "RBF SVM": {
        "AVG-PR": 0.04672897196261682,
        "ROC-AUC": 0.5,
        "Accuracy": 0.9532710280373832,
        "emission": 1.6959877154021667e-08
    },
    "Gaussian Process": {
        "AVG-PR": 0.04672897196261682,
        "ROC-AUC": 0.5,
        "Accuracy": 0.9532710280373832,
        "emission": 2.4004608292749277e-06
    },
    "Decision Tree": {
        "AVG-PR": 0.04672897196261682,
        "ROC-AUC": 0.49264705882352944,
        "Accuracy": 0.9392523364485982,
        "emission": 1.2326170524844148e-08
    },
    "Random Forest": {
        "AVG-PR": 0.04672897196261682,
        "ROC-AUC": 0.5,
        "Accuracy": 0.9532710280373832,
        "emission": 7.347198616690513e-07
    },
    "AdaBoost": {
        "AVG-PR": 0.10404984423676011,
        "ROC-AUC": 0.5901960784313725,
        "Accuracy": 0.9439252336448598,
        "emission": 1.1200710634597809e-07
    },
    "Naive Bayes": {
        "AVG-PR": 0.07601246105919003,
        "ROC-AUC": 0.6843137254901961,
        "Accuracy": 0.5794392523364486,
        "emission": 3.6366832853945854e-09
    },
    "QDA": {
        "AVG-PR": 0.04672897196261682,
        "ROC-AUC": 0.49754901960784315,
        "Accuracy": 0.9485981308411215,
        "emission": 2.8160854821714335e-08
    },
    "PLS-DA": {
        "AVG-PR": 0.07856423736191012,
        "ROC-AUC": 0.6431372549019607,
        "Accuracy": 0.9532710280373832,
        "emission": 1.259707063154593e-07
    },
    "DNN": {
        "AVG-PR": 0.31954263130568483,
        "ROC-AUC": 0.8225490196078431,
        "Accuracy": 0.9532710280373832,
        "emission": 1.9833750432236478e-05
    }
}