{
    "Nearest Neighbors": {
        "AVG-PR": 0.09959758551307847,
        "ROC-AUC": 0.569001386962552,
        "Accuracy": 0.9671361502347418,
        "emission": 1.4693817943489182e-08
    },
    "Linear SVM": {
        "AVG-PR": 0.1710261569416499,
        "ROC-AUC": 0.5714285714285714,
        "Accuracy": 0.971830985915493,
        "emission": 6.3966658686718e-09
    },
    "RBF SVM": {
        "AVG-PR": 0.03286384976525822,
        "ROC-AUC": 0.5,
        "Accuracy": 0.9671361502347418,
        "emission": 1.9385805366650973e-08
    },
    "Gaussian Process": {
        "AVG-PR": 0.03286384976525822,
        "ROC-AUC": 0.5,
        "Accuracy": 0.9671361502347418,
        "emission": 1.979580731824148e-06
    },
    "Decision Tree": {
        "AVG-PR": 0.0949027498323273,
        "ROC-AUC": 0.6282940360610263,
        "Accuracy": 0.9483568075117371,
        "emission": 1.1556380926632369e-08
    },
    "Random Forest": {
        "AVG-PR": 0.03286384976525822,
        "ROC-AUC": 0.5,
        "Accuracy": 0.9671361502347418,
        "emission": 7.420435362125802e-07
    },
    "AdaBoost": {
        "AVG-PR": 0.05674044265593561,
        "ROC-AUC": 0.5617198335644937,
        "Accuracy": 0.9530516431924883,
        "emission": 1.1328755386119442e-07
    },
    "Naive Bayes": {
        "AVG-PR": 0.031145204560697522,
        "ROC-AUC": 0.45735090152565877,
        "Accuracy": 0.7511737089201878,
        "emission": 5.319690256164472e-09
    },
    "QDA": {
        "AVG-PR": 0.06388329979879276,
        "ROC-AUC": 0.5641470180305131,
        "Accuracy": 0.9577464788732394,
        "emission": 2.9598346489440753e-08
    },
    "PLS-DA": {
        "AVG-PR": 0.1672293417888905,
        "ROC-AUC": 0.8196948682385575,
        "Accuracy": 0.9671361502347418,
        "emission": 1.2119208929291863e-07
    },
    "DNN": {
        "AVG-PR": 0.17017325448697998,
        "ROC-AUC": 0.7226074895977809,
        "Accuracy": 0.9671361502347418,
        "emission": 2.086938992592634e-05
    }
}