{
    "Nearest Neighbors": {
        "AVG-PR": 0.25786384976525817,
        "ROC-AUC": 0.6475369458128079,
        "Accuracy": 0.9624413145539906,
        "emission": 1.4622442697435165e-08
    },
    "Linear SVM": {
        "AVG-PR": 0.046948356807511735,
        "ROC-AUC": 0.5,
        "Accuracy": 0.9530516431924883,
        "emission": 5.895124005961073e-09
    },
    "RBF SVM": {
        "AVG-PR": 0.14225352112676057,
        "ROC-AUC": 0.55,
        "Accuracy": 0.9577464788732394,
        "emission": 1.820107466408283e-08
    },
    "Gaussian Process": {
        "AVG-PR": 0.046948356807511735,
        "ROC-AUC": 0.5,
        "Accuracy": 0.9530516431924883,
        "emission": 4.85799242827563e-06
    },
    "Decision Tree": {
        "AVG-PR": 0.046948356807511735,
        "ROC-AUC": 0.4852216748768473,
        "Accuracy": 0.9248826291079812,
        "emission": 1.472698338654081e-08
    },
    "Random Forest": {
        "AVG-PR": 0.046948356807511735,
        "ROC-AUC": 0.5,
        "Accuracy": 0.9530516431924883,
        "emission": 7.301569483571353e-07
    },
    "AdaBoost": {
        "AVG-PR": 0.1453638497652582,
        "ROC-AUC": 0.6376847290640394,
        "Accuracy": 0.9436619718309859,
        "emission": 1.2124669644505754e-07
    },
    "Naive Bayes": {
        "AVG-PR": 0.062282233344973424,
        "ROC-AUC": 0.6216748768472906,
        "Accuracy": 0.460093896713615,
        "emission": 3.941827588399694e-09
    },
    "QDA": {
        "AVG-PR": 0.046948356807511735,
        "ROC-AUC": 0.5,
        "Accuracy": 0.9530516431924883,
        "emission": 3.3528213177568155e-08
    },
    "PLS-DA": {
        "AVG-PR": 0.15689808835234934,
        "ROC-AUC": 0.7152709359605911,
        "Accuracy": 0.9530516431924883,
        "emission": 1.0790749554568043e-07
    },
    "DNN": {
        "AVG-PR": 0.42618636185840325,
        "ROC-AUC": 0.7379310344827585,
        "Accuracy": 0.9530516431924883,
        "emission": 1.9519045697031927e-05
    }
}