{
    "Nearest Neighbors": {
        "AVG-PR": 0.31011045029736617,
        "ROC-AUC": 0.6363636363636364,
        "Accuracy": 0.9626168224299065,
        "emission": 1.626040124004522e-08
    },
    "Linear SVM": {
        "AVG-PR": 0.0514018691588785,
        "ROC-AUC": 0.4975369458128079,
        "Accuracy": 0.9439252336448598,
        "emission": 4.7447729816737904e-09
    },
    "RBF SVM": {
        "AVG-PR": 0.0514018691588785,
        "ROC-AUC": 0.5,
        "Accuracy": 0.9485981308411215,
        "emission": 1.635675604652518e-08
    },
    "Gaussian Process": {
        "AVG-PR": 0.0514018691588785,
        "ROC-AUC": 0.5,
        "Accuracy": 0.9485981308411215,
        "emission": 2.6233978626084147e-06
    },
    "Decision Tree": {
        "AVG-PR": 0.0514018691588785,
        "ROC-AUC": 0.4802955665024631,
        "Accuracy": 0.9112149532710281,
        "emission": 1.2442399979110755e-08
    },
    "Random Forest": {
        "AVG-PR": 0.0514018691588785,
        "ROC-AUC": 0.5,
        "Accuracy": 0.9485981308411215,
        "emission": 7.248427328521937e-07
    },
    "AdaBoost": {
        "AVG-PR": 0.0514018691588785,
        "ROC-AUC": 0.4876847290640394,
        "Accuracy": 0.9252336448598131,
        "emission": 1.1296207384049012e-07
    },
    "Naive Bayes": {
        "AVG-PR": 0.07048862895417993,
        "ROC-AUC": 0.6236005373936407,
        "Accuracy": 0.6121495327102804,
        "emission": 5.264165373847358e-09
    },
    "QDA": {
        "AVG-PR": 0.0514018691588785,
        "ROC-AUC": 0.49014778325123154,
        "Accuracy": 0.9299065420560748,
        "emission": 1.6332297910036594e-08
    },
    "PLS-DA": {
        "AVG-PR": 0.1035646512428944,
        "ROC-AUC": 0.638602776533811,
        "Accuracy": 0.9485981308411215,
        "emission": 1.225584398592935e-07
    },
    "DNN": {
        "AVG-PR": 0.34249262283243753,
        "ROC-AUC": 0.7442901925660547,
        "Accuracy": 0.9485981308411215,
        "emission": 1.9459805126164466e-05
    }
}