{
    "Nearest Neighbors": {
        "AVG-PR": 0.056074766355140186,
        "ROC-AUC": 0.4900990099009901,
        "Accuracy": 0.9252336448598131,
        "emission": 1.3893820221964884e-08
    },
    "Linear SVM": {
        "AVG-PR": 0.21339563862928349,
        "ROC-AUC": 0.5833333333333334,
        "Accuracy": 0.9532710280373832,
        "emission": 7.232011563037859e-09
    },
    "RBF SVM": {
        "AVG-PR": 0.056074766355140186,
        "ROC-AUC": 0.5,
        "Accuracy": 0.9439252336448598,
        "emission": 1.626154446588789e-08
    },
    "Gaussian Process": {
        "AVG-PR": 0.09306853582554517,
        "ROC-AUC": 0.5391914191419142,
        "Accuracy": 0.9439252336448598,
        "emission": 6.797630792377007e-06
    },
    "Decision Tree": {
        "AVG-PR": 0.07450674974039459,
        "ROC-AUC": 0.5585808580858086,
        "Accuracy": 0.9065420560747663,
        "emission": 1.0497374366366186e-08
    },
    "Random Forest": {
        "AVG-PR": 0.056074766355140186,
        "ROC-AUC": 0.5,
        "Accuracy": 0.9439252336448598,
        "emission": 7.203688609818356e-07
    },
    "AdaBoost": {
        "AVG-PR": 0.07917964693665627,
        "ROC-AUC": 0.5367161716171617,
        "Accuracy": 0.9392523364485982,
        "emission": 1.1172015419984759e-07
    },
    "Naive Bayes": {
        "AVG-PR": 0.06769373052959501,
        "ROC-AUC": 0.5895214521452146,
        "Accuracy": 0.29906542056074764,
        "emission": 4.06755922653135e-09
    },
    "QDA": {
        "AVG-PR": 0.056074766355140186,
        "ROC-AUC": 0.49504950495049505,
        "Accuracy": 0.9345794392523364,
        "emission": 3.308601570292117e-08
    },
    "PLS-DA": {
        "AVG-PR": 0.07281289447481687,
        "ROC-AUC": 0.5691006600660067,
        "Accuracy": 0.9439252336448598,
        "emission": 8.736541931598193e-08
    },
    "DNN": {
        "AVG-PR": 0.0866968484416315,
        "ROC-AUC": 0.5563118811881188,
        "Accuracy": 0.9439252336448598,
        "emission": 1.9334189993164557e-05
    }
}