{
    "Nearest Neighbors": {
        "AVG-PR": 0.45220117496422385,
        "ROC-AUC": 0.7288192576654114,
        "Accuracy": 0.8497652582159625,
        "emission": 1.4022665980307277e-08
    },
    "Linear SVM": {
        "AVG-PR": 0.5966282543747333,
        "ROC-AUC": 0.7836202259279181,
        "Accuracy": 0.8967136150234741,
        "emission": 7.311500197955932e-09
    },
    "RBF SVM": {
        "AVG-PR": 0.20657276995305165,
        "ROC-AUC": 0.5,
        "Accuracy": 0.7934272300469484,
        "emission": 1.8256721901328702e-08
    },
    "Gaussian Process": {
        "AVG-PR": 0.20657276995305165,
        "ROC-AUC": 0.5,
        "Accuracy": 0.7934272300469484,
        "emission": 8.277955917294435e-07
    },
    "Decision Tree": {
        "AVG-PR": 0.4575330772513871,
        "ROC-AUC": 0.737224314147391,
        "Accuracy": 0.8497652582159625,
        "emission": 1.0073695298017346e-08
    },
    "Random Forest": {
        "AVG-PR": 0.3855967242851046,
        "ROC-AUC": 0.6388515330823022,
        "Accuracy": 0.8403755868544601,
        "emission": 7.713757118908932e-07
    },
    "AdaBoost": {
        "AVG-PR": 0.48391420213818015,
        "ROC-AUC": 0.7653980634749866,
        "Accuracy": 0.8544600938967136,
        "emission": 1.1483152629750855e-07
    },
    "Naive Bayes": {
        "AVG-PR": 0.25882352941176473,
        "ROC-AUC": 0.6272189349112426,
        "Accuracy": 0.4084507042253521,
        "emission": 5.090325344297286e-09
    },
    "QDA": {
        "AVG-PR": 0.20657276995305165,
        "ROC-AUC": 0.4970414201183432,
        "Accuracy": 0.7887323943661971,
        "emission": 2.0757665896349348e-08
    },
    "PLS-DA": {
        "AVG-PR": 0.7562575451051529,
        "ROC-AUC": 0.865519096288327,
        "Accuracy": 0.8779342723004695,
        "emission": 1.2774233582357906e-07
    },
    "DNN": {
        "AVG-PR": 0.7611178698905328,
        "ROC-AUC": 0.9077461000537923,
        "Accuracy": 0.8826291079812206,
        "emission": 2.087239391785972e-05
    }
}