{
    "Nearest Neighbors": {
        "AVG-PR": 0.32954825500938373,
        "ROC-AUC": 0.6734389561975769,
        "Accuracy": 0.8878504672897196,
        "emission": 1.4081474804776736e-08
    },
    "Linear SVM": {
        "AVG-PR": 0.24360833601890644,
        "ROC-AUC": 0.6071761416589003,
        "Accuracy": 0.8738317757009346,
        "emission": 7.904765699186766e-09
    },
    "RBF SVM": {
        "AVG-PR": 0.16532388011601673,
        "ROC-AUC": 0.5172413793103449,
        "Accuracy": 0.8691588785046729,
        "emission": 1.8779235180743925e-08
    },
    "Gaussian Process": {
        "AVG-PR": 0.13551401869158877,
        "ROC-AUC": 0.5,
        "Accuracy": 0.8644859813084113,
        "emission": 1.0821775460614737e-06
    },
    "Decision Tree": {
        "AVG-PR": 0.29296533308779527,
        "ROC-AUC": 0.6416589002795899,
        "Accuracy": 0.883177570093458,
        "emission": 1.2307707324991157e-08
    },
    "Random Forest": {
        "AVG-PR": 0.16532388011601673,
        "ROC-AUC": 0.5172413793103449,
        "Accuracy": 0.8691588785046729,
        "emission": 7.677734749377091e-07
    },
    "AdaBoost": {
        "AVG-PR": 0.2203293000908212,
        "ROC-AUC": 0.5899347623485555,
        "Accuracy": 0.8691588785046729,
        "emission": 1.1474931729764375e-07
    },
    "Naive Bayes": {
        "AVG-PR": 0.16431134647376994,
        "ROC-AUC": 0.5986020503261882,
        "Accuracy": 0.40654205607476634,
        "emission": 5.80508715888064e-09
    },
    "QDA": {
        "AVG-PR": 0.13551401869158877,
        "ROC-AUC": 0.4945945945945946,
        "Accuracy": 0.8551401869158879,
        "emission": 1.8930378409752833e-08
    },
    "PLS-DA": {
        "AVG-PR": 0.5205163597884565,
        "ROC-AUC": 0.7865796831314072,
        "Accuracy": 0.883177570093458,
        "emission": 1.2786212315568646e-07
    },
    "DNN": {
        "AVG-PR": 0.5335260768558178,
        "ROC-AUC": 0.7886300093196644,
        "Accuracy": 0.883177570093458,
        "emission": 2.0845810048300492e-05
    }
}