{
    "Nearest Neighbors": {
        "AVG-PR": 0.046948356807511735,
        "ROC-AUC": 0.4975369458128079,
        "Accuracy": 0.9483568075117371,
        "emission": 1.6830307685893344e-08
    },
    "Linear SVM": {
        "AVG-PR": 0.046948356807511735,
        "ROC-AUC": 0.5,
        "Accuracy": 0.9530516431924883,
        "emission": 5.3776954369398024e-09
    },
    "RBF SVM": {
        "AVG-PR": 0.046948356807511735,
        "ROC-AUC": 0.5,
        "Accuracy": 0.9530516431924883,
        "emission": 1.83048383568255e-08
    },
    "Gaussian Process": {
        "AVG-PR": 0.046948356807511735,
        "ROC-AUC": 0.5,
        "Accuracy": 0.9530516431924883,
        "emission": 2.563586969398868e-06
    },
    "Decision Tree": {
        "AVG-PR": 0.07392232180964575,
        "ROC-AUC": 0.5778325123152709,
        "Accuracy": 0.92018779342723,
        "emission": 1.0602013830499657e-08
    },
    "Random Forest": {
        "AVG-PR": 0.046948356807511735,
        "ROC-AUC": 0.5,
        "Accuracy": 0.9530516431924883,
        "emission": 7.707426754140899e-07
    },
    "AdaBoost": {
        "AVG-PR": 0.05475352112676056,
        "ROC-AUC": 0.5327586206896552,
        "Accuracy": 0.9248826291079812,
        "emission": 1.1636543293540911e-07
    },
    "Naive Bayes": {
        "AVG-PR": 0.05359466033146671,
        "ROC-AUC": 0.5578817733990148,
        "Accuracy": 0.6103286384976526,
        "emission": 4.7484199218595484e-09
    },
    "QDA": {
        "AVG-PR": 0.09225352112676057,
        "ROC-AUC": 0.5475369458128079,
        "Accuracy": 0.9530516431924883,
        "emission": 1.777436881557373e-08
    },
    "PLS-DA": {
        "AVG-PR": 0.19260248765430749,
        "ROC-AUC": 0.5566502463054187,
        "Accuracy": 0.9530516431924883,
        "emission": 1.299514278343667e-07
    },
    "DNN": {
        "AVG-PR": 0.27417671970037377,
        "ROC-AUC": 0.6975369458128079,
        "Accuracy": 0.9530516431924883,
        "emission": 2.08228559469675e-05
    }
}