{
    "Nearest Neighbors": {
        "AVG-PR": 0.3615023474178404,
        "ROC-AUC": 0.6666666666666666,
        "Accuracy": 0.971830985915493,
        "emission": 1.3257720075384884e-08
    },
    "Linear SVM": {
        "AVG-PR": 0.27816901408450706,
        "ROC-AUC": 0.6642156862745098,
        "Accuracy": 0.9671361502347418,
        "emission": 6.920587637564485e-09
    },
    "RBF SVM": {
        "AVG-PR": 0.04225352112676056,
        "ROC-AUC": 0.5,
        "Accuracy": 0.9577464788732394,
        "emission": 1.9623397003742073e-08
    },
    "Gaussian Process": {
        "AVG-PR": 0.04225352112676056,
        "ROC-AUC": 0.5,
        "Accuracy": 0.9577464788732394,
        "emission": 1.094806508034037e-06
    },
    "Decision Tree": {
        "AVG-PR": 0.04225352112676056,
        "ROC-AUC": 0.49019607843137253,
        "Accuracy": 0.9389671361502347,
        "emission": 1.3721071690946623e-08
    },
    "Random Forest": {
        "AVG-PR": 0.04225352112676056,
        "ROC-AUC": 0.5,
        "Accuracy": 0.9577464788732394,
        "emission": 8.403926378943237e-07
    },
    "AdaBoost": {
        "AVG-PR": 0.0560772039645279,
        "ROC-AUC": 0.5433006535947713,
        "Accuracy": 0.9389671361502347,
        "emission": 1.1816141327135197e-07
    },
    "Naive Bayes": {
        "AVG-PR": 0.05146768461234698,
        "ROC-AUC": 0.5857843137254901,
        "Accuracy": 0.5117370892018779,
        "emission": 3.9278372639837884e-09
    },
    "QDA": {
        "AVG-PR": 0.04225352112676056,
        "ROC-AUC": 0.4950980392156863,
        "Accuracy": 0.9483568075117371,
        "emission": 1.9687152317972097e-08
    },
    "PLS-DA": {
        "AVG-PR": 0.5739429266070357,
        "ROC-AUC": 0.8894335511982571,
        "Accuracy": 0.9671361502347418,
        "emission": 1.2874082805890213e-07
    },
    "DNN": {
        "AVG-PR": 0.5229271671807217,
        "ROC-AUC": 0.8311546840958604,
        "Accuracy": 0.9624413145539906,
        "emission": 2.1129343135778476e-05
    }
}