{
    "Nearest Neighbors": {
        "AVG-PR": 0.21542056074766353,
        "ROC-AUC": 0.6345360824742268,
        "Accuracy": 0.9065420560747663,
        "emission": 1.4397610337481717e-08
    },
    "Linear SVM": {
        "AVG-PR": 0.09345794392523364,
        "ROC-AUC": 0.4948453608247423,
        "Accuracy": 0.897196261682243,
        "emission": 6.257601166562467e-09
    },
    "RBF SVM": {
        "AVG-PR": 0.18411214953271027,
        "ROC-AUC": 0.55,
        "Accuracy": 0.9158878504672897,
        "emission": 1.888461383176993e-08
    },
    "Gaussian Process": {
        "AVG-PR": 0.09345794392523364,
        "ROC-AUC": 0.5,
        "Accuracy": 0.9065420560747663,
        "emission": 2.851141337923725e-06
    },
    "Decision Tree": {
        "AVG-PR": 0.13568925233644857,
        "ROC-AUC": 0.5621134020618556,
        "Accuracy": 0.897196261682243,
        "emission": 1.1603656721985553e-08
    },
    "Random Forest": {
        "AVG-PR": 0.09345794392523364,
        "ROC-AUC": 0.5,
        "Accuracy": 0.9065420560747663,
        "emission": 7.639811096102812e-07
    },
    "AdaBoost": {
        "AVG-PR": 0.19685877466251298,
        "ROC-AUC": 0.6466494845360825,
        "Accuracy": 0.8878504672897196,
        "emission": 1.1980360694278243e-07
    },
    "Naive Bayes": {
        "AVG-PR": 0.14548024817403596,
        "ROC-AUC": 0.6896907216494845,
        "Accuracy": 0.5186915887850467,
        "emission": 5.488468740262822e-09
    },
    "QDA": {
        "AVG-PR": 0.09345794392523364,
        "ROC-AUC": 0.4948453608247423,
        "Accuracy": 0.897196261682243,
        "emission": 1.926670823529592e-08
    },
    "PLS-DA": {
        "AVG-PR": 0.3472215351997898,
        "ROC-AUC": 0.8322164948453609,
        "Accuracy": 0.897196261682243,
        "emission": 1.5034250715699694e-07
    },
    "DNN": {
        "AVG-PR": 0.42434149617692507,
        "ROC-AUC": 0.8639175257731959,
        "Accuracy": 0.9112149532710281,
        "emission": 2.08344678968349e-05
    }
}