{
    "Nearest Neighbors": {
        "AVG-PR": 0.3122599231754161,
        "ROC-AUC": 0.7198469846984699,
        "Accuracy": 0.9577464788732394,
        "emission": 3.077101000413052e-08
    },
    "Linear SVM": {
        "AVG-PR": 0.5137288376724997,
        "ROC-AUC": 0.8132313231323132,
        "Accuracy": 0.971830985915493,
        "emission": 7.882474858064396e-09
    },
    "RBF SVM": {
        "AVG-PR": 0.051643192488262914,
        "ROC-AUC": 0.5,
        "Accuracy": 0.9483568075117371,
        "emission": 1.7618610005443492e-08
    },
    "Gaussian Process": {
        "AVG-PR": 0.051643192488262914,
        "ROC-AUC": 0.5,
        "Accuracy": 0.9483568075117371,
        "emission": 2.4464140096027972e-06
    },
    "Decision Tree": {
        "AVG-PR": 0.32377294067434914,
        "ROC-AUC": 0.6793429342934294,
        "Accuracy": 0.9624413145539906,
        "emission": 1.0879027759829585e-08
    },
    "Random Forest": {
        "AVG-PR": 0.051643192488262914,
        "ROC-AUC": 0.5,
        "Accuracy": 0.9483568075117371,
        "emission": 7.782768562978594e-07
    },
    "AdaBoost": {
        "AVG-PR": 0.35284433875983173,
        "ROC-AUC": 0.7223222322232223,
        "Accuracy": 0.9624413145539906,
        "emission": 1.2033600435253097e-07
    },
    "Naive Bayes": {
        "AVG-PR": 0.07598005829950691,
        "ROC-AUC": 0.6507650765076508,
        "Accuracy": 0.5821596244131455,
        "emission": 5.103928579798669e-09
    },
    "QDA": {
        "AVG-PR": 0.09240290226205719,
        "ROC-AUC": 0.5429792979297929,
        "Accuracy": 0.9483568075117371,
        "emission": 3.248057037092347e-08
    },
    "PLS-DA": {
        "AVG-PR": 0.5034820252211557,
        "ROC-AUC": 0.8730873087308731,
        "Accuracy": 0.9577464788732394,
        "emission": 1.3167614396688817e-07
    },
    "DNN": {
        "AVG-PR": 0.693459818869655,
        "ROC-AUC": 0.9036903690369037,
        "Accuracy": 0.9624413145539906,
        "emission": 2.1317137711846625e-05
    }
}