{
    "Nearest Neighbors": {
        "AVG-PR": 0.1814570943075616,
        "ROC-AUC": 0.6252367424242423,
        "Accuracy": 0.8691588785046729,
        "emission": 1.390012073856142e-08
    },
    "Linear SVM": {
        "AVG-PR": 0.34016567544604925,
        "ROC-AUC": 0.7116477272727273,
        "Accuracy": 0.9158878504672897,
        "emission": 5.9508870962366295e-09
    },
    "RBF SVM": {
        "AVG-PR": 0.102803738317757,
        "ROC-AUC": 0.5,
        "Accuracy": 0.897196261682243,
        "emission": 1.9524940086231e-08
    },
    "Gaussian Process": {
        "AVG-PR": 0.102803738317757,
        "ROC-AUC": 0.5,
        "Accuracy": 0.897196261682243,
        "emission": 2.261902907717827e-06
    },
    "Decision Tree": {
        "AVG-PR": 0.13259699801755875,
        "ROC-AUC": 0.5622632575757577,
        "Accuracy": 0.8644859813084113,
        "emission": 1.23183839327259e-08
    },
    "Random Forest": {
        "AVG-PR": 0.102803738317757,
        "ROC-AUC": 0.5,
        "Accuracy": 0.897196261682243,
        "emission": 7.846689944642798e-07
    },
    "AdaBoost": {
        "AVG-PR": 0.32345444549952523,
        "ROC-AUC": 0.7090435606060607,
        "Accuracy": 0.9112149532710281,
        "emission": 1.1666458324961672e-07
    },
    "Naive Bayes": {
        "AVG-PR": 0.14103653355989804,
        "ROC-AUC": 0.6491477272727273,
        "Accuracy": 0.40654205607476634,
        "emission": 5.621651478303114e-09
    },
    "QDA": {
        "AVG-PR": 0.12085811384876805,
        "ROC-AUC": 0.5201231060606061,
        "Accuracy": 0.897196261682243,
        "emission": 1.805926601748137e-08
    },
    "PLS-DA": {
        "AVG-PR": 0.6163226083680629,
        "ROC-AUC": 0.9093276515151516,
        "Accuracy": 0.9065420560747663,
        "emission": 1.381960095175261e-07
    },
    "DNN": {
        "AVG-PR": 0.6390562345887987,
        "ROC-AUC": 0.8998579545454545,
        "Accuracy": 0.9158878504672897,
        "emission": 2.120329995897156e-05
    }
}