{
    "Nearest Neighbors": {
        "AVG-PR": 0.06074766355140187,
        "ROC-AUC": 0.4900497512437811,
        "Accuracy": 0.9205607476635514,
        "emission": 1.6002645586011953e-08
    },
    "Linear SVM": {
        "AVG-PR": 0.06074766355140187,
        "ROC-AUC": 0.49502487562189057,
        "Accuracy": 0.9299065420560748,
        "emission": 5.810211212173211e-09
    },
    "RBF SVM": {
        "AVG-PR": 0.06074766355140187,
        "ROC-AUC": 0.5,
        "Accuracy": 0.9392523364485982,
        "emission": 1.761053700525241e-08
    },
    "Gaussian Process": {
        "AVG-PR": 0.06074766355140187,
        "ROC-AUC": 0.5,
        "Accuracy": 0.9392523364485982,
        "emission": 2.6511611602157425e-06
    },
    "Decision Tree": {
        "AVG-PR": 0.06074766355140187,
        "ROC-AUC": 0.49502487562189057,
        "Accuracy": 0.9299065420560748,
        "emission": 1.2842196686208416e-08
    },
    "Random Forest": {
        "AVG-PR": 0.06074766355140187,
        "ROC-AUC": 0.5,
        "Accuracy": 0.9392523364485982,
        "emission": 7.780581200001033e-07
    },
    "AdaBoost": {
        "AVG-PR": 0.08171579199616583,
        "ROC-AUC": 0.533486414083429,
        "Accuracy": 0.9345794392523364,
        "emission": 1.1775570091179421e-07
    },
    "Naive Bayes": {
        "AVG-PR": 0.07655777851811588,
        "ROC-AUC": 0.6035208572522005,
        "Accuracy": 0.45794392523364486,
        "emission": 5.482809112418818e-09
    },
    "QDA": {
        "AVG-PR": 0.06074766355140187,
        "ROC-AUC": 0.49502487562189057,
        "Accuracy": 0.9299065420560748,
        "emission": 1.9681505003048308e-08
    },
    "PLS-DA": {
        "AVG-PR": 0.1779952577132925,
        "ROC-AUC": 0.7194795254496748,
        "Accuracy": 0.9392523364485982,
        "emission": 1.3184592953546488e-07
    },
    "DNN": {
        "AVG-PR": 0.19951180944979544,
        "ROC-AUC": 0.7229238423268274,
        "Accuracy": 0.9252336448598131,
        "emission": 2.094528702859782e-05
    }
}