{
    "Nearest Neighbors": {
        "AVG-PR": 0.07123694548241832,
        "ROC-AUC": 0.5206389088298635,
        "Accuracy": 0.9107981220657277,
        "emission": 1.493353761207224e-08
    },
    "Linear SVM": {
        "AVG-PR": 0.07293762575452717,
        "ROC-AUC": 0.5231514716439339,
        "Accuracy": 0.9154929577464789,
        "emission": 7.458908574066164e-09
    },
    "RBF SVM": {
        "AVG-PR": 0.1324614352783367,
        "ROC-AUC": 0.5357142857142857,
        "Accuracy": 0.9389671361502347,
        "emission": 1.9016013192482226e-08
    },
    "Gaussian Process": {
        "AVG-PR": 0.06572769953051644,
        "ROC-AUC": 0.5,
        "Accuracy": 0.9342723004694836,
        "emission": 1.519110849884257e-06
    },
    "Decision Tree": {
        "AVG-PR": 0.13486044471959965,
        "ROC-AUC": 0.6202440775305096,
        "Accuracy": 0.9107981220657277,
        "emission": 9.839904179352394e-09
    },
    "Random Forest": {
        "AVG-PR": 0.06572769953051644,
        "ROC-AUC": 0.5,
        "Accuracy": 0.9342723004694836,
        "emission": 7.851681764909637e-07
    },
    "AdaBoost": {
        "AVG-PR": 0.13200033534540576,
        "ROC-AUC": 0.5945800430725053,
        "Accuracy": 0.9248826291079812,
        "emission": 1.1968785845504555e-07
    },
    "Naive Bayes": {
        "AVG-PR": 0.07732416001384652,
        "ROC-AUC": 0.5721464465183058,
        "Accuracy": 0.5727699530516432,
        "emission": 5.8476256629133575e-09
    },
    "QDA": {
        "AVG-PR": 0.06572769953051644,
        "ROC-AUC": 0.49748743718592964,
        "Accuracy": 0.9295774647887324,
        "emission": 2.025909126348789e-08
    },
    "PLS-DA": {
        "AVG-PR": 0.32602675164198003,
        "ROC-AUC": 0.8359655419956928,
        "Accuracy": 0.9295774647887324,
        "emission": 1.6569358365796386e-07
    },
    "DNN": {
        "AVG-PR": 0.16066168321462143,
        "ROC-AUC": 0.6651112706389088,
        "Accuracy": 0.9248826291079812,
        "emission": 2.0352502737564355e-05
    }
}