{
    "Nearest Neighbors": {
        "AVG-PR": 0.06542056074766354,
        "ROC-AUC": 0.49,
        "Accuracy": 0.9158878504672897,
        "emission": 1.794136681975613e-08
    },
    "Linear SVM": {
        "AVG-PR": 0.06542056074766354,
        "ROC-AUC": 0.4975,
        "Accuracy": 0.9299065420560748,
        "emission": 5.572129370268797e-09
    },
    "RBF SVM": {
        "AVG-PR": 0.06542056074766354,
        "ROC-AUC": 0.5,
        "Accuracy": 0.9345794392523364,
        "emission": 1.6571213456295532e-08
    },
    "Gaussian Process": {
        "AVG-PR": 0.06542056074766354,
        "ROC-AUC": 0.5,
        "Accuracy": 0.9345794392523364,
        "emission": 1.3797452978845425e-06
    },
    "Decision Tree": {
        "AVG-PR": 0.0686841714879098,
        "ROC-AUC": 0.5157142857142857,
        "Accuracy": 0.9018691588785047,
        "emission": 1.3443522666185926e-08
    },
    "Random Forest": {
        "AVG-PR": 0.06542056074766354,
        "ROC-AUC": 0.5,
        "Accuracy": 0.9345794392523364,
        "emission": 7.812503587849035e-07
    },
    "AdaBoost": {
        "AVG-PR": 0.09178905206942589,
        "ROC-AUC": 0.5564285714285714,
        "Accuracy": 0.9158878504672897,
        "emission": 1.1802137402849725e-07
    },
    "Naive Bayes": {
        "AVG-PR": 0.05565754339118825,
        "ROC-AUC": 0.33285714285714285,
        "Accuracy": 0.37383177570093457,
        "emission": 5.253080602782053e-09
    },
    "QDA": {
        "AVG-PR": 0.06542056074766354,
        "ROC-AUC": 0.485,
        "Accuracy": 0.9065420560747663,
        "emission": 2.1664723388258198e-08
    },
    "PLS-DA": {
        "AVG-PR": 0.11390137992153815,
        "ROC-AUC": 0.6164285714285714,
        "Accuracy": 0.9345794392523364,
        "emission": 1.3326194328856633e-07
    },
    "DNN": {
        "AVG-PR": 0.13294486684553758,
        "ROC-AUC": 0.604642857142857,
        "Accuracy": 0.9345794392523364,
        "emission": 2.0648147442252885e-05
    }
}