{
    "Nearest Neighbors": {
        "AVG-PR": 0.4669976635514019,
        "ROC-AUC": 0.7420212765957447,
        "Accuracy": 0.9252336448598131,
        "emission": 1.496952033917757e-08
    },
    "Linear SVM": {
        "AVG-PR": 0.5253336667395992,
        "ROC-AUC": 0.8109656301145662,
        "Accuracy": 0.9299065420560748,
        "emission": 5.633445982162305e-09
    },
    "RBF SVM": {
        "AVG-PR": 0.12149532710280374,
        "ROC-AUC": 0.5,
        "Accuracy": 0.8785046728971962,
        "emission": 1.8409465414445312e-08
    },
    "Gaussian Process": {
        "AVG-PR": 0.12149532710280374,
        "ROC-AUC": 0.5,
        "Accuracy": 0.8785046728971962,
        "emission": 1.1238772186650847e-06
    },
    "Decision Tree": {
        "AVG-PR": 0.2992509450151898,
        "ROC-AUC": 0.7240180032733223,
        "Accuracy": 0.8644859813084113,
        "emission": 1.2156065909066228e-08
    },
    "Random Forest": {
        "AVG-PR": 0.22286125089863407,
        "ROC-AUC": 0.5576923076923077,
        "Accuracy": 0.8925233644859814,
        "emission": 7.764187467962341e-07
    },
    "AdaBoost": {
        "AVG-PR": 0.46957086766576345,
        "ROC-AUC": 0.8029869067103109,
        "Accuracy": 0.9158878504672897,
        "emission": 1.1737739132649132e-07
    },
    "Naive Bayes": {
        "AVG-PR": 0.14121392626065524,
        "ROC-AUC": 0.5785597381342062,
        "Accuracy": 0.3177570093457944,
        "emission": 6.586635703869017e-09
    },
    "QDA": {
        "AVG-PR": 0.12149532710280374,
        "ROC-AUC": 0.4973404255319149,
        "Accuracy": 0.8738317757009346,
        "emission": 1.8614713296519152e-08
    },
    "PLS-DA": {
        "AVG-PR": 0.6997753267191059,
        "ROC-AUC": 0.9290098199672668,
        "Accuracy": 0.9252336448598131,
        "emission": 1.2771281752179344e-07
    },
    "DNN": {
        "AVG-PR": 0.6595240902690399,
        "ROC-AUC": 0.8925941080196399,
        "Accuracy": 0.9252336448598131,
        "emission": 2.0388208675648334e-05
    }
}