{
    "Nearest Neighbors": {
        "AVG-PR": 0.22002527988443482,
        "ROC-AUC": 0.6128846153846154,
        "Accuracy": 0.9483568075117371,
        "emission": 1.3496886247844506e-08
    },
    "Linear SVM": {
        "AVG-PR": 0.08197905381003973,
        "ROC-AUC": 0.5334615384615384,
        "Accuracy": 0.9342723004694836,
        "emission": 5.873733997317373e-09
    },
    "RBF SVM": {
        "AVG-PR": 0.06103286384976526,
        "ROC-AUC": 0.5,
        "Accuracy": 0.9389671361502347,
        "emission": 1.6109528166440014e-08
    },
    "Gaussian Process": {
        "AVG-PR": 0.06103286384976526,
        "ROC-AUC": 0.5,
        "Accuracy": 0.9389671361502347,
        "emission": 1.1900417545070552e-06
    },
    "Decision Tree": {
        "AVG-PR": 0.06732703915802507,
        "ROC-AUC": 0.5234615384615384,
        "Accuracy": 0.9154929577464789,
        "emission": 1.0182649433517155e-08
    },
    "Random Forest": {
        "AVG-PR": 0.06103286384976526,
        "ROC-AUC": 0.5,
        "Accuracy": 0.9389671361502347,
        "emission": 7.454042186204122e-07
    },
    "AdaBoost": {
        "AVG-PR": 0.1301656090388485,
        "ROC-AUC": 0.6288461538461538,
        "Accuracy": 0.9107981220657277,
        "emission": 1.1466860660903009e-07
    },
    "Naive Bayes": {
        "AVG-PR": 0.0714409534127844,
        "ROC-AUC": 0.5755769230769232,
        "Accuracy": 0.3380281690140845,
        "emission": 4.766696888987118e-09
    },
    "QDA": {
        "AVG-PR": 0.06103286384976526,
        "ROC-AUC": 0.4925,
        "Accuracy": 0.9248826291079812,
        "emission": 1.6927245115946914e-08
    },
    "PLS-DA": {
        "AVG-PR": 0.2433650138243669,
        "ROC-AUC": 0.6403846153846153,
        "Accuracy": 0.9389671361502347,
        "emission": 1.2465601807027376e-07
    },
    "DNN": {
        "AVG-PR": 0.25959736116936927,
        "ROC-AUC": 0.7803846153846153,
        "Accuracy": 0.9248826291079812,
        "emission": 2.085638728405931e-05
    }
}