{
    "Nearest Neighbors": {
        "AVG-PR": 0.037383177570093455,
        "ROC-AUC": 0.5,
        "Accuracy": 0.9626168224299065,
        "emission": 1.4273116056534659e-08
    },
    "Linear SVM": {
        "AVG-PR": 0.037383177570093455,
        "ROC-AUC": 0.5,
        "Accuracy": 0.9626168224299065,
        "emission": 5.90171323004755e-09
    },
    "RBF SVM": {
        "AVG-PR": 0.037383177570093455,
        "ROC-AUC": 0.5,
        "Accuracy": 0.9626168224299065,
        "emission": 1.8092314140122925e-08
    },
    "Gaussian Process": {
        "AVG-PR": 0.037383177570093455,
        "ROC-AUC": 0.5,
        "Accuracy": 0.9626168224299065,
        "emission": 2.458665727867177e-06
    },
    "Decision Tree": {
        "AVG-PR": 0.0905373831775701,
        "ROC-AUC": 0.6104368932038835,
        "Accuracy": 0.9439252336448598,
        "emission": 1.0403474334530525e-08
    },
    "Random Forest": {
        "AVG-PR": 0.037383177570093455,
        "ROC-AUC": 0.5,
        "Accuracy": 0.9626168224299065,
        "emission": 7.398173747370002e-07
    },
    "AdaBoost": {
        "AVG-PR": 0.11137071651090341,
        "ROC-AUC": 0.6152912621359223,
        "Accuracy": 0.9532710280373832,
        "emission": 1.158244836755521e-07
    },
    "Naive Bayes": {
        "AVG-PR": 0.052615025161754134,
        "ROC-AUC": 0.6371359223300971,
        "Accuracy": 0.5327102803738317,
        "emission": 4.5932797235014345e-09
    },
    "QDA": {
        "AVG-PR": 0.037383177570093455,
        "ROC-AUC": 0.49514563106796117,
        "Accuracy": 0.9532710280373832,
        "emission": 1.7805400258931674e-08
    },
    "PLS-DA": {
        "AVG-PR": 0.11833568895503532,
        "ROC-AUC": 0.7566747572815533,
        "Accuracy": 0.9626168224299065,
        "emission": 1.2741491377283634e-07
    },
    "DNN": {
        "AVG-PR": 0.1870752497169862,
        "ROC-AUC": 0.8701456310679612,
        "Accuracy": 0.9579439252336449,
        "emission": 2.0227109808742412e-05
    }
}