{
    "Nearest Neighbors": {
        "AVG-PR": 0.3040498442367601,
        "ROC-AUC": 0.6641914191419142,
        "Accuracy": 0.9579439252336449,
        "emission": 1.341506295729121e-08
    },
    "Linear SVM": {
        "AVG-PR": 0.22955607476635514,
        "ROC-AUC": 0.6225247524752475,
        "Accuracy": 0.9532710280373832,
        "emission": 7.314721525489562e-09
    },
    "RBF SVM": {
        "AVG-PR": 0.056074766355140186,
        "ROC-AUC": 0.5,
        "Accuracy": 0.9439252336448598,
        "emission": 2.167058885674821e-08
    },
    "Gaussian Process": {
        "AVG-PR": 0.29205607476635514,
        "ROC-AUC": 0.625,
        "Accuracy": 0.9579439252336449,
        "emission": 6.348832897469446e-06
    },
    "Decision Tree": {
        "AVG-PR": 0.17159916926272067,
        "ROC-AUC": 0.6835808580858086,
        "Accuracy": 0.9205607476635514,
        "emission": 1.2931579587084186e-08
    },
    "Random Forest": {
        "AVG-PR": 0.056074766355140186,
        "ROC-AUC": 0.5,
        "Accuracy": 0.9439252336448598,
        "emission": 7.336663674247442e-07
    },
    "AdaBoost": {
        "AVG-PR": 0.20404984423676012,
        "ROC-AUC": 0.6567656765676567,
        "Accuracy": 0.9439252336448598,
        "emission": 1.1516682270482607e-07
    },
    "Naive Bayes": {
        "AVG-PR": 0.061221488791582256,
        "ROC-AUC": 0.5433168316831682,
        "Accuracy": 0.3598130841121495,
        "emission": 3.8010972142149425e-09
    },
    "QDA": {
        "AVG-PR": 0.056074766355140186,
        "ROC-AUC": 0.4975247524752475,
        "Accuracy": 0.9392523364485982,
        "emission": 1.5653148224890026e-08
    },
    "PLS-DA": {
        "AVG-PR": 0.43058949221433956,
        "ROC-AUC": 0.7644389438943895,
        "Accuracy": 0.9579439252336449,
        "emission": 8.44171323015644e-08
    },
    "DNN": {
        "AVG-PR": 0.45215147175656095,
        "ROC-AUC": 0.7776402640264026,
        "Accuracy": 0.9439252336448598,
        "emission": 1.9770489108636424e-05
    }
}