{
    "Nearest Neighbors": {
        "AVG-PR": 0.12741433021806853,
        "ROC-AUC": 0.5616415410385259,
        "Accuracy": 0.9299065420560748,
        "emission": 1.628784549502866e-08
    },
    "Linear SVM": {
        "AVG-PR": 0.1940809968847352,
        "ROC-AUC": 0.5666666666666667,
        "Accuracy": 0.9392523364485982,
        "emission": 8.432563272843692e-09
    },
    "RBF SVM": {
        "AVG-PR": 0.07009345794392523,
        "ROC-AUC": 0.5,
        "Accuracy": 0.9299065420560748,
        "emission": 1.6535505678247366e-08
    },
    "Gaussian Process": {
        "AVG-PR": 0.1320872274143302,
        "ROC-AUC": 0.5333333333333333,
        "Accuracy": 0.9345794392523364,
        "emission": 5.529914847441021e-06
    },
    "Decision Tree": {
        "AVG-PR": 0.09037729318103149,
        "ROC-AUC": 0.5490787269681742,
        "Accuracy": 0.9065420560747663,
        "emission": 1.0426772328790408e-08
    },
    "Random Forest": {
        "AVG-PR": 0.1320872274143302,
        "ROC-AUC": 0.5333333333333333,
        "Accuracy": 0.9345794392523364,
        "emission": 7.575622229791036e-07
    },
    "AdaBoost": {
        "AVG-PR": 0.0940809968847352,
        "ROC-AUC": 0.5515912897822446,
        "Accuracy": 0.9112149532710281,
        "emission": 1.1709682291656482e-07
    },
    "Naive Bayes": {
        "AVG-PR": 0.06270617498611412,
        "ROC-AUC": 0.4268006700167504,
        "Accuracy": 0.3925233644859813,
        "emission": 4.608505992909708e-09
    },
    "QDA": {
        "AVG-PR": 0.07009345794392523,
        "ROC-AUC": 0.49246231155778897,
        "Accuracy": 0.9158878504672897,
        "emission": 1.7322439106321325e-08
    },
    "PLS-DA": {
        "AVG-PR": 0.24242853263797223,
        "ROC-AUC": 0.6338358458961475,
        "Accuracy": 0.9345794392523364,
        "emission": 9.236828602879806e-08
    },
    "DNN": {
        "AVG-PR": 0.31140894654820817,
        "ROC-AUC": 0.6301507537688442,
        "Accuracy": 0.9345794392523364,
        "emission": 2.066695527708193e-05
    }
}