{
    "Nearest Neighbors": {
        "AVG-PR": 0.15771028037383178,
        "ROC-AUC": 0.5625,
        "Accuracy": 0.9672897196261683,
        "emission": 1.3502685520708765e-08
    },
    "Linear SVM": {
        "AVG-PR": 0.037383177570093455,
        "ROC-AUC": 0.5,
        "Accuracy": 0.9626168224299065,
        "emission": 6.929682056670179e-09
    },
    "RBF SVM": {
        "AVG-PR": 0.037383177570093455,
        "ROC-AUC": 0.5,
        "Accuracy": 0.9626168224299065,
        "emission": 1.6617111744597344e-08
    },
    "Gaussian Process": {
        "AVG-PR": 0.037383177570093455,
        "ROC-AUC": 0.5,
        "Accuracy": 0.9626168224299065,
        "emission": 2.1402559916511877e-06
    },
    "Decision Tree": {
        "AVG-PR": 0.04833528037383177,
        "ROC-AUC": 0.5455097087378641,
        "Accuracy": 0.9345794392523364,
        "emission": 1.2426860603791622e-08
    },
    "Random Forest": {
        "AVG-PR": 0.037383177570093455,
        "ROC-AUC": 0.5,
        "Accuracy": 0.9626168224299065,
        "emission": 7.463045198122532e-07
    },
    "AdaBoost": {
        "AVG-PR": 0.037383177570093455,
        "ROC-AUC": 0.49514563106796117,
        "Accuracy": 0.9532710280373832,
        "emission": 1.1231571221407021e-07
    },
    "Naive Bayes": {
        "AVG-PR": 0.04835935092944439,
        "ROC-AUC": 0.6037621359223301,
        "Accuracy": 0.5841121495327103,
        "emission": 4.681170897040327e-09
    },
    "QDA": {
        "AVG-PR": 0.037383177570093455,
        "ROC-AUC": 0.4854368932038835,
        "Accuracy": 0.9345794392523364,
        "emission": 1.7581023923150552e-08
    },
    "PLS-DA": {
        "AVG-PR": 0.12076832542033629,
        "ROC-AUC": 0.5861650485436893,
        "Accuracy": 0.9626168224299065,
        "emission": 1.2564678041347374e-07
    },
    "DNN": {
        "AVG-PR": 0.05918980655922847,
        "ROC-AUC": 0.6158980582524272,
        "Accuracy": 0.9626168224299065,
        "emission": 2.030614820487799e-05
    }
}