{
    "Nearest Neighbors": {
        "AVG-PR": 0.2947015425888665,
        "ROC-AUC": 0.7042354630294329,
        "Accuracy": 0.9436619718309859,
        "emission": 1.2788321644589391e-08
    },
    "Linear SVM": {
        "AVG-PR": 0.12776659959758552,
        "ROC-AUC": 0.5664034458004307,
        "Accuracy": 0.9342723004694836,
        "emission": 5.549817972794406e-09
    },
    "RBF SVM": {
        "AVG-PR": 0.06572769953051644,
        "ROC-AUC": 0.5,
        "Accuracy": 0.9342723004694836,
        "emission": 1.8692230546197364e-08
    },
    "Gaussian Process": {
        "AVG-PR": 0.06572769953051644,
        "ROC-AUC": 0.5,
        "Accuracy": 0.9342723004694836,
        "emission": 9.793335657804155e-07
    },
    "Decision Tree": {
        "AVG-PR": 0.12307176391683433,
        "ROC-AUC": 0.5920674802584349,
        "Accuracy": 0.92018779342723,
        "emission": 1.1263406234974029e-08
    },
    "Random Forest": {
        "AVG-PR": 0.1324614352783367,
        "ROC-AUC": 0.5357142857142857,
        "Accuracy": 0.9389671361502347,
        "emission": 7.313344697904114e-07
    },
    "AdaBoost": {
        "AVG-PR": 0.282137268052761,
        "ROC-AUC": 0.7605886575735822,
        "Accuracy": 0.9248826291079812,
        "emission": 1.1490657845357245e-07
    },
    "Naive Bayes": {
        "AVG-PR": 0.08207578806170356,
        "ROC-AUC": 0.604989231873654,
        "Accuracy": 0.323943661971831,
        "emission": 4.126126320288305e-09
    },
    "QDA": {
        "AVG-PR": 0.06572769953051644,
        "ROC-AUC": 0.4949748743718593,
        "Accuracy": 0.9248826291079812,
        "emission": 1.8813819640539626e-08
    },
    "PLS-DA": {
        "AVG-PR": 0.2601457474751131,
        "ROC-AUC": 0.7817659727207465,
        "Accuracy": 0.9342723004694836,
        "emission": 1.2325104008685498e-07
    },
    "DNN": {
        "AVG-PR": 0.45896228510515524,
        "ROC-AUC": 0.895908111988514,
        "Accuracy": 0.9436619718309859,
        "emission": 2.0288783887072017e-05
    }
}