{
    "Nearest Neighbors": {
        "AVG-PR": 0.03286384976525822,
        "ROC-AUC": 0.49514563106796117,
        "Accuracy": 0.9577464788732394,
        "emission": 1.3415075756206273e-08
    },
    "Linear SVM": {
        "AVG-PR": 0.03286384976525822,
        "ROC-AUC": 0.5,
        "Accuracy": 0.9671361502347418,
        "emission": 4.7685282585691955e-09
    },
    "RBF SVM": {
        "AVG-PR": 0.03286384976525822,
        "ROC-AUC": 0.5,
        "Accuracy": 0.9671361502347418,
        "emission": 1.9175870854351e-08
    },
    "Gaussian Process": {
        "AVG-PR": 0.03286384976525822,
        "ROC-AUC": 0.5,
        "Accuracy": 0.9671361502347418,
        "emission": 1.9112150690990782e-06
    },
    "Decision Tree": {
        "AVG-PR": 0.03286384976525822,
        "ROC-AUC": 0.49271844660194175,
        "Accuracy": 0.9530516431924883,
        "emission": 1.0526433819258692e-08
    },
    "Random Forest": {
        "AVG-PR": 0.03286384976525822,
        "ROC-AUC": 0.5,
        "Accuracy": 0.9671361502347418,
        "emission": 7.465946926323151e-07
    },
    "AdaBoost": {
        "AVG-PR": 0.03286384976525822,
        "ROC-AUC": 0.4975728155339806,
        "Accuracy": 0.9624413145539906,
        "emission": 1.155326956317436e-07
    },
    "Naive Bayes": {
        "AVG-PR": 0.03592219986586184,
        "ROC-AUC": 0.5395284327323162,
        "Accuracy": 0.6431924882629108,
        "emission": 3.5696461420016283e-09
    },
    "QDA": {
        "AVG-PR": 0.03286384976525822,
        "ROC-AUC": 0.4878640776699029,
        "Accuracy": 0.9436619718309859,
        "emission": 2.029500771484828e-08
    },
    "PLS-DA": {
        "AVG-PR": 0.05875093995394748,
        "ROC-AUC": 0.7087378640776699,
        "Accuracy": 0.9671361502347418,
        "emission": 1.2418600716246682e-07
    },
    "DNN": {
        "AVG-PR": 0.11218915422716208,
        "ROC-AUC": 0.7843273231622746,
        "Accuracy": 0.9671361502347418,
        "emission": 2.0269578239971054e-05
    }
}