{
    "Nearest Neighbors": {
        "AVG-PR": 0.17706011602725216,
        "ROC-AUC": 0.5505050505050505,
        "Accuracy": 0.784037558685446,
        "emission": 1.177259549170716e-08
    },
    "Linear SVM": {
        "AVG-PR": 0.23628484191864474,
        "ROC-AUC": 0.5893939393939394,
        "Accuracy": 0.8497652582159625,
        "emission": 6.6824270137957236e-09
    },
    "RBF SVM": {
        "AVG-PR": 0.15492957746478872,
        "ROC-AUC": 0.5,
        "Accuracy": 0.8450704225352113,
        "emission": 1.823234224996468e-08
    },
    "Gaussian Process": {
        "AVG-PR": 0.15492957746478872,
        "ROC-AUC": 0.5,
        "Accuracy": 0.8450704225352113,
        "emission": 1.5133778229554174e-06
    },
    "Decision Tree": {
        "AVG-PR": 0.19731555477063004,
        "ROC-AUC": 0.5808080808080808,
        "Accuracy": 0.7934272300469484,
        "emission": 1.3065979370573598e-08
    },
    "Random Forest": {
        "AVG-PR": 0.2573623559539052,
        "ROC-AUC": 0.5606060606060606,
        "Accuracy": 0.863849765258216,
        "emission": 7.835147697262925e-07
    },
    "AdaBoost": {
        "AVG-PR": 0.20708165074362256,
        "ROC-AUC": 0.5891414141414141,
        "Accuracy": 0.8075117370892019,
        "emission": 1.1894186817564949e-07
    },
    "Naive Bayes": {
        "AVG-PR": 0.17230252636667026,
        "ROC-AUC": 0.5588383838383839,
        "Accuracy": 0.3380281690140845,
        "emission": 4.764248832551468e-09
    },
    "QDA": {
        "AVG-PR": 0.15492957746478872,
        "ROC-AUC": 0.49444444444444446,
        "Accuracy": 0.8356807511737089,
        "emission": 1.9231451847823497e-08
    },
    "PLS-DA": {
        "AVG-PR": 0.422626978255083,
        "ROC-AUC": 0.6956228956228957,
        "Accuracy": 0.8544600938967136,
        "emission": 1.330398584185553e-07
    },
    "DNN": {
        "AVG-PR": 0.45306491411467087,
        "ROC-AUC": 0.7771043771043772,
        "Accuracy": 0.8028169014084507,
        "emission": 2.165111391319476e-05
    }
}