{
    "Nearest Neighbors": {
        "AVG-PR": 0.04205607476635514,
        "ROC-AUC": 0.5,
        "Accuracy": 0.9579439252336449,
        "emission": 1.3371197110666627e-08
    },
    "Linear SVM": {
        "AVG-PR": 0.04205607476635514,
        "ROC-AUC": 0.5,
        "Accuracy": 0.9579439252336449,
        "emission": 6.7564325086485836e-09
    },
    "RBF SVM": {
        "AVG-PR": 0.04205607476635514,
        "ROC-AUC": 0.5,
        "Accuracy": 0.9579439252336449,
        "emission": 1.7524350856470275e-08
    },
    "Gaussian Process": {
        "AVG-PR": 0.04205607476635514,
        "ROC-AUC": 0.5,
        "Accuracy": 0.9579439252336449,
        "emission": 1.385858902882067e-06
    },
    "Decision Tree": {
        "AVG-PR": 0.0744202146071305,
        "ROC-AUC": 0.5506775067750678,
        "Accuracy": 0.9532710280373832,
        "emission": 1.1883402960082853e-08
    },
    "Random Forest": {
        "AVG-PR": 0.04205607476635514,
        "ROC-AUC": 0.5,
        "Accuracy": 0.9579439252336449,
        "emission": 7.589082931016649e-07
    },
    "AdaBoost": {
        "AVG-PR": 0.04205607476635514,
        "ROC-AUC": 0.4926829268292683,
        "Accuracy": 0.9439252336448598,
        "emission": 1.1906906879564771e-07
    },
    "Naive Bayes": {
        "AVG-PR": 0.04653901679203708,
        "ROC-AUC": 0.5479674796747968,
        "Accuracy": 0.4392523364485981,
        "emission": 3.775663051145414e-09
    },
    "QDA": {
        "AVG-PR": 0.04205607476635514,
        "ROC-AUC": 0.4902439024390244,
        "Accuracy": 0.9392523364485982,
        "emission": 1.6733917165000807e-08
    },
    "PLS-DA": {
        "AVG-PR": 0.08449318719582197,
        "ROC-AUC": 0.6601626016260161,
        "Accuracy": 0.9579439252336449,
        "emission": 1.2598208669785278e-07
    },
    "DNN": {
        "AVG-PR": 0.16588944483430537,
        "ROC-AUC": 0.6915989159891599,
        "Accuracy": 0.9579439252336449,
        "emission": 2.046313730595362e-05
    }
}