{
    "Nearest Neighbors": {
        "AVG-PR": 0.4991989319092123,
        "ROC-AUC": 0.7779422649888971,
        "Accuracy": 0.9439252336448598,
        "emission": 3.779373453344274e-08
    },
    "Linear SVM": {
        "AVG-PR": 0.458293597812957,
        "ROC-AUC": 0.7541327411793731,
        "Accuracy": 0.9392523364485982,
        "emission": 5.630291446908426e-09
    },
    "RBF SVM": {
        "AVG-PR": 0.09813084112149532,
        "ROC-AUC": 0.5,
        "Accuracy": 0.9018691588785047,
        "emission": 2.002861255725167e-08
    },
    "Gaussian Process": {
        "AVG-PR": 0.09813084112149532,
        "ROC-AUC": 0.5,
        "Accuracy": 0.9018691588785047,
        "emission": 1.4227512212723068e-06
    },
    "Decision Tree": {
        "AVG-PR": 0.4230084557187361,
        "ROC-AUC": 0.7701702442635084,
        "Accuracy": 0.9299065420560748,
        "emission": 1.0846530654701934e-08
    },
    "Random Forest": {
        "AVG-PR": 0.2699154428126391,
        "ROC-AUC": 0.5952380952380952,
        "Accuracy": 0.9205607476635514,
        "emission": 7.880384410694197e-07
    },
    "AdaBoost": {
        "AVG-PR": 0.25908228515213266,
        "ROC-AUC": 0.688378978534419,
        "Accuracy": 0.897196261682243,
        "emission": 1.2693166828883186e-07
    },
    "Naive Bayes": {
        "AVG-PR": 0.1180733975833324,
        "ROC-AUC": 0.5877128053293856,
        "Accuracy": 0.48598130841121495,
        "emission": 5.487837459232168e-09
    },
    "QDA": {
        "AVG-PR": 0.09813084112149532,
        "ROC-AUC": 0.5,
        "Accuracy": 0.9018691588785047,
        "emission": 1.945391926544932e-08
    },
    "PLS-DA": {
        "AVG-PR": 0.7087586429767523,
        "ROC-AUC": 0.9143844066123858,
        "Accuracy": 0.9392523364485982,
        "emission": 1.3103619209257966e-07
    },
    "DNN": {
        "AVG-PR": 0.5939265026606291,
        "ROC-AUC": 0.8707130520602023,
        "Accuracy": 0.9205607476635514,
        "emission": 2.0487002055810185e-05
    }
}