{
    "Nearest Neighbors": {
        "AVG-PR": 0.3965002134016219,
        "ROC-AUC": 0.6818181818181819,
        "Accuracy": 0.9671361502347418,
        "emission": 1.4425237030495537e-08
    },
    "Linear SVM": {
        "AVG-PR": 0.32377294067434914,
        "ROC-AUC": 0.6793429342934294,
        "Accuracy": 0.9624413145539906,
        "emission": 5.2015063521776785e-09
    },
    "RBF SVM": {
        "AVG-PR": 0.051643192488262914,
        "ROC-AUC": 0.5,
        "Accuracy": 0.9483568075117371,
        "emission": 1.8697359208014312e-08
    },
    "Gaussian Process": {
        "AVG-PR": 0.051643192488262914,
        "ROC-AUC": 0.5,
        "Accuracy": 0.9483568075117371,
        "emission": 9.58005096540229e-07
    },
    "Decision Tree": {
        "AVG-PR": 0.0856870276919987,
        "ROC-AUC": 0.6017101710171017,
        "Accuracy": 0.8967136150234741,
        "emission": 1.2922763888478455e-08
    },
    "Random Forest": {
        "AVG-PR": 0.051643192488262914,
        "ROC-AUC": 0.5,
        "Accuracy": 0.9483568075117371,
        "emission": 7.53364061311013e-07
    },
    "AdaBoost": {
        "AVG-PR": 0.21468203158344004,
        "ROC-AUC": 0.671917191719172,
        "Accuracy": 0.9483568075117371,
        "emission": 1.1972562059570286e-07
    },
    "Naive Bayes": {
        "AVG-PR": 0.07310306777843707,
        "ROC-AUC": 0.6325382538253825,
        "Accuracy": 0.6291079812206573,
        "emission": 4.308539958089421e-09
    },
    "QDA": {
        "AVG-PR": 0.051643192488262914,
        "ROC-AUC": 0.49257425742574257,
        "Accuracy": 0.9342723004694836,
        "emission": 1.8818174940249313e-08
    },
    "PLS-DA": {
        "AVG-PR": 0.6235965647255971,
        "ROC-AUC": 0.9383438343834384,
        "Accuracy": 0.9483568075117371,
        "emission": 1.3175613053327122e-07
    },
    "DNN": {
        "AVG-PR": 0.4699087708827968,
        "ROC-AUC": 0.9081908190819081,
        "Accuracy": 0.9530516431924883,
        "emission": 2.083288378642596e-05
    }
}