{
    "Nearest Neighbors": {
        "AVG-PR": 0.4728903243540407,
        "ROC-AUC": 0.8108390564347567,
        "Accuracy": 0.9485981308411215,
        "emission": 1.312463396408129e-08
    },
    "Linear SVM": {
        "AVG-PR": 0.5527762506871907,
        "ROC-AUC": 0.8427888922066289,
        "Accuracy": 0.9579439252336449,
        "emission": 5.948330376643833e-09
    },
    "RBF SVM": {
        "AVG-PR": 0.0794392523364486,
        "ROC-AUC": 0.5,
        "Accuracy": 0.9205607476635514,
        "emission": 1.966359157253982e-08
    },
    "Gaussian Process": {
        "AVG-PR": 0.5755486953947647,
        "ROC-AUC": 0.8184532696327261,
        "Accuracy": 0.9626168224299065,
        "emission": 2.2727067471504884e-06
    },
    "Decision Tree": {
        "AVG-PR": 0.3109636377915652,
        "ROC-AUC": 0.7200656912511197,
        "Accuracy": 0.9299065420560748,
        "emission": 1.0447073022264166e-08
    },
    "Random Forest": {
        "AVG-PR": 0.24898295766904893,
        "ROC-AUC": 0.6151089877575395,
        "Accuracy": 0.9345794392523364,
        "emission": 7.880870486666467e-07
    },
    "AdaBoost": {
        "AVG-PR": 0.40389901467416583,
        "ROC-AUC": 0.7545535980889817,
        "Accuracy": 0.9439252336448598,
        "emission": 1.3108883735711164e-07
    },
    "Naive Bayes": {
        "AVG-PR": 0.1279396493800012,
        "ROC-AUC": 0.6778142729172888,
        "Accuracy": 0.6542056074766355,
        "emission": 7.08341014014289e-09
    },
    "QDA": {
        "AVG-PR": 0.0794392523364486,
        "ROC-AUC": 0.49238578680203043,
        "Accuracy": 0.9065420560747663,
        "emission": 5.8488648034418623e-08
    },
    "PLS-DA": {
        "AVG-PR": 0.7128956156900225,
        "ROC-AUC": 0.9008659301283964,
        "Accuracy": 0.9439252336448598,
        "emission": 1.2802581785579755e-07
    },
    "DNN": {
        "AVG-PR": 0.7108446148238535,
        "ROC-AUC": 0.9047476858763811,
        "Accuracy": 0.9626168224299065,
        "emission": 2.1009060916092247e-05
    }
}