{
    "Nearest Neighbors": {
        "AVG-PR": 0.22501298026998962,
        "ROC-AUC": 0.6461489898989898,
        "Accuracy": 0.9299065420560748,
        "emission": 1.3458919230907464e-08
    },
    "Linear SVM": {
        "AVG-PR": 0.07476635514018691,
        "ROC-AUC": 0.5,
        "Accuracy": 0.9252336448598131,
        "emission": 7.1507789958398255e-09
    },
    "RBF SVM": {
        "AVG-PR": 0.07476635514018691,
        "ROC-AUC": 0.5,
        "Accuracy": 0.9252336448598131,
        "emission": 1.9943454738563385e-08
    },
    "Gaussian Process": {
        "AVG-PR": 0.07476635514018691,
        "ROC-AUC": 0.5,
        "Accuracy": 0.9252336448598131,
        "emission": 2.8781506321387596e-06
    },
    "Decision Tree": {
        "AVG-PR": 0.1671858774662513,
        "ROC-AUC": 0.6123737373737373,
        "Accuracy": 0.9205607476635514,
        "emission": 1.3051551834575896e-08
    },
    "Random Forest": {
        "AVG-PR": 0.07476635514018691,
        "ROC-AUC": 0.5,
        "Accuracy": 0.9252336448598131,
        "emission": 7.566807644518064e-07
    },
    "AdaBoost": {
        "AVG-PR": 0.23422897196261683,
        "ROC-AUC": 0.672348484848485,
        "Accuracy": 0.9252336448598131,
        "emission": 1.1744667953305547e-07
    },
    "Naive Bayes": {
        "AVG-PR": 0.08938675261794843,
        "ROC-AUC": 0.5874368686868687,
        "Accuracy": 0.2897196261682243,
        "emission": 4.978058197074799e-09
    },
    "QDA": {
        "AVG-PR": 0.07476635514018691,
        "ROC-AUC": 0.5,
        "Accuracy": 0.9252336448598131,
        "emission": 1.8184887814209363e-08
    },
    "PLS-DA": {
        "AVG-PR": 0.4805366277554872,
        "ROC-AUC": 0.797979797979798,
        "Accuracy": 0.9299065420560748,
        "emission": 1.2105169074340819e-07
    },
    "DNN": {
        "AVG-PR": 0.5411957338794782,
        "ROC-AUC": 0.8371212121212122,
        "Accuracy": 0.9392523364485982,
        "emission": 2.067449850256708e-05
    }
}