{
    "Nearest Neighbors": {
        "AVG-PR": 0.05674044265593561,
        "ROC-AUC": 0.5617198335644937,
        "Accuracy": 0.9530516431924883,
        "emission": 1.3327097968850352e-08
    },
    "Linear SVM": {
        "AVG-PR": 0.03286384976525822,
        "ROC-AUC": 0.5,
        "Accuracy": 0.9671361502347418,
        "emission": 5.1531918018388744e-09
    },
    "RBF SVM": {
        "AVG-PR": 0.03286384976525822,
        "ROC-AUC": 0.5,
        "Accuracy": 0.9671361502347418,
        "emission": 1.675041455719174e-08
    },
    "Gaussian Process": {
        "AVG-PR": 0.03286384976525822,
        "ROC-AUC": 0.5,
        "Accuracy": 0.9671361502347418,
        "emission": 2.922004663487845e-06
    },
    "Decision Tree": {
        "AVG-PR": 0.03286384976525822,
        "ROC-AUC": 0.5,
        "Accuracy": 0.9671361502347418,
        "emission": 9.142067323843392e-09
    },
    "Random Forest": {
        "AVG-PR": 0.03286384976525822,
        "ROC-AUC": 0.5,
        "Accuracy": 0.9671361502347418,
        "emission": 7.412037848149693e-07
    },
    "AdaBoost": {
        "AVG-PR": 0.06388329979879276,
        "ROC-AUC": 0.5641470180305131,
        "Accuracy": 0.9577464788732394,
        "emission": 1.1444316310156916e-07
    },
    "Naive Bayes": {
        "AVG-PR": 0.031196186125763595,
        "ROC-AUC": 0.4680998613037447,
        "Accuracy": 0.6384976525821596,
        "emission": 4.860356999192045e-09
    },
    "QDA": {
        "AVG-PR": 0.06388329979879276,
        "ROC-AUC": 0.5641470180305131,
        "Accuracy": 0.9577464788732394,
        "emission": 1.6979578446540012e-08
    },
    "PLS-DA": {
        "AVG-PR": 0.09528362261929499,
        "ROC-AUC": 0.5617198335644937,
        "Accuracy": 0.9671361502347418,
        "emission": 1.2732570964809994e-07
    },
    "DNN": {
        "AVG-PR": 0.1285003688584461,
        "ROC-AUC": 0.4791955617198336,
        "Accuracy": 0.9577464788732394,
        "emission": 2.0695099915777113e-05
    }
}