{
    "Nearest Neighbors": {
        "AVG-PR": 0.04672897196261682,
        "ROC-AUC": 0.5,
        "Accuracy": 0.9532710280373832,
        "emission": 1.5192346630736866e-08
    },
    "Linear SVM": {
        "AVG-PR": 0.04672897196261682,
        "ROC-AUC": 0.5,
        "Accuracy": 0.9532710280373832,
        "emission": 5.314234061821279e-09
    },
    "RBF SVM": {
        "AVG-PR": 0.04672897196261682,
        "ROC-AUC": 0.5,
        "Accuracy": 0.9532710280373832,
        "emission": 1.816116165812513e-08
    },
    "Gaussian Process": {
        "AVG-PR": 0.04672897196261682,
        "ROC-AUC": 0.5,
        "Accuracy": 0.9532710280373832,
        "emission": 2.2242202785545778e-06
    },
    "Decision Tree": {
        "AVG-PR": 0.08738317757009345,
        "ROC-AUC": 0.5852941176470587,
        "Accuracy": 0.9345794392523364,
        "emission": 1.1888909433958822e-08
    },
    "Random Forest": {
        "AVG-PR": 0.04672897196261682,
        "ROC-AUC": 0.5,
        "Accuracy": 0.9532710280373832,
        "emission": 7.787636622154539e-07
    },
    "AdaBoost": {
        "AVG-PR": 0.04672897196261682,
        "ROC-AUC": 0.4950980392156863,
        "Accuracy": 0.9439252336448598,
        "emission": 1.2083301018215453e-07
    },
    "Naive Bayes": {
        "AVG-PR": 0.05083444592790387,
        "ROC-AUC": 0.5401960784313725,
        "Accuracy": 0.48598130841121495,
        "emission": 4.627674790551465e-09
    },
    "QDA": {
        "AVG-PR": 0.14205607476635515,
        "ROC-AUC": 0.55,
        "Accuracy": 0.9579439252336449,
        "emission": 1.7361152393305963e-08
    },
    "PLS-DA": {
        "AVG-PR": 0.12202118181690072,
        "ROC-AUC": 0.736764705882353,
        "Accuracy": 0.9532710280373832,
        "emission": 1.2565132346177708e-07
    },
    "DNN": {
        "AVG-PR": 0.30886204214032803,
        "ROC-AUC": 0.6882352941176471,
        "Accuracy": 0.9532710280373832,
        "emission": 2.0175168030001557e-05
    }
}