{
    "Nearest Neighbors": {
        "AVG-PR": 0.06830985915492957,
        "ROC-AUC": 0.5317164179104478,
        "Accuracy": 0.9295774647887324,
        "emission": 1.544583325184712e-08
    },
    "Linear SVM": {
        "AVG-PR": 0.056338028169014086,
        "ROC-AUC": 0.5,
        "Accuracy": 0.9436619718309859,
        "emission": 5.865697567940763e-09
    },
    "RBF SVM": {
        "AVG-PR": 0.056338028169014086,
        "ROC-AUC": 0.5,
        "Accuracy": 0.9436619718309859,
        "emission": 1.8007605101973643e-08
    },
    "Gaussian Process": {
        "AVG-PR": 0.056338028169014086,
        "ROC-AUC": 0.5,
        "Accuracy": 0.9436619718309859,
        "emission": 2.0163403894062907e-06
    },
    "Decision Tree": {
        "AVG-PR": 0.08028169014084507,
        "ROC-AUC": 0.5634328358208955,
        "Accuracy": 0.9154929577464789,
        "emission": 1.0132297433715567e-08
    },
    "Random Forest": {
        "AVG-PR": 0.056338028169014086,
        "ROC-AUC": 0.5,
        "Accuracy": 0.9436619718309859,
        "emission": 1.248520072222259e-06
    },
    "AdaBoost": {
        "AVG-PR": 0.056338028169014086,
        "ROC-AUC": 0.48009950248756217,
        "Accuracy": 0.9061032863849765,
        "emission": 1.1646579575263597e-07
    },
    "Naive Bayes": {
        "AVG-PR": 0.05106977744328567,
        "ROC-AUC": 0.43905472636815923,
        "Accuracy": 0.38497652582159625,
        "emission": 3.6832554638320345e-09
    },
    "QDA": {
        "AVG-PR": 0.056338028169014086,
        "ROC-AUC": 0.48756218905472637,
        "Accuracy": 0.92018779342723,
        "emission": 2.1602276079722188e-08
    },
    "PLS-DA": {
        "AVG-PR": 0.09773020309872804,
        "ROC-AUC": 0.6886401326699835,
        "Accuracy": 0.9436619718309859,
        "emission": 1.3527508538065546e-07
    },
    "DNN": {
        "AVG-PR": 0.04873071825350734,
        "ROC-AUC": 0.38971807628524047,
        "Accuracy": 0.9436619718309859,
        "emission": 2.0238802785082803e-05
    }
}