{
    "Nearest Neighbors": {
        "AVG-PR": 0.27754177286887566,
        "ROC-AUC": 0.6563039723661486,
        "Accuracy": 0.9158878504672897,
        "emission": 1.4452597574173224e-08
    },
    "Linear SVM": {
        "AVG-PR": 0.19381397418780594,
        "ROC-AUC": 0.6060942511719714,
        "Accuracy": 0.9018691588785047,
        "emission": 5.692857988898023e-09
    },
    "RBF SVM": {
        "AVG-PR": 0.09813084112149532,
        "ROC-AUC": 0.5,
        "Accuracy": 0.9018691588785047,
        "emission": 2.079032469795846e-08
    },
    "Gaussian Process": {
        "AVG-PR": 0.09813084112149532,
        "ROC-AUC": 0.5,
        "Accuracy": 0.9018691588785047,
        "emission": 9.981746861709398e-07
    },
    "Decision Tree": {
        "AVG-PR": 0.24152202937249662,
        "ROC-AUC": 0.6324944485566247,
        "Accuracy": 0.9112149532710281,
        "emission": 1.039062071845288e-08
    },
    "Random Forest": {
        "AVG-PR": 0.11726746773475745,
        "ROC-AUC": 0.5212188502343943,
        "Accuracy": 0.9018691588785047,
        "emission": 7.44563584878766e-07
    },
    "AdaBoost": {
        "AVG-PR": 0.23139944167981552,
        "ROC-AUC": 0.6806069578090304,
        "Accuracy": 0.883177570093458,
        "emission": 1.1334262937488319e-07
    },
    "Naive Bayes": {
        "AVG-PR": 0.10312045235501459,
        "ROC-AUC": 0.5265235627929928,
        "Accuracy": 0.29906542056074764,
        "emission": 4.146910015119017e-09
    },
    "QDA": {
        "AVG-PR": 0.09813084112149532,
        "ROC-AUC": 0.4948186528497409,
        "Accuracy": 0.8925233644859814,
        "emission": 1.896127533747621e-08
    },
    "PLS-DA": {
        "AVG-PR": 0.4231956834418536,
        "ROC-AUC": 0.838391315075253,
        "Accuracy": 0.9018691588785047,
        "emission": 1.299719071924668e-07
    },
    "DNN": {
        "AVG-PR": 0.4557461648616996,
        "ROC-AUC": 0.8746607451270664,
        "Accuracy": 0.8925233644859814,
        "emission": 2.0372275929200167e-05
    }
}