{
    "Nearest Neighbors": {
        "AVG-PR": 0.4025678499544889,
        "ROC-AUC": 0.7668845315904139,
        "Accuracy": 0.897196261682243,
        "emission": 1.3227827144336284e-08
    },
    "Linear SVM": {
        "AVG-PR": 0.3783835237106265,
        "ROC-AUC": 0.7220241632006337,
        "Accuracy": 0.9018691588785047,
        "emission": 6.073219412854094e-09
    },
    "RBF SVM": {
        "AVG-PR": 0.1261682242990654,
        "ROC-AUC": 0.5,
        "Accuracy": 0.8738317757009346,
        "emission": 1.6723771554608826e-08
    },
    "Gaussian Process": {
        "AVG-PR": 0.1261682242990654,
        "ROC-AUC": 0.5,
        "Accuracy": 0.8738317757009346,
        "emission": 1.1584334005310135e-06
    },
    "Decision Tree": {
        "AVG-PR": 0.28342679127725856,
        "ROC-AUC": 0.6874628639334521,
        "Accuracy": 0.8691588785046729,
        "emission": 1.23982286449562e-08
    },
    "Random Forest": {
        "AVG-PR": 0.1908965039806161,
        "ROC-AUC": 0.537037037037037,
        "Accuracy": 0.883177570093458,
        "emission": 7.565080950244349e-07
    },
    "AdaBoost": {
        "AVG-PR": 0.34993234525944805,
        "ROC-AUC": 0.7166765696177461,
        "Accuracy": 0.8925233644859814,
        "emission": 1.1473162392467373e-07
    },
    "Naive Bayes": {
        "AVG-PR": 0.14238112857728283,
        "ROC-AUC": 0.5645672410378293,
        "Accuracy": 0.29439252336448596,
        "emission": 4.775995980814243e-09
    },
    "QDA": {
        "AVG-PR": 0.14001384562132224,
        "ROC-AUC": 0.5158447217270746,
        "Accuracy": 0.8738317757009346,
        "emission": 2.0210111495679045e-08
    },
    "PLS-DA": {
        "AVG-PR": 0.6153554314451748,
        "ROC-AUC": 0.8203604674192909,
        "Accuracy": 0.9112149532710281,
        "emission": 1.385031196723263e-07
    },
    "DNN": {
        "AVG-PR": 0.6290270369585197,
        "ROC-AUC": 0.8613586848880966,
        "Accuracy": 0.9112149532710281,
        "emission": 2.0185515557754912e-05
    }
}