{
    "Nearest Neighbors": {
        "AVG-PR": 0.14849428868120457,
        "ROC-AUC": 0.5555555555555556,
        "Accuracy": 0.9626168224299065,
        "emission": 1.396071555780717e-08
    },
    "Linear SVM": {
        "AVG-PR": 0.254932502596054,
        "ROC-AUC": 0.6111111111111112,
        "Accuracy": 0.9672897196261683,
        "emission": 5.127532433619052e-09
    },
    "RBF SVM": {
        "AVG-PR": 0.04205607476635514,
        "ROC-AUC": 0.5,
        "Accuracy": 0.9579439252336449,
        "emission": 1.6625072515462838e-08
    },
    "Gaussian Process": {
        "AVG-PR": 0.04205607476635514,
        "ROC-AUC": 0.5,
        "Accuracy": 0.9579439252336449,
        "emission": 2.6021653468534413e-06
    },
    "Decision Tree": {
        "AVG-PR": 0.14849428868120457,
        "ROC-AUC": 0.5555555555555556,
        "Accuracy": 0.9626168224299065,
        "emission": 1.1648730852767439e-08
    },
    "Random Forest": {
        "AVG-PR": 0.04205607476635514,
        "ROC-AUC": 0.5,
        "Accuracy": 0.9579439252336449,
        "emission": 7.317242420256255e-07
    },
    "AdaBoost": {
        "AVG-PR": 0.3613707165109034,
        "ROC-AUC": 0.6666666666666666,
        "Accuracy": 0.9719626168224299,
        "emission": 1.1312385772731944e-07
    },
    "Naive Bayes": {
        "AVG-PR": 0.04416641543563461,
        "ROC-AUC": 0.5227642276422764,
        "Accuracy": 0.6962616822429907,
        "emission": 3.776287799566162e-09
    },
    "QDA": {
        "AVG-PR": 0.04205607476635514,
        "ROC-AUC": 0.4926829268292683,
        "Accuracy": 0.9439252336448598,
        "emission": 1.7506825745341963e-08
    },
    "PLS-DA": {
        "AVG-PR": 0.20319021884731148,
        "ROC-AUC": 0.6466124661246612,
        "Accuracy": 0.9579439252336449,
        "emission": 1.2192586457087642e-07
    },
    "DNN": {
        "AVG-PR": 0.3110739790430014,
        "ROC-AUC": 0.7853658536585366,
        "Accuracy": 0.9626168224299065,
        "emission": 1.9910261487480094e-05
    }
}