{
    "Nearest Neighbors": {
        "AVG-PR": 0.3482628763002595,
        "ROC-AUC": 0.6665903191326921,
        "Accuracy": 0.8551401869158879,
        "emission": 1.7627477276534654e-08
    },
    "Linear SVM": {
        "AVG-PR": 0.28733406303499764,
        "ROC-AUC": 0.5889448770804703,
        "Accuracy": 0.8504672897196262,
        "emission": 8.734805338017043e-09
    },
    "RBF SVM": {
        "AVG-PR": 0.19525132609244758,
        "ROC-AUC": 0.5135135135135135,
        "Accuracy": 0.8317757009345794,
        "emission": 1.856990071726712e-08
    },
    "Gaussian Process": {
        "AVG-PR": 0.2505472762482108,
        "ROC-AUC": 0.5804703008092839,
        "Accuracy": 0.8364485981308412,
        "emission": 4.248748297809049e-06
    },
    "Decision Tree": {
        "AVG-PR": 0.353818304285594,
        "ROC-AUC": 0.6930065658879219,
        "Accuracy": 0.8457943925233645,
        "emission": 1.2174109216436375e-08
    },
    "Random Forest": {
        "AVG-PR": 0.17289719626168223,
        "ROC-AUC": 0.5,
        "Accuracy": 0.8271028037383178,
        "emission": 7.540096115811508e-07
    },
    "AdaBoost": {
        "AVG-PR": 0.22200050517807526,
        "ROC-AUC": 0.5742098030233623,
        "Accuracy": 0.8084112149532711,
        "emission": 1.1559895919372105e-07
    },
    "Naive Bayes": {
        "AVG-PR": 0.176268771482279,
        "ROC-AUC": 0.5115284776301725,
        "Accuracy": 0.2803738317757009,
        "emission": 4.860724877449538e-09
    },
    "QDA": {
        "AVG-PR": 0.17289719626168223,
        "ROC-AUC": 0.5,
        "Accuracy": 0.8271028037383178,
        "emission": 1.9392329758503666e-08
    },
    "PLS-DA": {
        "AVG-PR": 0.4601021935812206,
        "ROC-AUC": 0.7744693846388762,
        "Accuracy": 0.8457943925233645,
        "emission": 9.671061706067727e-08
    },
    "DNN": {
        "AVG-PR": 0.474011044370521,
        "ROC-AUC": 0.7677508016491068,
        "Accuracy": 0.8271028037383178,
        "emission": 2.0946388744193895e-05
    }
}