{
    "Nearest Neighbors": {
        "AVG-PR": 0.31503272919898595,
        "ROC-AUC": 0.6902618657937808,
        "Accuracy": 0.8925233644859814,
        "emission": 1.7736770612045902e-08
    },
    "Linear SVM": {
        "AVG-PR": 0.39527917565300746,
        "ROC-AUC": 0.686988543371522,
        "Accuracy": 0.9158878504672897,
        "emission": 6.017916002997477e-09
    },
    "RBF SVM": {
        "AVG-PR": 0.1552839683680805,
        "ROC-AUC": 0.5192307692307693,
        "Accuracy": 0.883177570093458,
        "emission": 1.6526006840903427e-08
    },
    "Gaussian Process": {
        "AVG-PR": 0.12149532710280374,
        "ROC-AUC": 0.5,
        "Accuracy": 0.8785046728971962,
        "emission": 1.0510860029628808e-06
    },
    "Decision Tree": {
        "AVG-PR": 0.2337554609301554,
        "ROC-AUC": 0.618657937806874,
        "Accuracy": 0.883177570093458,
        "emission": 1.0084944913975173e-08
    },
    "Random Forest": {
        "AVG-PR": 0.1552839683680805,
        "ROC-AUC": 0.5192307692307693,
        "Accuracy": 0.883177570093458,
        "emission": 7.373535021520539e-07
    },
    "AdaBoost": {
        "AVG-PR": 0.3291568244839273,
        "ROC-AUC": 0.7068330605564649,
        "Accuracy": 0.8925233644859814,
        "emission": 1.1153604417653865e-07
    },
    "Naive Bayes": {
        "AVG-PR": 0.14443022215987797,
        "ROC-AUC": 0.5891980360065466,
        "Accuracy": 0.3364485981308411,
        "emission": 3.819265636415402e-09
    },
    "QDA": {
        "AVG-PR": 0.12149532710280374,
        "ROC-AUC": 0.4920212765957447,
        "Accuracy": 0.8644859813084113,
        "emission": 3.742062743768346e-08
    },
    "PLS-DA": {
        "AVG-PR": 0.6052130963134847,
        "ROC-AUC": 0.8277414075286416,
        "Accuracy": 0.897196261682243,
        "emission": 1.2671675548113212e-07
    },
    "DNN": {
        "AVG-PR": 0.4941936204930821,
        "ROC-AUC": 0.824468085106383,
        "Accuracy": 0.9018691588785047,
        "emission": 1.9498283561758078e-05
    }
}