{
    "Nearest Neighbors": {
        "AVG-PR": 0.29714619492656874,
        "ROC-AUC": 0.6961509992598076,
        "Accuracy": 0.9112149532710281,
        "emission": 1.6579326115800998e-08
    },
    "Linear SVM": {
        "AVG-PR": 0.2829655226576612,
        "ROC-AUC": 0.693560325684678,
        "Accuracy": 0.9065420560747663,
        "emission": 5.392231889610292e-09
    },
    "RBF SVM": {
        "AVG-PR": 0.09813084112149532,
        "ROC-AUC": 0.5,
        "Accuracy": 0.9018691588785047,
        "emission": 1.701252487783002e-08
    },
    "Gaussian Process": {
        "AVG-PR": 0.31471591751965583,
        "ROC-AUC": 0.6801134961756724,
        "Accuracy": 0.9205607476635514,
        "emission": 5.437333879268818e-06
    },
    "Decision Tree": {
        "AVG-PR": 0.21312861593235427,
        "ROC-AUC": 0.6593881075746361,
        "Accuracy": 0.883177570093458,
        "emission": 9.887576640548413e-09
    },
    "Random Forest": {
        "AVG-PR": 0.09813084112149532,
        "ROC-AUC": 0.5,
        "Accuracy": 0.9018691588785047,
        "emission": 7.462841254046923e-07
    },
    "AdaBoost": {
        "AVG-PR": 0.30863373386737875,
        "ROC-AUC": 0.733407352578337,
        "Accuracy": 0.9018691588785047,
        "emission": 1.1277998933206083e-07
    },
    "Naive Bayes": {
        "AVG-PR": 0.11355786209569749,
        "ROC-AUC": 0.5736491487786824,
        "Accuracy": 0.34579439252336447,
        "emission": 4.1343731859172805e-09
    },
    "QDA": {
        "AVG-PR": 0.09813084112149532,
        "ROC-AUC": 0.5,
        "Accuracy": 0.9018691588785047,
        "emission": 1.7744753971594206e-08
    },
    "PLS-DA": {
        "AVG-PR": 0.4479179074316807,
        "ROC-AUC": 0.843819393042191,
        "Accuracy": 0.9112149532710281,
        "emission": 8.897306167399948e-08
    },
    "DNN": {
        "AVG-PR": 0.5422527127624464,
        "ROC-AUC": 0.8573895879595361,
        "Accuracy": 0.9158878504672897,
        "emission": 1.9432692252138502e-05
    }
}