{
    "Nearest Neighbors": {
        "AVG-PR": 0.22274143302180682,
        "ROC-AUC": 0.619949494949495,
        "Accuracy": 0.9345794392523364,
        "emission": 1.6624691879101534e-08
    },
    "Linear SVM": {
        "AVG-PR": 0.20137266355140188,
        "ROC-AUC": 0.5912247474747475,
        "Accuracy": 0.9345794392523364,
        "emission": 5.326997739641491e-09
    },
    "RBF SVM": {
        "AVG-PR": 0.13259345794392524,
        "ROC-AUC": 0.53125,
        "Accuracy": 0.9299065420560748,
        "emission": 1.6910167874983295e-08
    },
    "Gaussian Process": {
        "AVG-PR": 0.07476635514018691,
        "ROC-AUC": 0.5,
        "Accuracy": 0.9252336448598131,
        "emission": 1.663718572114422e-06
    },
    "Decision Tree": {
        "AVG-PR": 0.19122933141624732,
        "ROC-AUC": 0.7045454545454545,
        "Accuracy": 0.8785046728971962,
        "emission": 1.1130960012348568e-08
    },
    "Random Forest": {
        "AVG-PR": 0.07476635514018691,
        "ROC-AUC": 0.5,
        "Accuracy": 0.9252336448598131,
        "emission": 7.12705115408987e-07
    },
    "AdaBoost": {
        "AVG-PR": 0.20324028529267094,
        "ROC-AUC": 0.6884469696969698,
        "Accuracy": 0.9018691588785047,
        "emission": 1.0846200194201714e-07
    },
    "Naive Bayes": {
        "AVG-PR": 0.08938675261794843,
        "ROC-AUC": 0.5874368686868687,
        "Accuracy": 0.2897196261682243,
        "emission": 3.3442066879448478e-09
    },
    "QDA": {
        "AVG-PR": 0.07476635514018691,
        "ROC-AUC": 0.4595959595959596,
        "Accuracy": 0.8504672897196262,
        "emission": 3.2316889406384423e-08
    },
    "PLS-DA": {
        "AVG-PR": 0.44515350426263056,
        "ROC-AUC": 0.9176136363636364,
        "Accuracy": 0.9112149532710281,
        "emission": 1.1888959071207017e-07
    },
    "DNN": {
        "AVG-PR": 0.552467166274804,
        "ROC-AUC": 0.9179292929292929,
        "Accuracy": 0.9439252336448598,
        "emission": 1.9301791507935403e-05
    }
}