{
    "Nearest Neighbors": {
        "AVG-PR": 0.24552485864119766,
        "ROC-AUC": 0.6399813606710159,
        "Accuracy": 0.8551401869158879,
        "emission": 1.272669228835651e-08
    },
    "Linear SVM": {
        "AVG-PR": 0.28203888709850683,
        "ROC-AUC": 0.6271202236719479,
        "Accuracy": 0.883177570093458,
        "emission": 6.164874755251687e-09
    },
    "RBF SVM": {
        "AVG-PR": 0.13551401869158877,
        "ROC-AUC": 0.5,
        "Accuracy": 0.8644859813084113,
        "emission": 1.9637317895253356e-08
    },
    "Gaussian Process": {
        "AVG-PR": 0.26264904930712213,
        "ROC-AUC": 0.5980428704566635,
        "Accuracy": 0.883177570093458,
        "emission": 3.757824413039198e-06
    },
    "Decision Tree": {
        "AVG-PR": 0.21428329121223944,
        "ROC-AUC": 0.6082013047530289,
        "Accuracy": 0.8504672897196262,
        "emission": 1.0226984800998327e-08
    },
    "Random Forest": {
        "AVG-PR": 0.16532388011601673,
        "ROC-AUC": 0.5172413793103449,
        "Accuracy": 0.8691588785046729,
        "emission": 7.485662536220578e-07
    },
    "AdaBoost": {
        "AVG-PR": 0.24525727790310453,
        "ROC-AUC": 0.6190121155638397,
        "Accuracy": 0.8691588785046729,
        "emission": 1.113406264484339e-07
    },
    "Naive Bayes": {
        "AVG-PR": 0.16732416904664008,
        "ROC-AUC": 0.6067101584342963,
        "Accuracy": 0.4205607476635514,
        "emission": 5.7249516838369375e-09
    },
    "QDA": {
        "AVG-PR": 0.13551401869158877,
        "ROC-AUC": 0.4972972972972973,
        "Accuracy": 0.8598130841121495,
        "emission": 1.9705821551333607e-08
    },
    "PLS-DA": {
        "AVG-PR": 0.3812996559820342,
        "ROC-AUC": 0.7547064305684995,
        "Accuracy": 0.8598130841121495,
        "emission": 9.790734088875119e-08
    },
    "DNN": {
        "AVG-PR": 0.5255799136645724,
        "ROC-AUC": 0.774650512581547,
        "Accuracy": 0.8878504672897196,
        "emission": 2.0019911108313387e-05
    }
}