{
    "Nearest Neighbors": {
        "AVG-PR": 0.22986637775370172,
        "ROC-AUC": 0.6798076923076922,
        "Accuracy": 0.9389671361502347,
        "emission": 1.3076820006775196e-08
    },
    "Linear SVM": {
        "AVG-PR": 0.07556879739978331,
        "ROC-AUC": 0.5309615384615384,
        "Accuracy": 0.9295774647887324,
        "emission": 5.799055746788854e-09
    },
    "RBF SVM": {
        "AVG-PR": 0.06103286384976526,
        "ROC-AUC": 0.5,
        "Accuracy": 0.9389671361502347,
        "emission": 1.7584503916096327e-08
    },
    "Gaussian Process": {
        "AVG-PR": 0.12856626941133983,
        "ROC-AUC": 0.5719230769230769,
        "Accuracy": 0.9389671361502347,
        "emission": 5.676893162721695e-06
    },
    "Decision Tree": {
        "AVG-PR": 0.19609967497291442,
        "ROC-AUC": 0.6438461538461538,
        "Accuracy": 0.9389671361502347,
        "emission": 1.1063446302424754e-08
    },
    "Random Forest": {
        "AVG-PR": 0.06103286384976526,
        "ROC-AUC": 0.5,
        "Accuracy": 0.9389671361502347,
        "emission": 7.172974417062935e-07
    },
    "AdaBoost": {
        "AVG-PR": 0.3516793066088841,
        "ROC-AUC": 0.7901923076923076,
        "Accuracy": 0.9436619718309859,
        "emission": 1.180456253964722e-07
    },
    "Naive Bayes": {
        "AVG-PR": 0.0948905109489051,
        "ROC-AUC": 0.69,
        "Accuracy": 0.41784037558685444,
        "emission": 4.4625833282336905e-09
    },
    "QDA": {
        "AVG-PR": 0.06103286384976526,
        "ROC-AUC": 0.4925,
        "Accuracy": 0.9248826291079812,
        "emission": 2.7966936642887605e-08
    },
    "PLS-DA": {
        "AVG-PR": 0.30160272123159537,
        "ROC-AUC": 0.8061538461538462,
        "Accuracy": 0.9389671361502347,
        "emission": 9.004948191363266e-08
    },
    "DNN": {
        "AVG-PR": 0.5266399429763384,
        "ROC-AUC": 0.9165384615384615,
        "Accuracy": 0.9389671361502347,
        "emission": 1.9739905203893794e-05
    }
}