{
    "Nearest Neighbors": {
        "AVG-PR": 0.04205607476635514,
        "ROC-AUC": 0.5,
        "Accuracy": 0.9579439252336449,
        "emission": 1.4228227755224665e-08
    },
    "Linear SVM": {
        "AVG-PR": 0.04205607476635514,
        "ROC-AUC": 0.4975609756097561,
        "Accuracy": 0.9532710280373832,
        "emission": 7.19384824706058e-09
    },
    "RBF SVM": {
        "AVG-PR": 0.04205607476635514,
        "ROC-AUC": 0.5,
        "Accuracy": 0.9579439252336449,
        "emission": 1.6574963703142212e-08
    },
    "Gaussian Process": {
        "AVG-PR": 0.04205607476635514,
        "ROC-AUC": 0.5,
        "Accuracy": 0.9579439252336449,
        "emission": 1.912728596439586e-06
    },
    "Decision Tree": {
        "AVG-PR": 0.04205607476635514,
        "ROC-AUC": 0.4975609756097561,
        "Accuracy": 0.9532710280373832,
        "emission": 1.0192477991685127e-08
    },
    "Random Forest": {
        "AVG-PR": 0.04205607476635514,
        "ROC-AUC": 0.5,
        "Accuracy": 0.9579439252336449,
        "emission": 7.395804589759564e-07
    },
    "AdaBoost": {
        "AVG-PR": 0.06516095534787122,
        "ROC-AUC": 0.5482384823848239,
        "Accuracy": 0.9485981308411215,
        "emission": 1.1341062242478984e-07
    },
    "Naive Bayes": {
        "AVG-PR": 0.04146025909470064,
        "ROC-AUC": 0.4924119241192413,
        "Accuracy": 0.43457943925233644,
        "emission": 4.014377262606641e-09
    },
    "QDA": {
        "AVG-PR": 0.04205607476635514,
        "ROC-AUC": 0.4975609756097561,
        "Accuracy": 0.9532710280373832,
        "emission": 1.8433620595513504e-08
    },
    "PLS-DA": {
        "AVG-PR": 0.11461038337248469,
        "ROC-AUC": 0.7100271002710027,
        "Accuracy": 0.9579439252336449,
        "emission": 1.2639814841583185e-07
    },
    "DNN": {
        "AVG-PR": 0.2675877595734055,
        "ROC-AUC": 0.6476964769647697,
        "Accuracy": 0.9532710280373832,
        "emission": 2.1009450792465444e-05
    }
}