{
    "Nearest Neighbors": {
        "AVG-PR": 0.0744202146071305,
        "ROC-AUC": 0.5506775067750678,
        "Accuracy": 0.9532710280373832,
        "emission": 1.2781272838357043e-08
    },
    "Linear SVM": {
        "AVG-PR": 0.04205607476635514,
        "ROC-AUC": 0.4926829268292683,
        "Accuracy": 0.9439252336448598,
        "emission": 6.007940546315559e-09
    },
    "RBF SVM": {
        "AVG-PR": 0.04205607476635514,
        "ROC-AUC": 0.5,
        "Accuracy": 0.9579439252336449,
        "emission": 1.72800322454372e-08
    },
    "Gaussian Process": {
        "AVG-PR": 0.04205607476635514,
        "ROC-AUC": 0.5,
        "Accuracy": 0.9579439252336449,
        "emission": 2.7489337028060646e-06
    },
    "Decision Tree": {
        "AVG-PR": 0.09620234386589527,
        "ROC-AUC": 0.5989159891598916,
        "Accuracy": 0.9439252336448598,
        "emission": 1.294359248695385e-08
    },
    "Random Forest": {
        "AVG-PR": 0.04205607476635514,
        "ROC-AUC": 0.5,
        "Accuracy": 0.9579439252336449,
        "emission": 7.699797464015111e-07
    },
    "AdaBoost": {
        "AVG-PR": 0.04205607476635514,
        "ROC-AUC": 0.4902439024390244,
        "Accuracy": 0.9392523364485982,
        "emission": 1.1544788674960175e-07
    },
    "Naive Bayes": {
        "AVG-PR": 0.04470404984423676,
        "ROC-AUC": 0.5276422764227642,
        "Accuracy": 0.705607476635514,
        "emission": 4.580070937109703e-09
    },
    "QDA": {
        "AVG-PR": 0.04205607476635514,
        "ROC-AUC": 0.4926829268292683,
        "Accuracy": 0.9439252336448598,
        "emission": 1.9931027921669117e-08
    },
    "PLS-DA": {
        "AVG-PR": 0.1977806197990683,
        "ROC-AUC": 0.5978319783197832,
        "Accuracy": 0.9579439252336449,
        "emission": 1.2415091614737828e-07
    },
    "DNN": {
        "AVG-PR": 0.12013456579145734,
        "ROC-AUC": 0.5685636856368563,
        "Accuracy": 0.9579439252336449,
        "emission": 2.001680471635551e-05
    }
}