{
    "Nearest Neighbors": {
        "AVG-PR": 0.13299784327821712,
        "ROC-AUC": 0.5384615384615384,
        "Accuracy": 0.9439252336448598,
        "emission": 1.2923674968205317e-08
    },
    "Linear SVM": {
        "AVG-PR": 0.06074766355140187,
        "ROC-AUC": 0.49502487562189057,
        "Accuracy": 0.9299065420560748,
        "emission": 6.311424342327855e-09
    },
    "RBF SVM": {
        "AVG-PR": 0.06074766355140187,
        "ROC-AUC": 0.5,
        "Accuracy": 0.9392523364485982,
        "emission": 1.830209138785115e-08
    },
    "Gaussian Process": {
        "AVG-PR": 0.06074766355140187,
        "ROC-AUC": 0.5,
        "Accuracy": 0.9392523364485982,
        "emission": 1.6989145159541146e-06
    },
    "Decision Tree": {
        "AVG-PR": 0.08558990334691269,
        "ROC-AUC": 0.5595101415996938,
        "Accuracy": 0.9158878504672897,
        "emission": 1.349339676892148e-08
    },
    "Random Forest": {
        "AVG-PR": 0.06074766355140187,
        "ROC-AUC": 0.5,
        "Accuracy": 0.9392523364485982,
        "emission": 7.607359937848166e-07
    },
    "AdaBoost": {
        "AVG-PR": 0.0656901509705248,
        "ROC-AUC": 0.5210486031381554,
        "Accuracy": 0.9112149532710281,
        "emission": 1.1670185724648949e-07
    },
    "Naive Bayes": {
        "AVG-PR": 0.08267939773797349,
        "ROC-AUC": 0.638155376961347,
        "Accuracy": 0.3878504672897196,
        "emission": 3.6913428202673865e-09
    },
    "QDA": {
        "AVG-PR": 0.06074766355140187,
        "ROC-AUC": 0.4900497512437811,
        "Accuracy": 0.9205607476635514,
        "emission": 2.1905667189649314e-08
    },
    "PLS-DA": {
        "AVG-PR": 0.15357264182114286,
        "ROC-AUC": 0.6433218522770762,
        "Accuracy": 0.9392523364485982,
        "emission": 1.2664744172249075e-07
    },
    "DNN": {
        "AVG-PR": 0.0736889297860567,
        "ROC-AUC": 0.5484117872177574,
        "Accuracy": 0.9392523364485982,
        "emission": 2.022734731991493e-05
    }
}