{
    "Nearest Neighbors": {
        "AVG-PR": 0.5855130784708249,
        "ROC-AUC": 0.7857142857142857,
        "Accuracy": 0.9859154929577465,
        "emission": 1.538668812268757e-08
    },
    "Linear SVM": {
        "AVG-PR": 0.23306505700871896,
        "ROC-AUC": 0.707004160887656,
        "Accuracy": 0.9671361502347418,
        "emission": 6.51601887837401e-09
    },
    "RBF SVM": {
        "AVG-PR": 0.03286384976525822,
        "ROC-AUC": 0.5,
        "Accuracy": 0.9671361502347418,
        "emission": 1.908905466713094e-08
    },
    "Gaussian Process": {
        "AVG-PR": 0.03286384976525822,
        "ROC-AUC": 0.5,
        "Accuracy": 0.9671361502347418,
        "emission": 2.4150776633160046e-06
    },
    "Decision Tree": {
        "AVG-PR": 0.16163648558014754,
        "ROC-AUC": 0.6997226074895978,
        "Accuracy": 0.9530516431924883,
        "emission": 1.0739253245681085e-08
    },
    "Random Forest": {
        "AVG-PR": 0.03286384976525822,
        "ROC-AUC": 0.5,
        "Accuracy": 0.9671361502347418,
        "emission": 7.55913400330089e-07
    },
    "AdaBoost": {
        "AVG-PR": 0.1710261569416499,
        "ROC-AUC": 0.5714285714285714,
        "Accuracy": 0.971830985915493,
        "emission": 1.1645655994644178e-07
    },
    "Naive Bayes": {
        "AVG-PR": 0.042303201927615074,
        "ROC-AUC": 0.5988210818307905,
        "Accuracy": 0.6244131455399061,
        "emission": 4.506231378078921e-09
    },
    "QDA": {
        "AVG-PR": 0.03286384976525822,
        "ROC-AUC": 0.49271844660194175,
        "Accuracy": 0.9530516431924883,
        "emission": 1.7921127879944534e-08
    },
    "PLS-DA": {
        "AVG-PR": 0.6134199134199134,
        "ROC-AUC": 0.9452149791955617,
        "Accuracy": 0.9765258215962441,
        "emission": 1.3095266196547265e-07
    },
    "DNN": {
        "AVG-PR": 0.5707304369370299,
        "ROC-AUC": 0.7954230235783634,
        "Accuracy": 0.9765258215962441,
        "emission": 2.0741860851499673e-05
    }
}