{
    "Nearest Neighbors": {
        "AVG-PR": 0.24319833852544132,
        "ROC-AUC": 0.6085600907029479,
        "Accuracy": 0.9299065420560748,
        "emission": 1.2973944838947925e-08
    },
    "Linear SVM": {
        "AVG-PR": 0.23676012461059187,
        "ROC-AUC": 0.5833333333333334,
        "Accuracy": 0.9299065420560748,
        "emission": 7.850519604146039e-09
    },
    "RBF SVM": {
        "AVG-PR": 0.08411214953271028,
        "ROC-AUC": 0.5,
        "Accuracy": 0.9158878504672897,
        "emission": 1.901812854044174e-08
    },
    "Gaussian Process": {
        "AVG-PR": 0.23676012461059187,
        "ROC-AUC": 0.5833333333333334,
        "Accuracy": 0.9299065420560748,
        "emission": 2.7967498961734224e-06
    },
    "Decision Tree": {
        "AVG-PR": 0.12467982000692279,
        "ROC-AUC": 0.5830498866213153,
        "Accuracy": 0.883177570093458,
        "emission": 1.1803880177872713e-08
    },
    "Random Forest": {
        "AVG-PR": 0.08411214953271028,
        "ROC-AUC": 0.5,
        "Accuracy": 0.9158878504672897,
        "emission": 7.74960039402354e-07
    },
    "AdaBoost": {
        "AVG-PR": 0.27825372101073037,
        "ROC-AUC": 0.6816893424036281,
        "Accuracy": 0.9252336448598131,
        "emission": 1.1589361540701987e-07
    },
    "Naive Bayes": {
        "AVG-PR": 0.08811544383571454,
        "ROC-AUC": 0.5243764172335601,
        "Accuracy": 0.3598130841121495,
        "emission": 3.6585395281053803e-09
    },
    "QDA": {
        "AVG-PR": 0.08411214953271028,
        "ROC-AUC": 0.49489795918367346,
        "Accuracy": 0.9065420560747663,
        "emission": 1.8239210112887075e-08
    },
    "PLS-DA": {
        "AVG-PR": 0.43245250223681264,
        "ROC-AUC": 0.7998866213151928,
        "Accuracy": 0.9252336448598131,
        "emission": 1.3122350173866498e-07
    },
    "DNN": {
        "AVG-PR": 0.5206451525024967,
        "ROC-AUC": 0.8007369614512472,
        "Accuracy": 0.9299065420560748,
        "emission": 2.079699036163167e-05
    }
}