{
    "Nearest Neighbors": {
        "AVG-PR": 0.24019848962703624,
        "ROC-AUC": 0.7073753359211705,
        "Accuracy": 0.9065420560747663,
        "emission": 1.234086133722116e-08
    },
    "Linear SVM": {
        "AVG-PR": 0.3109636377915652,
        "ROC-AUC": 0.7200656912511197,
        "Accuracy": 0.9299065420560748,
        "emission": 6.430344187214129e-09
    },
    "RBF SVM": {
        "AVG-PR": 0.13358988455195162,
        "ROC-AUC": 0.5294117647058824,
        "Accuracy": 0.9252336448598131,
        "emission": 1.717151138265355e-08
    },
    "Gaussian Process": {
        "AVG-PR": 0.0794392523364486,
        "ROC-AUC": 0.5,
        "Accuracy": 0.9205607476635514,
        "emission": 2.0669228961580438e-06
    },
    "Decision Tree": {
        "AVG-PR": 0.22687603078614624,
        "ROC-AUC": 0.6830397133472678,
        "Accuracy": 0.9112149532710281,
        "emission": 1.2153721449597202e-08
    },
    "Random Forest": {
        "AVG-PR": 0.0794392523364486,
        "ROC-AUC": 0.5,
        "Accuracy": 0.9205607476635514,
        "emission": 7.474041678211622e-07
    },
    "AdaBoost": {
        "AVG-PR": 0.21627914497299744,
        "ROC-AUC": 0.6805016422812779,
        "Accuracy": 0.9065420560747663,
        "emission": 1.1475694724687093e-07
    },
    "Naive Bayes": {
        "AVG-PR": 0.0999328080141714,
        "ROC-AUC": 0.6001791579575992,
        "Accuracy": 0.5607476635514018,
        "emission": 3.7227479024087983e-09
    },
    "QDA": {
        "AVG-PR": 0.0794392523364486,
        "ROC-AUC": 0.4949238578680203,
        "Accuracy": 0.9112149532710281,
        "emission": 1.6158574636560698e-08
    },
    "PLS-DA": {
        "AVG-PR": 0.4878524452281051,
        "ROC-AUC": 0.8100925649447596,
        "Accuracy": 0.9392523364485982,
        "emission": 1.290463514677924e-07
    },
    "DNN": {
        "AVG-PR": 0.49385557543134984,
        "ROC-AUC": 0.7706778142729173,
        "Accuracy": 0.9018691588785047,
        "emission": 2.062096500094405e-05
    }
}