{
    "Nearest Neighbors": {
        "AVG-PR": 0.48464619492656874,
        "ROC-AUC": 0.7142857142857143,
        "Accuracy": 0.9439252336448598,
        "emission": 1.4498453067965516e-08
    },
    "Linear SVM": {
        "AVG-PR": 0.3132176234979973,
        "ROC-AUC": 0.698741672834937,
        "Accuracy": 0.9158878504672897,
        "emission": 5.496118591642127e-09
    },
    "RBF SVM": {
        "AVG-PR": 0.14107699154428127,
        "ROC-AUC": 0.5238095238095238,
        "Accuracy": 0.9065420560747663,
        "emission": 1.7428369911838545e-08
    },
    "Gaussian Process": {
        "AVG-PR": 0.24483438235107124,
        "ROC-AUC": 0.61386627189736,
        "Accuracy": 0.9158878504672897,
        "emission": 5.831510414950742e-06
    },
    "Decision Tree": {
        "AVG-PR": 0.23005983286357118,
        "ROC-AUC": 0.6645694547248951,
        "Accuracy": 0.8925233644859814,
        "emission": 1.1456989360238291e-08
    },
    "Random Forest": {
        "AVG-PR": 0.14107699154428127,
        "ROC-AUC": 0.5238095238095238,
        "Accuracy": 0.9065420560747663,
        "emission": 7.675500871273719e-07
    },
    "AdaBoost": {
        "AVG-PR": 0.3915379235806472,
        "ROC-AUC": 0.72773254379472,
        "Accuracy": 0.9299065420560748,
        "emission": 1.1537280567037596e-07
    },
    "Naive Bayes": {
        "AVG-PR": 0.09322878265548093,
        "ROC-AUC": 0.4696521095484826,
        "Accuracy": 0.3878504672897196,
        "emission": 3.9657375805395624e-09
    },
    "QDA": {
        "AVG-PR": 0.09813084112149532,
        "ROC-AUC": 0.4844559585492228,
        "Accuracy": 0.8738317757009346,
        "emission": 1.5857501882594863e-08
    },
    "PLS-DA": {
        "AVG-PR": 0.454802916151316,
        "ROC-AUC": 0.8359240069084629,
        "Accuracy": 0.9065420560747663,
        "emission": 9.30731273256302e-08
    },
    "DNN": {
        "AVG-PR": 0.4617130346855277,
        "ROC-AUC": 0.7848507278559093,
        "Accuracy": 0.9252336448598131,
        "emission": 2.1423918009014158e-05
    }
}