{
    "Nearest Neighbors": {
        "AVG-PR": 0.09950522264980757,
        "ROC-AUC": 0.5435951030158257,
        "Accuracy": 0.9018691588785047,
        "emission": 1.2413201278562365e-08
    },
    "Linear SVM": {
        "AVG-PR": 0.09623724879359843,
        "ROC-AUC": 0.5410570319498358,
        "Accuracy": 0.897196261682243,
        "emission": 6.885088307881157e-09
    },
    "RBF SVM": {
        "AVG-PR": 0.0794392523364486,
        "ROC-AUC": 0.5,
        "Accuracy": 0.9205607476635514,
        "emission": 1.8227447602108393e-08
    },
    "Gaussian Process": {
        "AVG-PR": 0.0794392523364486,
        "ROC-AUC": 0.5,
        "Accuracy": 0.9205607476635514,
        "emission": 1.5669200291692157e-06
    },
    "Decision Tree": {
        "AVG-PR": 0.11354890299365285,
        "ROC-AUC": 0.5679307255897283,
        "Accuracy": 0.897196261682243,
        "emission": 1.1160085060383294e-08
    },
    "Random Forest": {
        "AVG-PR": 0.0794392523364486,
        "ROC-AUC": 0.5,
        "Accuracy": 0.9205607476635514,
        "emission": 7.8029145268294e-07
    },
    "AdaBoost": {
        "AVG-PR": 0.09148383227547603,
        "ROC-AUC": 0.5359808898178561,
        "Accuracy": 0.8878504672897196,
        "emission": 1.1765924118240101e-07
    },
    "Naive Bayes": {
        "AVG-PR": 0.07413530108634213,
        "ROC-AUC": 0.4590922663481637,
        "Accuracy": 0.35046728971962615,
        "emission": 5.784068838253742e-09
    },
    "QDA": {
        "AVG-PR": 0.0794392523364486,
        "ROC-AUC": 0.49238578680203043,
        "Accuracy": 0.9065420560747663,
        "emission": 1.8088896502661595e-08
    },
    "PLS-DA": {
        "AVG-PR": 0.2694458056331925,
        "ROC-AUC": 0.688265153777247,
        "Accuracy": 0.9065420560747663,
        "emission": 1.3226220100400057e-07
    },
    "DNN": {
        "AVG-PR": 0.24385038956174876,
        "ROC-AUC": 0.6667661988653328,
        "Accuracy": 0.9158878504672897,
        "emission": 2.0785706908621637e-05
    }
}