{
    "Nearest Neighbors": {
        "AVG-PR": 0.13326110509209102,
        "ROC-AUC": 0.5384615384615384,
        "Accuracy": 0.9436619718309859,
        "emission": 1.493447976958622e-08
    },
    "Linear SVM": {
        "AVG-PR": 0.20548934633441676,
        "ROC-AUC": 0.5769230769230769,
        "Accuracy": 0.9483568075117371,
        "emission": 5.1046404774279124e-09
    },
    "RBF SVM": {
        "AVG-PR": 0.13326110509209102,
        "ROC-AUC": 0.5384615384615384,
        "Accuracy": 0.9436619718309859,
        "emission": 2.0889384021151557e-08
    },
    "Gaussian Process": {
        "AVG-PR": 0.06103286384976526,
        "ROC-AUC": 0.5,
        "Accuracy": 0.9389671361502347,
        "emission": 1.4607670149998149e-06
    },
    "Decision Tree": {
        "AVG-PR": 0.1623329721921271,
        "ROC-AUC": 0.6078846153846154,
        "Accuracy": 0.9389671361502347,
        "emission": 1.2531975818519876e-08
    },
    "Random Forest": {
        "AVG-PR": 0.06103286384976526,
        "ROC-AUC": 0.5,
        "Accuracy": 0.9389671361502347,
        "emission": 7.747571837632189e-07
    },
    "AdaBoost": {
        "AVG-PR": 0.1623329721921271,
        "ROC-AUC": 0.6078846153846154,
        "Accuracy": 0.9389671361502347,
        "emission": 1.1987560635179063e-07
    },
    "Naive Bayes": {
        "AVG-PR": 0.09178458474233121,
        "ROC-AUC": 0.6621153846153846,
        "Accuracy": 0.568075117370892,
        "emission": 3.739268730560556e-09
    },
    "QDA": {
        "AVG-PR": 0.06103286384976526,
        "ROC-AUC": 0.4925,
        "Accuracy": 0.9248826291079812,
        "emission": 1.869253979038679e-08
    },
    "PLS-DA": {
        "AVG-PR": 0.47128215607727403,
        "ROC-AUC": 0.7592307692307692,
        "Accuracy": 0.9389671361502347,
        "emission": 1.3595276927217398e-07
    },
    "DNN": {
        "AVG-PR": 0.39934333878632194,
        "ROC-AUC": 0.8250000000000001,
        "Accuracy": 0.9389671361502347,
        "emission": 2.1215449896404835e-05
    }
}