{
    "Nearest Neighbors": {
        "AVG-PR": 0.09646194926568757,
        "ROC-AUC": 0.5332142857142858,
        "Accuracy": 0.9345794392523364,
        "emission": 1.327923233107768e-08
    },
    "Linear SVM": {
        "AVG-PR": 0.13217623497997327,
        "ROC-AUC": 0.5357142857142857,
        "Accuracy": 0.9392523364485982,
        "emission": 6.222108940694251e-09
    },
    "RBF SVM": {
        "AVG-PR": 0.06542056074766354,
        "ROC-AUC": 0.5,
        "Accuracy": 0.9345794392523364,
        "emission": 1.695443664706242e-08
    },
    "Gaussian Process": {
        "AVG-PR": 0.06542056074766354,
        "ROC-AUC": 0.5,
        "Accuracy": 0.9345794392523364,
        "emission": 2.655956104917879e-06
    },
    "Decision Tree": {
        "AVG-PR": 0.06542056074766354,
        "ROC-AUC": 0.49,
        "Accuracy": 0.9158878504672897,
        "emission": 1.0803036721096195e-08
    },
    "Random Forest": {
        "AVG-PR": 0.06542056074766354,
        "ROC-AUC": 0.5,
        "Accuracy": 0.9345794392523364,
        "emission": 7.689926622130478e-07
    },
    "AdaBoost": {
        "AVG-PR": 0.09178905206942589,
        "ROC-AUC": 0.5564285714285714,
        "Accuracy": 0.9158878504672897,
        "emission": 1.1484513071890345e-07
    },
    "Naive Bayes": {
        "AVG-PR": 0.06786998048680293,
        "ROC-AUC": 0.5189285714285714,
        "Accuracy": 0.411214953271028,
        "emission": 4.271002450905528e-09
    },
    "QDA": {
        "AVG-PR": 0.06542056074766354,
        "ROC-AUC": 0.49,
        "Accuracy": 0.9158878504672897,
        "emission": 2.0479825314951598e-08
    },
    "PLS-DA": {
        "AVG-PR": 0.3161391240608044,
        "ROC-AUC": 0.6817857142857142,
        "Accuracy": 0.9392523364485982,
        "emission": 1.2799299155564561e-07
    },
    "DNN": {
        "AVG-PR": 0.2791999395326097,
        "ROC-AUC": 0.6471428571428571,
        "Accuracy": 0.9392523364485982,
        "emission": 2.046642658046908e-05
    }
}