{
    "Nearest Neighbors": {
        "AVG-PR": 0.17653167185877466,
        "ROC-AUC": 0.6009070294784581,
        "Accuracy": 0.9158878504672897,
        "emission": 1.291149419190906e-08
    },
    "Linear SVM": {
        "AVG-PR": 0.19240468773179054,
        "ROC-AUC": 0.6034580498866213,
        "Accuracy": 0.9205607476635514,
        "emission": 5.420327344825819e-09
    },
    "RBF SVM": {
        "AVG-PR": 0.08411214953271028,
        "ROC-AUC": 0.5,
        "Accuracy": 0.9158878504672897,
        "emission": 1.890298443045701e-08
    },
    "Gaussian Process": {
        "AVG-PR": 0.17009345794392522,
        "ROC-AUC": 0.5782312925170069,
        "Accuracy": 0.9205607476635514,
        "emission": 3.2332442206372603e-06
    },
    "Decision Tree": {
        "AVG-PR": 0.11554800339847068,
        "ROC-AUC": 0.5629251700680272,
        "Accuracy": 0.8925233644859814,
        "emission": 1.0699440394548652e-08
    },
    "Random Forest": {
        "AVG-PR": 0.13499480789200413,
        "ROC-AUC": 0.5277777777777778,
        "Accuracy": 0.9205607476635514,
        "emission": 7.520159306852798e-07
    },
    "AdaBoost": {
        "AVG-PR": 0.19963655244029077,
        "ROC-AUC": 0.6261337868480725,
        "Accuracy": 0.9158878504672897,
        "emission": 1.226928639293981e-07
    },
    "Naive Bayes": {
        "AVG-PR": 0.10909090909090909,
        "ROC-AUC": 0.625,
        "Accuracy": 0.3130841121495327,
        "emission": 5.4442984848489015e-09
    },
    "QDA": {
        "AVG-PR": 0.08411214953271028,
        "ROC-AUC": 0.4897959183673469,
        "Accuracy": 0.897196261682243,
        "emission": 1.844621639874216e-08
    },
    "PLS-DA": {
        "AVG-PR": 0.37535361692809177,
        "ROC-AUC": 0.7893990929705216,
        "Accuracy": 0.9158878504672897,
        "emission": 1.2600529296415738e-07
    },
    "DNN": {
        "AVG-PR": 0.4030276713188554,
        "ROC-AUC": 0.8126417233560089,
        "Accuracy": 0.9205607476635514,
        "emission": 2.006119011854808e-05
    }
}