{
    "Nearest Neighbors": {
        "AVG-PR": 0.09912810194500335,
        "ROC-AUC": 0.554040404040404,
        "Accuracy": 0.9154929577464789,
        "emission": 1.4374852598029034e-08
    },
    "Linear SVM": {
        "AVG-PR": 0.09906103286384976,
        "ROC-AUC": 0.5308080808080807,
        "Accuracy": 0.9295774647887324,
        "emission": 5.819533694805853e-09
    },
    "RBF SVM": {
        "AVG-PR": 0.07042253521126761,
        "ROC-AUC": 0.49747474747474746,
        "Accuracy": 0.9248826291079812,
        "emission": 1.66474643881606e-08
    },
    "Gaussian Process": {
        "AVG-PR": 0.07042253521126761,
        "ROC-AUC": 0.5,
        "Accuracy": 0.9295774647887324,
        "emission": 5.009535606328318e-06
    },
    "Decision Tree": {
        "AVG-PR": 0.07042253521126761,
        "ROC-AUC": 0.49242424242424243,
        "Accuracy": 0.9154929577464789,
        "emission": 1.0169166130287837e-08
    },
    "Random Forest": {
        "AVG-PR": 0.07042253521126761,
        "ROC-AUC": 0.5,
        "Accuracy": 0.9295774647887324,
        "emission": 7.357327007075136e-07
    },
    "AdaBoost": {
        "AVG-PR": 0.08154568436258577,
        "ROC-AUC": 0.5388888888888889,
        "Accuracy": 0.8873239436619719,
        "emission": 1.1807667598084448e-07
    },
    "Naive Bayes": {
        "AVG-PR": 0.06494405026651134,
        "ROC-AUC": 0.45101010101010097,
        "Accuracy": 0.38028169014084506,
        "emission": 4.400179369474437e-09
    },
    "QDA": {
        "AVG-PR": 0.07683881064162755,
        "ROC-AUC": 0.5207070707070707,
        "Accuracy": 0.9107981220657277,
        "emission": 2.3373001647186502e-08
    },
    "PLS-DA": {
        "AVG-PR": 0.23178508613867588,
        "ROC-AUC": 0.7993265993265993,
        "Accuracy": 0.9295774647887324,
        "emission": 8.562692515948018e-08
    },
    "DNN": {
        "AVG-PR": 0.32259537589510634,
        "ROC-AUC": 0.8794612794612794,
        "Accuracy": 0.9295774647887324,
        "emission": 1.9770658908808333e-05
    }
}