{
    "Nearest Neighbors": {
        "AVG-PR": 0.037383177570093455,
        "ROC-AUC": 0.5,
        "Accuracy": 0.9626168224299065,
        "emission": 1.477430234803645e-08
    },
    "Linear SVM": {
        "AVG-PR": 0.037383177570093455,
        "ROC-AUC": 0.5,
        "Accuracy": 0.9626168224299065,
        "emission": 5.3234771261242834e-09
    },
    "RBF SVM": {
        "AVG-PR": 0.037383177570093455,
        "ROC-AUC": 0.5,
        "Accuracy": 0.9626168224299065,
        "emission": 1.6753789599697353e-08
    },
    "Gaussian Process": {
        "AVG-PR": 0.037383177570093455,
        "ROC-AUC": 0.5,
        "Accuracy": 0.9626168224299065,
        "emission": 2.6177737462480515e-06
    },
    "Decision Tree": {
        "AVG-PR": 0.037383177570093455,
        "ROC-AUC": 0.49514563106796117,
        "Accuracy": 0.9532710280373832,
        "emission": 1.2605684416981832e-08
    },
    "Random Forest": {
        "AVG-PR": 0.037383177570093455,
        "ROC-AUC": 0.5,
        "Accuracy": 0.9626168224299065,
        "emission": 7.305823363069406e-07
    },
    "AdaBoost": {
        "AVG-PR": 0.037383177570093455,
        "ROC-AUC": 0.4975728155339806,
        "Accuracy": 0.9579439252336449,
        "emission": 1.1327934803144313e-07
    },
    "Naive Bayes": {
        "AVG-PR": 0.03391220345075485,
        "ROC-AUC": 0.3125,
        "Accuracy": 0.48598130841121495,
        "emission": 4.452640446163558e-09
    },
    "QDA": {
        "AVG-PR": 0.037383177570093455,
        "ROC-AUC": 0.49514563106796117,
        "Accuracy": 0.9532710280373832,
        "emission": 1.848655886706952e-08
    },
    "PLS-DA": {
        "AVG-PR": 0.04260182044132414,
        "ROC-AUC": 0.3895631067961165,
        "Accuracy": 0.9626168224299065,
        "emission": 1.2490077813152712e-07
    },
    "DNN": {
        "AVG-PR": 0.02998979391865327,
        "ROC-AUC": 0.33859223300970875,
        "Accuracy": 0.9626168224299065,
        "emission": 1.951787111377955e-05
    }
}