{
    "Nearest Neighbors": {
        "AVG-PR": 0.14866979655712048,
        "ROC-AUC": 0.5555555555555556,
        "Accuracy": 0.9624413145539906,
        "emission": 1.2834246543663435e-08
    },
    "Linear SVM": {
        "AVG-PR": 0.04225352112676056,
        "ROC-AUC": 0.5,
        "Accuracy": 0.9577464788732394,
        "emission": 6.4247545602849826e-09
    },
    "RBF SVM": {
        "AVG-PR": 0.04225352112676056,
        "ROC-AUC": 0.5,
        "Accuracy": 0.9577464788732394,
        "emission": 1.6736495860975167e-08
    },
    "Gaussian Process": {
        "AVG-PR": 0.04225352112676056,
        "ROC-AUC": 0.5,
        "Accuracy": 0.9577464788732394,
        "emission": 2.0342818325725078e-06
    },
    "Decision Tree": {
        "AVG-PR": 0.053431701319025256,
        "ROC-AUC": 0.5408496732026143,
        "Accuracy": 0.9342723004694836,
        "emission": 1.0205352263025686e-08
    },
    "Random Forest": {
        "AVG-PR": 0.04225352112676056,
        "ROC-AUC": 0.5,
        "Accuracy": 0.9577464788732394,
        "emission": 7.311085482529403e-07
    },
    "AdaBoost": {
        "AVG-PR": 0.0597809076682316,
        "ROC-AUC": 0.545751633986928,
        "Accuracy": 0.9436619718309859,
        "emission": 1.1605703905906766e-07
    },
    "Naive Bayes": {
        "AVG-PR": 0.05953905249679897,
        "ROC-AUC": 0.6323529411764706,
        "Accuracy": 0.6009389671361502,
        "emission": 3.427905471877831e-09
    },
    "QDA": {
        "AVG-PR": 0.04225352112676056,
        "ROC-AUC": 0.5,
        "Accuracy": 0.9577464788732394,
        "emission": 1.7423572101549305e-08
    },
    "PLS-DA": {
        "AVG-PR": 0.07346066317026748,
        "ROC-AUC": 0.6623093681917211,
        "Accuracy": 0.9577464788732394,
        "emission": 1.2399830960594114e-07
    },
    "DNN": {
        "AVG-PR": 0.22433026526131006,
        "ROC-AUC": 0.690631808278867,
        "Accuracy": 0.9577464788732394,
        "emission": 2.18794271858983e-05
    }
}