{
    "Nearest Neighbors": {
        "AVG-PR": 0.04672897196261682,
        "ROC-AUC": 0.4950980392156863,
        "Accuracy": 0.9439252336448598,
        "emission": 1.3781747279542412e-08
    },
    "Linear SVM": {
        "AVG-PR": 0.14205607476635515,
        "ROC-AUC": 0.55,
        "Accuracy": 0.9579439252336449,
        "emission": 5.521121600347593e-09
    },
    "RBF SVM": {
        "AVG-PR": 0.04672897196261682,
        "ROC-AUC": 0.5,
        "Accuracy": 0.9532710280373832,
        "emission": 1.661968522340725e-08
    },
    "Gaussian Process": {
        "AVG-PR": 0.04672897196261682,
        "ROC-AUC": 0.5,
        "Accuracy": 0.9532710280373832,
        "emission": 1.5146619728028833e-06
    },
    "Decision Tree": {
        "AVG-PR": 0.06705607476635514,
        "ROC-AUC": 0.5426470588235295,
        "Accuracy": 0.9439252336448598,
        "emission": 1.1505574560997153e-08
    },
    "Random Forest": {
        "AVG-PR": 0.04672897196261682,
        "ROC-AUC": 0.5,
        "Accuracy": 0.9532710280373832,
        "emission": 7.472842973461989e-07
    },
    "AdaBoost": {
        "AVG-PR": 0.04672897196261682,
        "ROC-AUC": 0.49019607843137253,
        "Accuracy": 0.9345794392523364,
        "emission": 1.1578839016412808e-07
    },
    "Naive Bayes": {
        "AVG-PR": 0.044532228538394836,
        "ROC-AUC": 0.4720588235294118,
        "Accuracy": 0.5373831775700935,
        "emission": 6.336481996049711e-09
    },
    "QDA": {
        "AVG-PR": 0.04672897196261682,
        "ROC-AUC": 0.49754901960784315,
        "Accuracy": 0.9485981308411215,
        "emission": 1.7845946329483524e-08
    },
    "PLS-DA": {
        "AVG-PR": 0.24896530488454027,
        "ROC-AUC": 0.8387254901960784,
        "Accuracy": 0.9532710280373832,
        "emission": 1.2287896401571373e-07
    },
    "DNN": {
        "AVG-PR": 0.12308325380077456,
        "ROC-AUC": 0.7333333333333333,
        "Accuracy": 0.9532710280373832,
        "emission": 2.0013628413015407e-05
    }
}