{
    "Nearest Neighbors": {
        "AVG-PR": 0.17089452603471295,
        "ROC-AUC": 0.5714285714285714,
        "Accuracy": 0.9719626168224299,
        "emission": 1.3670077747420002e-08
    },
    "Linear SVM": {
        "AVG-PR": 0.03271028037383177,
        "ROC-AUC": 0.5,
        "Accuracy": 0.9672897196261683,
        "emission": 5.325173314501814e-09
    },
    "RBF SVM": {
        "AVG-PR": 0.03271028037383177,
        "ROC-AUC": 0.5,
        "Accuracy": 0.9672897196261683,
        "emission": 1.7025715810713605e-08
    },
    "Gaussian Process": {
        "AVG-PR": 0.03271028037383177,
        "ROC-AUC": 0.5,
        "Accuracy": 0.9672897196261683,
        "emission": 1.9455933894074814e-06
    },
    "Decision Tree": {
        "AVG-PR": 0.03271028037383177,
        "ROC-AUC": 0.4782608695652174,
        "Accuracy": 0.9252336448598131,
        "emission": 1.1989630144156244e-08
    },
    "Random Forest": {
        "AVG-PR": 0.03271028037383177,
        "ROC-AUC": 0.5,
        "Accuracy": 0.9672897196261683,
        "emission": 7.239192891391335e-07
    },
    "AdaBoost": {
        "AVG-PR": 0.20236505817280181,
        "ROC-AUC": 0.704623878536922,
        "Accuracy": 0.9626168224299065,
        "emission": 1.1235990967999041e-07
    },
    "Naive Bayes": {
        "AVG-PR": 0.05165862175207969,
        "ROC-AUC": 0.6273291925465838,
        "Accuracy": 0.8130841121495327,
        "emission": 4.16859204861483e-09
    },
    "QDA": {
        "AVG-PR": 0.03271028037383177,
        "ROC-AUC": 0.5,
        "Accuracy": 0.9672897196261683,
        "emission": 3.2192046704121525e-08
    },
    "PLS-DA": {
        "AVG-PR": 0.055713722168089466,
        "ROC-AUC": 0.6494133885438234,
        "Accuracy": 0.9672897196261683,
        "emission": 1.29953659777796e-07
    },
    "DNN": {
        "AVG-PR": 0.28529259151831887,
        "ROC-AUC": 0.6915113871635611,
        "Accuracy": 0.9672897196261683,
        "emission": 1.996345903379173e-05
    }
}