{
    "Nearest Neighbors": {
        "AVG-PR": 0.36996129519494003,
        "ROC-AUC": 0.7145691609977325,
        "Accuracy": 0.9392523364485982,
        "emission": 1.2688079593123728e-08
    },
    "Linear SVM": {
        "AVG-PR": 0.08411214953271028,
        "ROC-AUC": 0.49744897959183676,
        "Accuracy": 0.9112149532710281,
        "emission": 6.322039498911344e-09
    },
    "RBF SVM": {
        "AVG-PR": 0.08411214953271028,
        "ROC-AUC": 0.5,
        "Accuracy": 0.9158878504672897,
        "emission": 1.7557421196116994e-08
    },
    "Gaussian Process": {
        "AVG-PR": 0.08411214953271028,
        "ROC-AUC": 0.5,
        "Accuracy": 0.9158878504672897,
        "emission": 1.8454441912787467e-06
    },
    "Decision Tree": {
        "AVG-PR": 0.08869851159570785,
        "ROC-AUC": 0.5150226757369615,
        "Accuracy": 0.897196261682243,
        "emission": 9.634405583760012e-09
    },
    "Random Forest": {
        "AVG-PR": 0.08411214953271028,
        "ROC-AUC": 0.5,
        "Accuracy": 0.9158878504672897,
        "emission": 7.265046118872623e-07
    },
    "AdaBoost": {
        "AVG-PR": 0.15334025614399444,
        "ROC-AUC": 0.6133786848072563,
        "Accuracy": 0.8925233644859814,
        "emission": 1.0956981636214617e-07
    },
    "Naive Bayes": {
        "AVG-PR": 0.144,
        "ROC-AUC": 0.7270408163265306,
        "Accuracy": 0.5,
        "emission": 4.170717741664792e-09
    },
    "QDA": {
        "AVG-PR": 0.08411214953271028,
        "ROC-AUC": 0.5,
        "Accuracy": 0.9158878504672897,
        "emission": 1.856139530790463e-08
    },
    "PLS-DA": {
        "AVG-PR": 0.16729154341609143,
        "ROC-AUC": 0.7035147392290249,
        "Accuracy": 0.9158878504672897,
        "emission": 1.2507385006107752e-07
    },
    "DNN": {
        "AVG-PR": 0.5815807487767176,
        "ROC-AUC": 0.8619614512471655,
        "Accuracy": 0.9252336448598131,
        "emission": 2.0123405034899873e-05
    }
}