{
    "Nearest Neighbors": {
        "AVG-PR": 0.13497652582159625,
        "ROC-AUC": 0.5416666666666666,
        "Accuracy": 0.9483568075117371,
        "emission": 1.209512281526808e-08
    },
    "Linear SVM": {
        "AVG-PR": 0.056338028169014086,
        "ROC-AUC": 0.5,
        "Accuracy": 0.9436619718309859,
        "emission": 6.17499772362207e-09
    },
    "RBF SVM": {
        "AVG-PR": 0.056338028169014086,
        "ROC-AUC": 0.4975124378109453,
        "Accuracy": 0.9389671361502347,
        "emission": 1.8886363314866338e-08
    },
    "Gaussian Process": {
        "AVG-PR": 0.13497652582159625,
        "ROC-AUC": 0.5416666666666666,
        "Accuracy": 0.9483568075117371,
        "emission": 5.797896443101197e-06
    },
    "Decision Tree": {
        "AVG-PR": 0.056338028169014086,
        "ROC-AUC": 0.49502487562189057,
        "Accuracy": 0.9342723004694836,
        "emission": 1.0246732504245723e-08
    },
    "Random Forest": {
        "AVG-PR": 0.056338028169014086,
        "ROC-AUC": 0.5,
        "Accuracy": 0.9436619718309859,
        "emission": 7.229190528140842e-07
    },
    "AdaBoost": {
        "AVG-PR": 0.11725352112676056,
        "ROC-AUC": 0.6075870646766169,
        "Accuracy": 0.9248826291079812,
        "emission": 1.1390088307778233e-07
    },
    "Naive Bayes": {
        "AVG-PR": 0.0851472471190781,
        "ROC-AUC": 0.6679104477611941,
        "Accuracy": 0.5211267605633803,
        "emission": 4.750275258583165e-09
    },
    "QDA": {
        "AVG-PR": 0.056338028169014086,
        "ROC-AUC": 0.49502487562189057,
        "Accuracy": 0.9342723004694836,
        "emission": 2.194196387141147e-08
    },
    "PLS-DA": {
        "AVG-PR": 0.25942165383402876,
        "ROC-AUC": 0.7980928689883914,
        "Accuracy": 0.9436619718309859,
        "emission": 8.687284871242001e-08
    },
    "DNN": {
        "AVG-PR": 0.4289229316927852,
        "ROC-AUC": 0.7620232172470979,
        "Accuracy": 0.9483568075117371,
        "emission": 1.966457386762024e-05
    }
}