{
    "Nearest Neighbors": {
        "AVG-PR": 0.1940809968847352,
        "ROC-AUC": 0.5666666666666667,
        "Accuracy": 0.9392523364485982,
        "emission": 1.6563275016742975e-08
    },
    "Linear SVM": {
        "AVG-PR": 0.18473520249221184,
        "ROC-AUC": 0.6232830820770519,
        "Accuracy": 0.9299065420560748,
        "emission": 6.652414457205254e-09
    },
    "RBF SVM": {
        "AVG-PR": 0.07009345794392523,
        "ROC-AUC": 0.5,
        "Accuracy": 0.9299065420560748,
        "emission": 1.734941929203973e-08
    },
    "Gaussian Process": {
        "AVG-PR": 0.07009345794392523,
        "ROC-AUC": 0.5,
        "Accuracy": 0.9299065420560748,
        "emission": 2.7328450332187358e-06
    },
    "Decision Tree": {
        "AVG-PR": 0.07875389408099688,
        "ROC-AUC": 0.523283082077052,
        "Accuracy": 0.9158878504672897,
        "emission": 1.3443439031933697e-08
    },
    "Random Forest": {
        "AVG-PR": 0.07009345794392523,
        "ROC-AUC": 0.5,
        "Accuracy": 0.9299065420560748,
        "emission": 7.546471037614516e-07
    },
    "AdaBoost": {
        "AVG-PR": 0.0940809968847352,
        "ROC-AUC": 0.5515912897822446,
        "Accuracy": 0.9112149532710281,
        "emission": 1.1290508541618208e-07
    },
    "Naive Bayes": {
        "AVG-PR": 0.07938689494489384,
        "ROC-AUC": 0.5594639865996649,
        "Accuracy": 0.4672897196261682,
        "emission": 4.6181063274756754e-09
    },
    "QDA": {
        "AVG-PR": 0.07009345794392523,
        "ROC-AUC": 0.49748743718592964,
        "Accuracy": 0.9252336448598131,
        "emission": 1.7646088698920015e-08
    },
    "PLS-DA": {
        "AVG-PR": 0.3203029116308708,
        "ROC-AUC": 0.7815745393634841,
        "Accuracy": 0.9252336448598131,
        "emission": 1.2856199742655605e-07
    },
    "DNN": {
        "AVG-PR": 0.3265442183805838,
        "ROC-AUC": 0.8100502512562815,
        "Accuracy": 0.9299065420560748,
        "emission": 2.0258978161388403e-05
    }
}