{
    "Nearest Neighbors": {
        "AVG-PR": 0.037383177570093455,
        "ROC-AUC": 0.5,
        "Accuracy": 0.9626168224299065,
        "emission": 1.276650859882565e-08
    },
    "Linear SVM": {
        "AVG-PR": 0.09521028037383178,
        "ROC-AUC": 0.5600728155339806,
        "Accuracy": 0.9626168224299065,
        "emission": 5.538648957107299e-09
    },
    "RBF SVM": {
        "AVG-PR": 0.037383177570093455,
        "ROC-AUC": 0.5,
        "Accuracy": 0.9626168224299065,
        "emission": 1.7049438645393472e-08
    },
    "Gaussian Process": {
        "AVG-PR": 0.037383177570093455,
        "ROC-AUC": 0.5,
        "Accuracy": 0.9626168224299065,
        "emission": 2.8725278844637886e-06
    },
    "Decision Tree": {
        "AVG-PR": 0.037383177570093455,
        "ROC-AUC": 0.4830097087378641,
        "Accuracy": 0.9299065420560748,
        "emission": 1.0279896699551134e-08
    },
    "Random Forest": {
        "AVG-PR": 0.037383177570093455,
        "ROC-AUC": 0.5,
        "Accuracy": 0.9626168224299065,
        "emission": 7.377852103013194e-07
    },
    "AdaBoost": {
        "AVG-PR": 0.037383177570093455,
        "ROC-AUC": 0.49514563106796117,
        "Accuracy": 0.9532710280373832,
        "emission": 1.1240957356256664e-07
    },
    "Naive Bayes": {
        "AVG-PR": 0.03614857689039932,
        "ROC-AUC": 0.4811893203883495,
        "Accuracy": 0.5794392523364486,
        "emission": 4.745735246548188e-09
    },
    "QDA": {
        "AVG-PR": 0.037383177570093455,
        "ROC-AUC": 0.4854368932038835,
        "Accuracy": 0.9345794392523364,
        "emission": 1.7572923162729968e-08
    },
    "PLS-DA": {
        "AVG-PR": 0.06144329063395267,
        "ROC-AUC": 0.5940533980582524,
        "Accuracy": 0.9626168224299065,
        "emission": 1.2095779174603025e-07
    },
    "DNN": {
        "AVG-PR": 0.09167528788737492,
        "ROC-AUC": 0.5752427184466019,
        "Accuracy": 0.9626168224299065,
        "emission": 1.98749028372613e-05
    }
}