{
    "Nearest Neighbors": {
        "AVG-PR": 0.32884186491079015,
        "ROC-AUC": 0.6783997252747253,
        "Accuracy": 0.8691588785046729,
        "emission": 1.4025390939205319e-08
    },
    "Linear SVM": {
        "AVG-PR": 0.33445896612149534,
        "ROC-AUC": 0.6581387362637363,
        "Accuracy": 0.8785046728971962,
        "emission": 7.384650862990396e-09
    },
    "RBF SVM": {
        "AVG-PR": 0.14953271028037382,
        "ROC-AUC": 0.5,
        "Accuracy": 0.8504672897196262,
        "emission": 1.9795978844771998e-08
    },
    "Gaussian Process": {
        "AVG-PR": 0.14953271028037382,
        "ROC-AUC": 0.5,
        "Accuracy": 0.8504672897196262,
        "emission": 1.8220050320293403e-06
    },
    "Decision Tree": {
        "AVG-PR": 0.20697040498442365,
        "ROC-AUC": 0.601304945054945,
        "Accuracy": 0.8037383177570093,
        "emission": 1.0103840781638049e-08
    },
    "Random Forest": {
        "AVG-PR": 0.22926401869158877,
        "ROC-AUC": 0.546875,
        "Accuracy": 0.8644859813084113,
        "emission": 7.61645831815151e-07
    },
    "AdaBoost": {
        "AVG-PR": 0.31418129578176307,
        "ROC-AUC": 0.710679945054945,
        "Accuracy": 0.8364485981308412,
        "emission": 1.1569812100616973e-07
    },
    "Naive Bayes": {
        "AVG-PR": 0.1619664425862163,
        "ROC-AUC": 0.5446428571428572,
        "Accuracy": 0.3130841121495327,
        "emission": 4.169139350553741e-09
    },
    "QDA": {
        "AVG-PR": 0.14953271028037382,
        "ROC-AUC": 0.47527472527472525,
        "Accuracy": 0.8084112149532711,
        "emission": 1.88233506039899e-08
    },
    "PLS-DA": {
        "AVG-PR": 0.5247483263988371,
        "ROC-AUC": 0.7860576923076924,
        "Accuracy": 0.883177570093458,
        "emission": 1.266479363905143e-07
    },
    "DNN": {
        "AVG-PR": 0.5634518319438511,
        "ROC-AUC": 0.774896978021978,
        "Accuracy": 0.8644859813084113,
        "emission": 2.0366247339935054e-05
    }
}