{
    "Nearest Neighbors": {
        "AVG-PR": 0.4785747663551402,
        "ROC-AUC": 0.7520634920634921,
        "Accuracy": 0.9299065420560748,
        "emission": 1.4316684166732532e-08
    },
    "Linear SVM": {
        "AVG-PR": 0.3239971243709561,
        "ROC-AUC": 0.6694179894179894,
        "Accuracy": 0.9065420560747663,
        "emission": 5.863451873088438e-09
    },
    "RBF SVM": {
        "AVG-PR": 0.15214953271028037,
        "ROC-AUC": 0.52,
        "Accuracy": 0.8878504672897196,
        "emission": 1.682921947166943e-08
    },
    "Gaussian Process": {
        "AVG-PR": 0.11682242990654206,
        "ROC-AUC": 0.5,
        "Accuracy": 0.883177570093458,
        "emission": 1.208039209789683e-06
    },
    "Decision Tree": {
        "AVG-PR": 0.27636232925952553,
        "ROC-AUC": 0.6467724867724868,
        "Accuracy": 0.897196261682243,
        "emission": 1.1994611849581555e-08
    },
    "Random Forest": {
        "AVG-PR": 0.11682242990654206,
        "ROC-AUC": 0.5,
        "Accuracy": 0.883177570093458,
        "emission": 7.498410063806628e-07
    },
    "AdaBoost": {
        "AVG-PR": 0.32256584536958366,
        "ROC-AUC": 0.7135449735449735,
        "Accuracy": 0.8925233644859814,
        "emission": 1.1601392443850664e-07
    },
    "Naive Bayes": {
        "AVG-PR": 0.1215742471443406,
        "ROC-AUC": 0.522010582010582,
        "Accuracy": 0.24766355140186916,
        "emission": 4.4489347256318784e-09
    },
    "QDA": {
        "AVG-PR": 0.11682242990654206,
        "ROC-AUC": 0.5,
        "Accuracy": 0.883177570093458,
        "emission": 1.911228088836901e-08
    },
    "PLS-DA": {
        "AVG-PR": 0.5926224779381843,
        "ROC-AUC": 0.8903703703703704,
        "Accuracy": 0.9065420560747663,
        "emission": 1.2838850826594178e-07
    },
    "DNN": {
        "AVG-PR": 0.6127896760445711,
        "ROC-AUC": 0.8704761904761905,
        "Accuracy": 0.9112149532710281,
        "emission": 2.1000655911500395e-05
    }
}