{
    "Nearest Neighbors": {
        "AVG-PR": 0.07503337783711615,
        "ROC-AUC": 0.5257142857142857,
        "Accuracy": 0.9205607476635514,
        "emission": 1.65219568882848e-08
    },
    "Linear SVM": {
        "AVG-PR": 0.06542056074766354,
        "ROC-AUC": 0.49,
        "Accuracy": 0.9158878504672897,
        "emission": 6.987826501464653e-09
    },
    "RBF SVM": {
        "AVG-PR": 0.13217623497997327,
        "ROC-AUC": 0.5357142857142857,
        "Accuracy": 0.9392523364485982,
        "emission": 1.6794807640555386e-08
    },
    "Gaussian Process": {
        "AVG-PR": 0.06542056074766354,
        "ROC-AUC": 0.5,
        "Accuracy": 0.9345794392523364,
        "emission": 1.9550274058294275e-06
    },
    "Decision Tree": {
        "AVG-PR": 0.09732023650581727,
        "ROC-AUC": 0.579642857142857,
        "Accuracy": 0.897196261682243,
        "emission": 1.1760967284809226e-08
    },
    "Random Forest": {
        "AVG-PR": 0.06542056074766354,
        "ROC-AUC": 0.5,
        "Accuracy": 0.9345794392523364,
        "emission": 8.12328199766344e-07
    },
    "AdaBoost": {
        "AVG-PR": 0.07095174518405492,
        "ROC-AUC": 0.5207142857142857,
        "Accuracy": 0.9112149532710281,
        "emission": 1.172483615641637e-07
    },
    "Naive Bayes": {
        "AVG-PR": 0.08544726301735647,
        "ROC-AUC": 0.6178571428571428,
        "Accuracy": 0.4719626168224299,
        "emission": 6.4826128776959e-09
    },
    "QDA": {
        "AVG-PR": 0.06542056074766354,
        "ROC-AUC": 0.495,
        "Accuracy": 0.9252336448598131,
        "emission": 1.786099489624402e-08
    },
    "PLS-DA": {
        "AVG-PR": 0.14219232277566896,
        "ROC-AUC": 0.7214285714285714,
        "Accuracy": 0.9345794392523364,
        "emission": 1.2954151250615291e-07
    },
    "DNN": {
        "AVG-PR": 0.17752633255651284,
        "ROC-AUC": 0.6796428571428572,
        "Accuracy": 0.9345794392523364,
        "emission": 2.0370046665582026e-05
    }
}