{
    "Nearest Neighbors": {
        "AVG-PR": 0.3139695031972454,
        "ROC-AUC": 0.6765182186234818,
        "Accuracy": 0.9299065420560748,
        "emission": 2.7254272975245718e-08
    },
    "Linear SVM": {
        "AVG-PR": 0.09727004426955238,
        "ROC-AUC": 0.5186234817813765,
        "Accuracy": 0.9018691588785047,
        "emission": 6.904951739369688e-09
    },
    "RBF SVM": {
        "AVG-PR": 0.1367437284800787,
        "ROC-AUC": 0.5263157894736842,
        "Accuracy": 0.9158878504672897,
        "emission": 1.809658441525284e-08
    },
    "Gaussian Process": {
        "AVG-PR": 0.08878504672897196,
        "ROC-AUC": 0.5,
        "Accuracy": 0.9112149532710281,
        "emission": 2.5218572543115363e-06
    },
    "Decision Tree": {
        "AVG-PR": 0.2544553331567596,
        "ROC-AUC": 0.6688259109311742,
        "Accuracy": 0.9158878504672897,
        "emission": 9.862210430260666e-09
    },
    "Random Forest": {
        "AVG-PR": 0.08878504672897196,
        "ROC-AUC": 0.5,
        "Accuracy": 0.9112149532710281,
        "emission": 7.579367122685787e-07
    },
    "AdaBoost": {
        "AVG-PR": 0.16366070940591354,
        "ROC-AUC": 0.5924426450742241,
        "Accuracy": 0.9065420560747663,
        "emission": 1.1362853430724976e-07
    },
    "Naive Bayes": {
        "AVG-PR": 0.09811658361670124,
        "ROC-AUC": 0.550472334682861,
        "Accuracy": 0.397196261682243,
        "emission": 3.593776835079188e-09
    },
    "QDA": {
        "AVG-PR": 0.08878504672897196,
        "ROC-AUC": 0.49743589743589745,
        "Accuracy": 0.9065420560747663,
        "emission": 2.188271447952095e-08
    },
    "PLS-DA": {
        "AVG-PR": 0.260107595135026,
        "ROC-AUC": 0.7703103913630229,
        "Accuracy": 0.9112149532710281,
        "emission": 1.2764244134476238e-07
    },
    "DNN": {
        "AVG-PR": 0.4781388341189769,
        "ROC-AUC": 0.8399460188933874,
        "Accuracy": 0.9112149532710281,
        "emission": 2.072766966781745e-05
    }
}