{
    "Nearest Neighbors": {
        "AVG-PR": 0.15554072096128171,
        "ROC-AUC": 0.5636565507031828,
        "Accuracy": 0.9018691588785047,
        "emission": 1.6269388537906347e-08
    },
    "Linear SVM": {
        "AVG-PR": 0.10139445186174158,
        "ROC-AUC": 0.5108561559338762,
        "Accuracy": 0.883177570093458,
        "emission": 5.663509813554165e-09
    },
    "RBF SVM": {
        "AVG-PR": 0.09813084112149532,
        "ROC-AUC": 0.5,
        "Accuracy": 0.9018691588785047,
        "emission": 2.0894698572362072e-08
    },
    "Gaussian Process": {
        "AVG-PR": 0.09813084112149532,
        "ROC-AUC": 0.5,
        "Accuracy": 0.9018691588785047,
        "emission": 2.7675285891030352e-06
    },
    "Decision Tree": {
        "AVG-PR": 0.1556297285269248,
        "ROC-AUC": 0.579694053787318,
        "Accuracy": 0.8925233644859814,
        "emission": 1.2671791966592578e-08
    },
    "Random Forest": {
        "AVG-PR": 0.09813084112149532,
        "ROC-AUC": 0.5,
        "Accuracy": 0.9018691588785047,
        "emission": 7.522754939339387e-07
    },
    "AdaBoost": {
        "AVG-PR": 0.16409533699253326,
        "ROC-AUC": 0.5822847273624476,
        "Accuracy": 0.897196261682243,
        "emission": 1.1406689794264981e-07
    },
    "Naive Bayes": {
        "AVG-PR": 0.13482372279015978,
        "ROC-AUC": 0.6466814705156674,
        "Accuracy": 0.4392523364485981,
        "emission": 5.100045230390852e-09
    },
    "QDA": {
        "AVG-PR": 0.09813084112149532,
        "ROC-AUC": 0.49740932642487046,
        "Accuracy": 0.897196261682243,
        "emission": 3.023143154576255e-08
    },
    "PLS-DA": {
        "AVG-PR": 0.2595523712276844,
        "ROC-AUC": 0.7905255366395263,
        "Accuracy": 0.8878504672897196,
        "emission": 1.2530334160606826e-07
    },
    "DNN": {
        "AVG-PR": 0.467361563551326,
        "ROC-AUC": 0.8867505551443375,
        "Accuracy": 0.8925233644859814,
        "emission": 2.240362311435854e-05
    }
}