{
    "Nearest Neighbors": {
        "AVG-PR": 0.037383177570093455,
        "ROC-AUC": 0.4975728155339806,
        "Accuracy": 0.9579439252336449,
        "emission": 1.371855958074328e-08
    },
    "Linear SVM": {
        "AVG-PR": 0.037383177570093455,
        "ROC-AUC": 0.5,
        "Accuracy": 0.9626168224299065,
        "emission": 6.934474167072216e-09
    },
    "RBF SVM": {
        "AVG-PR": 0.037383177570093455,
        "ROC-AUC": 0.5,
        "Accuracy": 0.9626168224299065,
        "emission": 2.0283361299334204e-08
    },
    "Gaussian Process": {
        "AVG-PR": 0.037383177570093455,
        "ROC-AUC": 0.5,
        "Accuracy": 0.9626168224299065,
        "emission": 1.9618669378942114e-06
    },
    "Decision Tree": {
        "AVG-PR": 0.037383177570093455,
        "ROC-AUC": 0.49271844660194175,
        "Accuracy": 0.9485981308411215,
        "emission": 1.3269295669451454e-08
    },
    "Random Forest": {
        "AVG-PR": 0.037383177570093455,
        "ROC-AUC": 0.5,
        "Accuracy": 0.9626168224299065,
        "emission": 7.50725104012973e-07
    },
    "AdaBoost": {
        "AVG-PR": 0.037383177570093455,
        "ROC-AUC": 0.49029126213592233,
        "Accuracy": 0.9439252336448598,
        "emission": 1.2609313754770213e-07
    },
    "Naive Bayes": {
        "AVG-PR": 0.03637071651090342,
        "ROC-AUC": 0.4842233009708738,
        "Accuracy": 0.7009345794392523,
        "emission": 4.628393879940278e-09
    },
    "QDA": {
        "AVG-PR": 0.057710280373831774,
        "ROC-AUC": 0.5527912621359224,
        "Accuracy": 0.9485981308411215,
        "emission": 1.782272619352295e-08
    },
    "PLS-DA": {
        "AVG-PR": 0.10221710536828041,
        "ROC-AUC": 0.6959951456310679,
        "Accuracy": 0.9626168224299065,
        "emission": 1.3329807756799265e-07
    },
    "DNN": {
        "AVG-PR": 0.2284944642462842,
        "ROC-AUC": 0.7712378640776699,
        "Accuracy": 0.9626168224299065,
        "emission": 2.0462717664734333e-05
    }
}