{
    "Nearest Neighbors": {
        "AVG-PR": 0.5373987021454962,
        "ROC-AUC": 0.7509041591320073,
        "Accuracy": 0.8364485981308412,
        "emission": 1.533785352203618e-08
    },
    "Linear SVM": {
        "AVG-PR": 0.5828701835004811,
        "ROC-AUC": 0.7750904159132007,
        "Accuracy": 0.8551401869158879,
        "emission": 9.400032360934647e-09
    },
    "RBF SVM": {
        "AVG-PR": 0.2616822429906542,
        "ROC-AUC": 0.5,
        "Accuracy": 0.7383177570093458,
        "emission": 1.7681791474545866e-08
    },
    "Gaussian Process": {
        "AVG-PR": 0.2616822429906542,
        "ROC-AUC": 0.5,
        "Accuracy": 0.7383177570093458,
        "emission": 1.5311280599151116e-06
    },
    "Decision Tree": {
        "AVG-PR": 0.5068386636727759,
        "ROC-AUC": 0.7356464737793852,
        "Accuracy": 0.822429906542056,
        "emission": 1.0858456487933346e-08
    },
    "Random Forest": {
        "AVG-PR": 0.4021250556297285,
        "ROC-AUC": 0.6097423146473779,
        "Accuracy": 0.7897196261682243,
        "emission": 7.708416880127196e-07
    },
    "AdaBoost": {
        "AVG-PR": 0.495858113848768,
        "ROC-AUC": 0.7492088607594937,
        "Accuracy": 0.8084112149532711,
        "emission": 1.1662758486324282e-07
    },
    "Naive Bayes": {
        "AVG-PR": 0.29460995613198554,
        "ROC-AUC": 0.5750452079566004,
        "Accuracy": 0.40654205607476634,
        "emission": 7.07015988177114e-09
    },
    "QDA": {
        "AVG-PR": 0.2616822429906542,
        "ROC-AUC": 0.4936708860759494,
        "Accuracy": 0.7289719626168224,
        "emission": 2.0134131477400715e-08
    },
    "PLS-DA": {
        "AVG-PR": 0.7101882235184943,
        "ROC-AUC": 0.8329566003616636,
        "Accuracy": 0.8411214953271028,
        "emission": 1.418780775936722e-07
    },
    "DNN": {
        "AVG-PR": 0.7133919626702733,
        "ROC-AUC": 0.8496835443037974,
        "Accuracy": 0.8644859813084113,
        "emission": 2.112430196618343e-05
    }
}