{
    "Nearest Neighbors": {
        "AVG-PR": 0.2882099209202013,
        "ROC-AUC": 0.6513585916570992,
        "Accuracy": 0.9532710280373832,
        "emission": 2.6660557016477147e-08
    },
    "Linear SVM": {
        "AVG-PR": 0.357895998082914,
        "ROC-AUC": 0.6898201301186376,
        "Accuracy": 0.9579439252336449,
        "emission": 4.7607601304414104e-09
    },
    "RBF SVM": {
        "AVG-PR": 0.06074766355140187,
        "ROC-AUC": 0.5,
        "Accuracy": 0.9392523364485982,
        "emission": 1.961852916090135e-08
    },
    "Gaussian Process": {
        "AVG-PR": 0.06074766355140187,
        "ROC-AUC": 0.5,
        "Accuracy": 0.9392523364485982,
        "emission": 2.1194949815123437e-06
    },
    "Decision Tree": {
        "AVG-PR": 0.20578720345075485,
        "ROC-AUC": 0.7058936088786836,
        "Accuracy": 0.9205607476635514,
        "emission": 1.2284745784434993e-08
    },
    "Random Forest": {
        "AVG-PR": 0.06074766355140187,
        "ROC-AUC": 0.5,
        "Accuracy": 0.9392523364485982,
        "emission": 7.39063029131575e-07
    },
    "AdaBoost": {
        "AVG-PR": 0.2774982027318476,
        "ROC-AUC": 0.6153846153846154,
        "Accuracy": 0.9532710280373832,
        "emission": 1.2108036998754114e-07
    },
    "Naive Bayes": {
        "AVG-PR": 0.06572969086987779,
        "ROC-AUC": 0.5378874856486796,
        "Accuracy": 0.5373831775700935,
        "emission": 5.630066872702381e-09
    },
    "QDA": {
        "AVG-PR": 0.06074766355140187,
        "ROC-AUC": 0.5,
        "Accuracy": 0.9392523364485982,
        "emission": 3.3721893434791645e-08
    },
    "PLS-DA": {
        "AVG-PR": 0.5100839533322139,
        "ROC-AUC": 0.7803291236127057,
        "Accuracy": 0.9485981308411215,
        "emission": 1.2721572340213407e-07
    },
    "DNN": {
        "AVG-PR": 0.4963634699070853,
        "ROC-AUC": 0.7895139686184464,
        "Accuracy": 0.9485981308411215,
        "emission": 2.0742513333317154e-05
    }
}