{
    "Nearest Neighbors": {
        "AVG-PR": 0.21441088117489987,
        "ROC-AUC": 0.6067994505494505,
        "Accuracy": 0.8130841121495327,
        "emission": 1.1622907963333758e-08
    },
    "Linear SVM": {
        "AVG-PR": 0.31845794392523363,
        "ROC-AUC": 0.665521978021978,
        "Accuracy": 0.8691588785046729,
        "emission": 8.028367115441575e-09
    },
    "RBF SVM": {
        "AVG-PR": 0.14953271028037382,
        "ROC-AUC": 0.5,
        "Accuracy": 0.8504672897196262,
        "emission": 2.1036848724216842e-08
    },
    "Gaussian Process": {
        "AVG-PR": 0.3077436582109479,
        "ROC-AUC": 0.6627747252747253,
        "Accuracy": 0.8644859813084113,
        "emission": 2.058011229058292e-06
    },
    "Decision Tree": {
        "AVG-PR": 0.2563736943375481,
        "ROC-AUC": 0.618646978021978,
        "Accuracy": 0.8551401869158879,
        "emission": 1.2792432706412905e-08
    },
    "Random Forest": {
        "AVG-PR": 0.1818535825545171,
        "ROC-AUC": 0.5285027472527474,
        "Accuracy": 0.8551401869158879,
        "emission": 7.490164607678332e-07
    },
    "AdaBoost": {
        "AVG-PR": 0.29531904608443443,
        "ROC-AUC": 0.6775412087912087,
        "Accuracy": 0.8457943925233645,
        "emission": 1.1504802984030277e-07
    },
    "Naive Bayes": {
        "AVG-PR": 0.16735141237005144,
        "ROC-AUC": 0.5621565934065934,
        "Accuracy": 0.29906542056074764,
        "emission": 4.919797096748283e-09
    },
    "QDA": {
        "AVG-PR": 0.14953271028037382,
        "ROC-AUC": 0.47802197802197804,
        "Accuracy": 0.8130841121495327,
        "emission": 1.8318499747077467e-08
    },
    "PLS-DA": {
        "AVG-PR": 0.4936706387688854,
        "ROC-AUC": 0.7888049450549451,
        "Accuracy": 0.8598130841121495,
        "emission": 1.2763075141924744e-07
    },
    "DNN": {
        "AVG-PR": 0.4929737325254004,
        "ROC-AUC": 0.8027129120879122,
        "Accuracy": 0.8317757009345794,
        "emission": 2.0706967533848163e-05
    }
}