{
    "Nearest Neighbors": {
        "AVG-PR": 0.037383177570093455,
        "ROC-AUC": 0.5,
        "Accuracy": 0.9626168224299065,
        "emission": 1.478624293315922e-08
    },
    "Linear SVM": {
        "AVG-PR": 0.037383177570093455,
        "ROC-AUC": 0.5,
        "Accuracy": 0.9626168224299065,
        "emission": 5.908457795088725e-09
    },
    "RBF SVM": {
        "AVG-PR": 0.037383177570093455,
        "ROC-AUC": 0.5,
        "Accuracy": 0.9626168224299065,
        "emission": 2.0182756943766437e-08
    },
    "Gaussian Process": {
        "AVG-PR": 0.037383177570093455,
        "ROC-AUC": 0.5,
        "Accuracy": 0.9626168224299065,
        "emission": 2.3868839780725586e-06
    },
    "Decision Tree": {
        "AVG-PR": 0.09521028037383178,
        "ROC-AUC": 0.5600728155339806,
        "Accuracy": 0.9626168224299065,
        "emission": 1.322862885924429e-08
    },
    "Random Forest": {
        "AVG-PR": 0.037383177570093455,
        "ROC-AUC": 0.5,
        "Accuracy": 0.9626168224299065,
        "emission": 7.320445832297362e-07
    },
    "AdaBoost": {
        "AVG-PR": 0.057710280373831774,
        "ROC-AUC": 0.5527912621359224,
        "Accuracy": 0.9485981308411215,
        "emission": 1.1483721473669591e-07
    },
    "Naive Bayes": {
        "AVG-PR": 0.035083235981308414,
        "ROC-AUC": 0.46177184466019416,
        "Accuracy": 0.5420560747663551,
        "emission": 3.886511522782499e-09
    },
    "QDA": {
        "AVG-PR": 0.037383177570093455,
        "ROC-AUC": 0.49271844660194175,
        "Accuracy": 0.9485981308411215,
        "emission": 3.319178303822891e-08
    },
    "PLS-DA": {
        "AVG-PR": 0.20145751282969326,
        "ROC-AUC": 0.7554611650485438,
        "Accuracy": 0.9626168224299065,
        "emission": 1.2569866071315106e-07
    },
    "DNN": {
        "AVG-PR": 0.45920508309757185,
        "ROC-AUC": 0.6959951456310679,
        "Accuracy": 0.9626168224299065,
        "emission": 2.0361784819920942e-05
    }
}