{
    "Nearest Neighbors": {
        "AVG-PR": 0.5505624783662166,
        "ROC-AUC": 0.7997815230961298,
        "Accuracy": 0.9065420560747663,
        "emission": 1.4082828497772673e-08
    },
    "Linear SVM": {
        "AVG-PR": 0.4230651762262537,
        "ROC-AUC": 0.6860174781523096,
        "Accuracy": 0.883177570093458,
        "emission": 6.08101704843903e-09
    },
    "RBF SVM": {
        "AVG-PR": 0.19132917964693663,
        "ROC-AUC": 0.5138888888888888,
        "Accuracy": 0.8364485981308412,
        "emission": 1.744035904094023e-08
    },
    "Gaussian Process": {
        "AVG-PR": 0.37536943845355064,
        "ROC-AUC": 0.6471598002496879,
        "Accuracy": 0.8738317757009346,
        "emission": 1.930237644333421e-06
    },
    "Decision Tree": {
        "AVG-PR": 0.41669026715755686,
        "ROC-AUC": 0.7053682896379526,
        "Accuracy": 0.8785046728971962,
        "emission": 1.2296712500003871e-08
    },
    "Random Forest": {
        "AVG-PR": 0.2606438213914849,
        "ROC-AUC": 0.5555555555555556,
        "Accuracy": 0.8504672897196262,
        "emission": 7.526036604983231e-07
    },
    "AdaBoost": {
        "AVG-PR": 0.4026366878865863,
        "ROC-AUC": 0.7025593008739076,
        "Accuracy": 0.8738317757009346,
        "emission": 1.133446011858779e-07
    },
    "Naive Bayes": {
        "AVG-PR": 0.18301310499660628,
        "ROC-AUC": 0.5482209737827715,
        "Accuracy": 0.3037383177570093,
        "emission": 4.45419001116826e-09
    },
    "QDA": {
        "AVG-PR": 0.17744029075804776,
        "ROC-AUC": 0.5110799001248438,
        "Accuracy": 0.8317757009345794,
        "emission": 2.1296277225674386e-08
    },
    "PLS-DA": {
        "AVG-PR": 0.5770712958723089,
        "ROC-AUC": 0.8573657927590511,
        "Accuracy": 0.8457943925233645,
        "emission": 1.2397718270480187e-07
    },
    "DNN": {
        "AVG-PR": 0.13600317364703263,
        "ROC-AUC": 0.36470037453183524,
        "Accuracy": 0.8317757009345794,
        "emission": 1.9681906159033917e-05
    }
}