{
    "Nearest Neighbors": {
        "AVG-PR": 0.14866979655712048,
        "ROC-AUC": 0.5555555555555556,
        "Accuracy": 0.9624413145539906,
        "emission": 1.4135964061377392e-08
    },
    "Linear SVM": {
        "AVG-PR": 0.09311424100156493,
        "ROC-AUC": 0.5531045751633987,
        "Accuracy": 0.9577464788732394,
        "emission": 7.240063354172376e-09
    },
    "RBF SVM": {
        "AVG-PR": 0.04225352112676056,
        "ROC-AUC": 0.5,
        "Accuracy": 0.9577464788732394,
        "emission": 1.840987936807552e-08
    },
    "Gaussian Process": {
        "AVG-PR": 0.04225352112676056,
        "ROC-AUC": 0.5,
        "Accuracy": 0.9577464788732394,
        "emission": 2.10950452367724e-06
    },
    "Decision Tree": {
        "AVG-PR": 0.0560772039645279,
        "ROC-AUC": 0.5433006535947713,
        "Accuracy": 0.9389671361502347,
        "emission": 1.4268630359976575e-08
    },
    "Random Forest": {
        "AVG-PR": 0.04225352112676056,
        "ROC-AUC": 0.5,
        "Accuracy": 0.9577464788732394,
        "emission": 7.326901844310472e-07
    },
    "AdaBoost": {
        "AVG-PR": 0.04225352112676056,
        "ROC-AUC": 0.4950980392156863,
        "Accuracy": 0.9483568075117371,
        "emission": 1.1625454729831847e-07
    },
    "Naive Bayes": {
        "AVG-PR": 0.036762485242841064,
        "ROC-AUC": 0.33660130718954245,
        "Accuracy": 0.4413145539906103,
        "emission": 4.714093199415453e-09
    },
    "QDA": {
        "AVG-PR": 0.04225352112676056,
        "ROC-AUC": 0.49754901960784315,
        "Accuracy": 0.9530516431924883,
        "emission": 1.70391964065719e-08
    },
    "PLS-DA": {
        "AVG-PR": 0.30458586212262684,
        "ROC-AUC": 0.7886710239651415,
        "Accuracy": 0.9577464788732394,
        "emission": 1.2342817956076175e-07
    },
    "DNN": {
        "AVG-PR": 0.2824751846694,
        "ROC-AUC": 0.6949891067538126,
        "Accuracy": 0.9624413145539906,
        "emission": 2.0234624366501504e-05
    }
}