{
    "Nearest Neighbors": {
        "AVG-PR": 0.04672897196261682,
        "ROC-AUC": 0.49019607843137253,
        "Accuracy": 0.9345794392523364,
        "emission": 1.3674505102455922e-08
    },
    "Linear SVM": {
        "AVG-PR": 0.04672897196261682,
        "ROC-AUC": 0.4950980392156863,
        "Accuracy": 0.9439252336448598,
        "emission": 5.241730440039969e-09
    },
    "RBF SVM": {
        "AVG-PR": 0.04672897196261682,
        "ROC-AUC": 0.5,
        "Accuracy": 0.9532710280373832,
        "emission": 1.7181545090038228e-08
    },
    "Gaussian Process": {
        "AVG-PR": 0.04672897196261682,
        "ROC-AUC": 0.5,
        "Accuracy": 0.9532710280373832,
        "emission": 1.6718689577028542e-06
    },
    "Decision Tree": {
        "AVG-PR": 0.04672897196261682,
        "ROC-AUC": 0.4632352941176471,
        "Accuracy": 0.883177570093458,
        "emission": 1.1664131090071581e-08
    },
    "Random Forest": {
        "AVG-PR": 0.04672897196261682,
        "ROC-AUC": 0.5,
        "Accuracy": 0.9532710280373832,
        "emission": 7.399391452700183e-07
    },
    "AdaBoost": {
        "AVG-PR": 0.04672897196261682,
        "ROC-AUC": 0.4730392156862745,
        "Accuracy": 0.9018691588785047,
        "emission": 1.1365366679769705e-07
    },
    "Naive Bayes": {
        "AVG-PR": 0.04419899933918626,
        "ROC-AUC": 0.467156862745098,
        "Accuracy": 0.5280373831775701,
        "emission": 3.875377151826916e-09
    },
    "QDA": {
        "AVG-PR": 0.04672897196261682,
        "ROC-AUC": 0.49019607843137253,
        "Accuracy": 0.9345794392523364,
        "emission": 1.836117690791247e-08
    },
    "PLS-DA": {
        "AVG-PR": 0.05485081272746409,
        "ROC-AUC": 0.5269607843137254,
        "Accuracy": 0.9532710280373832,
        "emission": 1.249439042601434e-07
    },
    "DNN": {
        "AVG-PR": 0.04177999645404769,
        "ROC-AUC": 0.4196078431372549,
        "Accuracy": 0.9532710280373832,
        "emission": 1.9787159860005874e-05
    }
}