{
    "Nearest Neighbors": {
        "AVG-PR": 0.19240468773179054,
        "ROC-AUC": 0.6034580498866213,
        "Accuracy": 0.9205607476635514,
        "emission": 1.2651552213519176e-08
    },
    "Linear SVM": {
        "AVG-PR": 0.19893190921228304,
        "ROC-AUC": 0.6462585034013605,
        "Accuracy": 0.9065420560747663,
        "emission": 5.799379839463232e-09
    },
    "RBF SVM": {
        "AVG-PR": 0.08411214953271028,
        "ROC-AUC": 0.5,
        "Accuracy": 0.9158878504672897,
        "emission": 1.852958357777981e-08
    },
    "Gaussian Process": {
        "AVG-PR": 0.28764278296988577,
        "ROC-AUC": 0.6111111111111112,
        "Accuracy": 0.9345794392523364,
        "emission": 5.625506775201994e-06
    },
    "Decision Tree": {
        "AVG-PR": 0.10855499640546369,
        "ROC-AUC": 0.5578231292517007,
        "Accuracy": 0.883177570093458,
        "emission": 1.2421104349876408e-08
    },
    "Random Forest": {
        "AVG-PR": 0.08411214953271028,
        "ROC-AUC": 0.5,
        "Accuracy": 0.9158878504672897,
        "emission": 7.313743068551385e-07
    },
    "AdaBoost": {
        "AVG-PR": 0.13259345794392524,
        "ROC-AUC": 0.5705782312925171,
        "Accuracy": 0.9065420560747663,
        "emission": 1.1106490320464716e-07
    },
    "Naive Bayes": {
        "AVG-PR": 0.09768257838148126,
        "ROC-AUC": 0.5745464852607709,
        "Accuracy": 0.3130841121495327,
        "emission": 3.48093828077241e-09
    },
    "QDA": {
        "AVG-PR": 0.08411214953271028,
        "ROC-AUC": 0.4923469387755102,
        "Accuracy": 0.9018691588785047,
        "emission": 1.411922460227346e-08
    },
    "PLS-DA": {
        "AVG-PR": 0.4322651165576647,
        "ROC-AUC": 0.7457482993197279,
        "Accuracy": 0.9345794392523364,
        "emission": 8.58677741299035e-08
    },
    "DNN": {
        "AVG-PR": 0.4767093140966635,
        "ROC-AUC": 0.7930839002267573,
        "Accuracy": 0.9345794392523364,
        "emission": 1.9659577455713874e-05
    }
}