{
    "Nearest Neighbors": {
        "AVG-PR": 0.037383177570093455,
        "ROC-AUC": 0.5,
        "Accuracy": 0.9626168224299065,
        "emission": 1.973643385821786e-08
    },
    "Linear SVM": {
        "AVG-PR": 0.037383177570093455,
        "ROC-AUC": 0.5,
        "Accuracy": 0.9626168224299065,
        "emission": 6.4022147039160325e-09
    },
    "RBF SVM": {
        "AVG-PR": 0.037383177570093455,
        "ROC-AUC": 0.5,
        "Accuracy": 0.9626168224299065,
        "emission": 1.98222421450733e-08
    },
    "Gaussian Process": {
        "AVG-PR": 0.037383177570093455,
        "ROC-AUC": 0.5,
        "Accuracy": 0.9626168224299065,
        "emission": 2.4269816773080055e-06
    },
    "Decision Tree": {
        "AVG-PR": 0.037383177570093455,
        "ROC-AUC": 0.4878640776699029,
        "Accuracy": 0.9392523364485982,
        "emission": 1.0800188930475542e-08
    },
    "Random Forest": {
        "AVG-PR": 0.037383177570093455,
        "ROC-AUC": 0.5,
        "Accuracy": 0.9626168224299065,
        "emission": 7.268241732274531e-07
    },
    "AdaBoost": {
        "AVG-PR": 0.06396028037383178,
        "ROC-AUC": 0.5552184466019418,
        "Accuracy": 0.9532710280373832,
        "emission": 1.1794254471463958e-07
    },
    "Naive Bayes": {
        "AVG-PR": 0.039310145486077655,
        "ROC-AUC": 0.5242718446601942,
        "Accuracy": 0.5467289719626168,
        "emission": 4.998402677555014e-09
    },
    "QDA": {
        "AVG-PR": 0.037383177570093455,
        "ROC-AUC": 0.49029126213592233,
        "Accuracy": 0.9439252336448598,
        "emission": 1.8779905671799512e-08
    },
    "PLS-DA": {
        "AVG-PR": 0.0410234872857689,
        "ROC-AUC": 0.453883495145631,
        "Accuracy": 0.9626168224299065,
        "emission": 1.2116152804204972e-07
    },
    "DNN": {
        "AVG-PR": 0.046170225252151975,
        "ROC-AUC": 0.379247572815534,
        "Accuracy": 0.9626168224299065,
        "emission": 2.0088354279773735e-05
    }
}