{
    "Nearest Neighbors": {
        "AVG-PR": 0.06542056074766354,
        "ROC-AUC": 0.495,
        "Accuracy": 0.9252336448598131,
        "emission": 1.7104715110688497e-08
    },
    "Linear SVM": {
        "AVG-PR": 0.19893190921228304,
        "ROC-AUC": 0.5714285714285714,
        "Accuracy": 0.9439252336448598,
        "emission": 5.048870100634776e-09
    },
    "RBF SVM": {
        "AVG-PR": 0.06542056074766354,
        "ROC-AUC": 0.5,
        "Accuracy": 0.9345794392523364,
        "emission": 1.8107796103568165e-08
    },
    "Gaussian Process": {
        "AVG-PR": 0.19893190921228304,
        "ROC-AUC": 0.5714285714285714,
        "Accuracy": 0.9439252336448598,
        "emission": 4.4095345248234754e-06
    },
    "Decision Tree": {
        "AVG-PR": 0.11321762349799733,
        "ROC-AUC": 0.5639285714285714,
        "Accuracy": 0.9299065420560748,
        "emission": 1.170967214771777e-08
    },
    "Random Forest": {
        "AVG-PR": 0.06542056074766354,
        "ROC-AUC": 0.5,
        "Accuracy": 0.9345794392523364,
        "emission": 7.606510585828303e-07
    },
    "AdaBoost": {
        "AVG-PR": 0.09646194926568757,
        "ROC-AUC": 0.5332142857142858,
        "Accuracy": 0.9345794392523364,
        "emission": 1.1765945616178689e-07
    },
    "Naive Bayes": {
        "AVG-PR": 0.0587070639640733,
        "ROC-AUC": 0.3946428571428571,
        "Accuracy": 0.5514018691588785,
        "emission": 4.1530890193932e-09
    },
    "QDA": {
        "AVG-PR": 0.06542056074766354,
        "ROC-AUC": 0.4925,
        "Accuracy": 0.9205607476635514,
        "emission": 1.7994312216922268e-08
    },
    "PLS-DA": {
        "AVG-PR": 0.20609791512188258,
        "ROC-AUC": 0.7146428571428571,
        "Accuracy": 0.9345794392523364,
        "emission": 8.982671472318031e-08
    },
    "DNN": {
        "AVG-PR": 0.0589082600514436,
        "ROC-AUC": 0.4392857142857142,
        "Accuracy": 0.9345794392523364,
        "emission": 2.0735826086900468e-05
    }
}