{
    "Nearest Neighbors": {
        "AVG-PR": 0.04672897196261682,
        "ROC-AUC": 0.5,
        "Accuracy": 0.9532710280373832,
        "emission": 1.3340897553229976e-08
    },
    "Linear SVM": {
        "AVG-PR": 0.14205607476635515,
        "ROC-AUC": 0.55,
        "Accuracy": 0.9579439252336449,
        "emission": 7.497793929366534e-09
    },
    "RBF SVM": {
        "AVG-PR": 0.04672897196261682,
        "ROC-AUC": 0.5,
        "Accuracy": 0.9532710280373832,
        "emission": 2.2646896137370683e-08
    },
    "Gaussian Process": {
        "AVG-PR": 0.04672897196261682,
        "ROC-AUC": 0.5,
        "Accuracy": 0.9532710280373832,
        "emission": 3.7150519504586325e-06
    },
    "Decision Tree": {
        "AVG-PR": 0.06205607476635514,
        "ROC-AUC": 0.5401960784313725,
        "Accuracy": 0.9392523364485982,
        "emission": 1.1274546557056658e-08
    },
    "Random Forest": {
        "AVG-PR": 0.04672897196261682,
        "ROC-AUC": 0.5,
        "Accuracy": 0.9532710280373832,
        "emission": 7.730120029740333e-07
    },
    "AdaBoost": {
        "AVG-PR": 0.04672897196261682,
        "ROC-AUC": 0.48284313725490197,
        "Accuracy": 0.9205607476635514,
        "emission": 1.1556040584344943e-07
    },
    "Naive Bayes": {
        "AVG-PR": 0.051124021217479165,
        "ROC-AUC": 0.5426470588235295,
        "Accuracy": 0.49065420560747663,
        "emission": 4.9283875922238445e-09
    },
    "QDA": {
        "AVG-PR": 0.04672897196261682,
        "ROC-AUC": 0.49754901960784315,
        "Accuracy": 0.9485981308411215,
        "emission": 2.5211792366747357e-08
    },
    "PLS-DA": {
        "AVG-PR": 0.1712844679858252,
        "ROC-AUC": 0.7571078431372549,
        "Accuracy": 0.9532710280373832,
        "emission": 1.2347449341665347e-07
    },
    "DNN": {
        "AVG-PR": 0.11861016355286781,
        "ROC-AUC": 0.7644607843137255,
        "Accuracy": 0.9532710280373832,
        "emission": 2.1082461547801662e-05
    }
}