{
    "Nearest Neighbors": {
        "AVG-PR": 0.09293873312564901,
        "ROC-AUC": 0.5531165311653117,
        "Accuracy": 0.9579439252336449,
        "emission": 1.552769588589664e-08
    },
    "Linear SVM": {
        "AVG-PR": 0.04205607476635514,
        "ROC-AUC": 0.5,
        "Accuracy": 0.9579439252336449,
        "emission": 6.452795644256808e-09
    },
    "RBF SVM": {
        "AVG-PR": 0.04205607476635514,
        "ROC-AUC": 0.5,
        "Accuracy": 0.9579439252336449,
        "emission": 1.9497682358444042e-08
    },
    "Gaussian Process": {
        "AVG-PR": 0.04205607476635514,
        "ROC-AUC": 0.5,
        "Accuracy": 0.9579439252336449,
        "emission": 2.3898193276995856e-06
    },
    "Decision Tree": {
        "AVG-PR": 0.118946474086661,
        "ROC-AUC": 0.6471544715447154,
        "Accuracy": 0.9345794392523364,
        "emission": 1.3022672207419843e-08
    },
    "Random Forest": {
        "AVG-PR": 0.04205607476635514,
        "ROC-AUC": 0.5,
        "Accuracy": 0.9579439252336449,
        "emission": 7.734088407136343e-07
    },
    "AdaBoost": {
        "AVG-PR": 0.06516095534787122,
        "ROC-AUC": 0.5482384823848239,
        "Accuracy": 0.9485981308411215,
        "emission": 1.1941807389991437e-07
    },
    "Naive Bayes": {
        "AVG-PR": 0.09468696189387067,
        "ROC-AUC": 0.7712737127371274,
        "Accuracy": 0.6635514018691588,
        "emission": 4.7432880865328345e-09
    },
    "QDA": {
        "AVG-PR": 0.04205607476635514,
        "ROC-AUC": 0.4878048780487805,
        "Accuracy": 0.9345794392523364,
        "emission": 1.8614836814898915e-08
    },
    "PLS-DA": {
        "AVG-PR": 0.20349297253716797,
        "ROC-AUC": 0.8422764227642277,
        "Accuracy": 0.9579439252336449,
        "emission": 1.443670763854563e-07
    },
    "DNN": {
        "AVG-PR": 0.08877977802641923,
        "ROC-AUC": 0.643360433604336,
        "Accuracy": 0.9299065420560748,
        "emission": 2.1458074710907068e-05
    }
}