{
    "Nearest Neighbors": {
        "AVG-PR": 0.19344732370433304,
        "ROC-AUC": 0.6410984848484849,
        "Accuracy": 0.9205607476635514,
        "emission": 2.5448991522592017e-08
    },
    "Linear SVM": {
        "AVG-PR": 0.0805101246105919,
        "ROC-AUC": 0.5186237373737373,
        "Accuracy": 0.9065420560747663,
        "emission": 5.432326911346787e-09
    },
    "RBF SVM": {
        "AVG-PR": 0.13259345794392524,
        "ROC-AUC": 0.53125,
        "Accuracy": 0.9299065420560748,
        "emission": 1.815238796132076e-08
    },
    "Gaussian Process": {
        "AVG-PR": 0.07476635514018691,
        "ROC-AUC": 0.5,
        "Accuracy": 0.9252336448598131,
        "emission": 2.2064568192950624e-06
    },
    "Decision Tree": {
        "AVG-PR": 0.10927223952924886,
        "ROC-AUC": 0.6006944444444444,
        "Accuracy": 0.8457943925233645,
        "emission": 1.2418022692939201e-08
    },
    "Random Forest": {
        "AVG-PR": 0.07476635514018691,
        "ROC-AUC": 0.5,
        "Accuracy": 0.9252336448598131,
        "emission": 7.557786113883769e-07
    },
    "AdaBoost": {
        "AVG-PR": 0.1394080996884735,
        "ROC-AUC": 0.6047979797979798,
        "Accuracy": 0.9065420560747663,
        "emission": 1.178401278507961e-07
    },
    "Naive Bayes": {
        "AVG-PR": 0.09968978908815358,
        "ROC-AUC": 0.6328914141414141,
        "Accuracy": 0.37383177570093457,
        "emission": 4.532698542594663e-09
    },
    "QDA": {
        "AVG-PR": 0.10134345794392523,
        "ROC-AUC": 0.5287247474747475,
        "Accuracy": 0.9252336448598131,
        "emission": 1.8970818860667673e-08
    },
    "PLS-DA": {
        "AVG-PR": 0.16497590625298128,
        "ROC-AUC": 0.7026515151515152,
        "Accuracy": 0.9252336448598131,
        "emission": 1.299775914200214e-07
    },
    "DNN": {
        "AVG-PR": 0.31263300290308244,
        "ROC-AUC": 0.7642045454545455,
        "Accuracy": 0.9252336448598131,
        "emission": 2.0253698437780278e-05
    }
}