{
    "Nearest Neighbors": {
        "AVG-PR": 0.13763806287170774,
        "ROC-AUC": 0.5454545454545454,
        "Accuracy": 0.9532710280373832,
        "emission": 1.616503218755795e-08
    },
    "Linear SVM": {
        "AVG-PR": 0.0514018691588785,
        "ROC-AUC": 0.5,
        "Accuracy": 0.9485981308411215,
        "emission": 5.14073733951841e-09
    },
    "RBF SVM": {
        "AVG-PR": 0.0514018691588785,
        "ROC-AUC": 0.5,
        "Accuracy": 0.9485981308411215,
        "emission": 1.822139645126568e-08
    },
    "Gaussian Process": {
        "AVG-PR": 0.0514018691588785,
        "ROC-AUC": 0.5,
        "Accuracy": 0.9485981308411215,
        "emission": 2.284311774707112e-06
    },
    "Decision Tree": {
        "AVG-PR": 0.07703200226564713,
        "ROC-AUC": 0.5405284370801612,
        "Accuracy": 0.9439252336448598,
        "emission": 1.2850011826276432e-08
    },
    "Random Forest": {
        "AVG-PR": 0.0514018691588785,
        "ROC-AUC": 0.5,
        "Accuracy": 0.9485981308411215,
        "emission": 7.727042063797324e-07
    },
    "AdaBoost": {
        "AVG-PR": 0.13296516567544606,
        "ROC-AUC": 0.5859829825347067,
        "Accuracy": 0.9485981308411215,
        "emission": 1.2137156050553693e-07
    },
    "Naive Bayes": {
        "AVG-PR": 0.05520425644525537,
        "ROC-AUC": 0.5349305866547246,
        "Accuracy": 0.4439252336448598,
        "emission": 5.724884607832712e-09
    },
    "QDA": {
        "AVG-PR": 0.0514018691588785,
        "ROC-AUC": 0.4876847290640394,
        "Accuracy": 0.9252336448598131,
        "emission": 1.9426365378473715e-08
    },
    "PLS-DA": {
        "AVG-PR": 0.32667913048944,
        "ROC-AUC": 0.6677115987460815,
        "Accuracy": 0.9485981308411215,
        "emission": 1.327967304743885e-07
    },
    "DNN": {
        "AVG-PR": 0.050970993206410194,
        "ROC-AUC": 0.46036721898790867,
        "Accuracy": 0.9485981308411215,
        "emission": 2.046330787555698e-05
    }
}