{
    "Nearest Neighbors": {
        "AVG-PR": 0.06074766355140187,
        "ROC-AUC": 0.4925373134328358,
        "Accuracy": 0.9252336448598131,
        "emission": 1.5572721037199894e-08
    },
    "Linear SVM": {
        "AVG-PR": 0.06074766355140187,
        "ROC-AUC": 0.5,
        "Accuracy": 0.9392523364485982,
        "emission": 6.7658591630038464e-09
    },
    "RBF SVM": {
        "AVG-PR": 0.06074766355140187,
        "ROC-AUC": 0.5,
        "Accuracy": 0.9392523364485982,
        "emission": 2.010618504914496e-08
    },
    "Gaussian Process": {
        "AVG-PR": 0.06074766355140187,
        "ROC-AUC": 0.5,
        "Accuracy": 0.9392523364485982,
        "emission": 1.0279492414641352e-06
    },
    "Decision Tree": {
        "AVG-PR": 0.1446201773304577,
        "ROC-AUC": 0.633945656333716,
        "Accuracy": 0.9205607476635514,
        "emission": 1.2723516976078256e-08
    },
    "Random Forest": {
        "AVG-PR": 0.06074766355140187,
        "ROC-AUC": 0.5,
        "Accuracy": 0.9392523364485982,
        "emission": 7.513806256713667e-07
    },
    "AdaBoost": {
        "AVG-PR": 0.07145938173975558,
        "ROC-AUC": 0.5285112897053196,
        "Accuracy": 0.9252336448598131,
        "emission": 1.1753945454463234e-07
    },
    "Naive Bayes": {
        "AVG-PR": 0.07383113949981868,
        "ROC-AUC": 0.5874473784921547,
        "Accuracy": 0.4953271028037383,
        "emission": 4.202715976581519e-09
    },
    "QDA": {
        "AVG-PR": 0.06074766355140187,
        "ROC-AUC": 0.49502487562189057,
        "Accuracy": 0.9299065420560748,
        "emission": 1.9919897877147684e-08
    },
    "PLS-DA": {
        "AVG-PR": 0.26240138708368604,
        "ROC-AUC": 0.8009950248756219,
        "Accuracy": 0.9392523364485982,
        "emission": 1.2643262937868742e-07
    },
    "DNN": {
        "AVG-PR": 0.2065201952386836,
        "ROC-AUC": 0.8151549942594719,
        "Accuracy": 0.9392523364485982,
        "emission": 2.0901766505069274e-05
    }
}