{
    "Nearest Neighbors": {
        "AVG-PR": 0.13473520249221183,
        "ROC-AUC": 0.5416666666666666,
        "Accuracy": 0.9485981308411215,
        "emission": 1.588994429670578e-08
    },
    "Linear SVM": {
        "AVG-PR": 0.056074766355140186,
        "ROC-AUC": 0.5,
        "Accuracy": 0.9439252336448598,
        "emission": 5.0401845480516845e-09
    },
    "RBF SVM": {
        "AVG-PR": 0.056074766355140186,
        "ROC-AUC": 0.5,
        "Accuracy": 0.9439252336448598,
        "emission": 2.109386472508833e-08
    },
    "Gaussian Process": {
        "AVG-PR": 0.056074766355140186,
        "ROC-AUC": 0.5,
        "Accuracy": 0.9439252336448598,
        "emission": 1.9302890931119906e-06
    },
    "Decision Tree": {
        "AVG-PR": 0.1855313257182416,
        "ROC-AUC": 0.6542904290429042,
        "Accuracy": 0.9392523364485982,
        "emission": 1.1525015536625308e-08
    },
    "Random Forest": {
        "AVG-PR": 0.056074766355140186,
        "ROC-AUC": 0.5,
        "Accuracy": 0.9439252336448598,
        "emission": 7.822491210680647e-07
    },
    "AdaBoost": {
        "AVG-PR": 0.09434801958166444,
        "ROC-AUC": 0.570957095709571,
        "Accuracy": 0.9299065420560748,
        "emission": 1.1689979962242427e-07
    },
    "Naive Bayes": {
        "AVG-PR": 0.06629834254143646,
        "ROC-AUC": 0.5816831683168318,
        "Accuracy": 0.2102803738317757,
        "emission": 4.443542228473506e-09
    },
    "QDA": {
        "AVG-PR": 0.056074766355140186,
        "ROC-AUC": 0.49504950495049505,
        "Accuracy": 0.9345794392523364,
        "emission": 1.8599042690437612e-08
    },
    "PLS-DA": {
        "AVG-PR": 0.1907516356228981,
        "ROC-AUC": 0.7741336633663366,
        "Accuracy": 0.9439252336448598,
        "emission": 1.2906575632906072e-07
    },
    "DNN": {
        "AVG-PR": 0.2545656272805092,
        "ROC-AUC": 0.724628712871287,
        "Accuracy": 0.9439252336448598,
        "emission": 2.098667360903471e-05
    }
}