{
    "Nearest Neighbors": {
        "AVG-PR": 0.14849428868120457,
        "ROC-AUC": 0.5555555555555556,
        "Accuracy": 0.9626168224299065,
        "emission": 1.2588557626511773e-08
    },
    "Linear SVM": {
        "AVG-PR": 0.14849428868120457,
        "ROC-AUC": 0.5555555555555556,
        "Accuracy": 0.9626168224299065,
        "emission": 6.938461291155542e-09
    },
    "RBF SVM": {
        "AVG-PR": 0.04205607476635514,
        "ROC-AUC": 0.5,
        "Accuracy": 0.9579439252336449,
        "emission": 1.7167891347724125e-08
    },
    "Gaussian Process": {
        "AVG-PR": 0.04205607476635514,
        "ROC-AUC": 0.5,
        "Accuracy": 0.9579439252336449,
        "emission": 2.7509970496245057e-06
    },
    "Decision Tree": {
        "AVG-PR": 0.04205607476635514,
        "ROC-AUC": 0.4878048780487805,
        "Accuracy": 0.9345794392523364,
        "emission": 1.012236016634432e-08
    },
    "Random Forest": {
        "AVG-PR": 0.04205607476635514,
        "ROC-AUC": 0.5,
        "Accuracy": 0.9579439252336449,
        "emission": 7.492020971626294e-07
    },
    "AdaBoost": {
        "AVG-PR": 0.18085842852197992,
        "ROC-AUC": 0.6086720867208673,
        "Accuracy": 0.9626168224299065,
        "emission": 1.2144186934469724e-07
    },
    "Naive Bayes": {
        "AVG-PR": 0.05894923773834786,
        "ROC-AUC": 0.621680216802168,
        "Accuracy": 0.6822429906542056,
        "emission": 4.9345474524691016e-09
    },
    "QDA": {
        "AVG-PR": 0.04205607476635514,
        "ROC-AUC": 0.5,
        "Accuracy": 0.9579439252336449,
        "emission": 1.8212855592139074e-08
    },
    "PLS-DA": {
        "AVG-PR": 0.12409340059124134,
        "ROC-AUC": 0.8211382113821137,
        "Accuracy": 0.9579439252336449,
        "emission": 1.3397854147460123e-07
    },
    "DNN": {
        "AVG-PR": 0.3908234691809129,
        "ROC-AUC": 0.8520325203252033,
        "Accuracy": 0.9579439252336449,
        "emission": 2.0570591505271163e-05
    }
}