{
    "Nearest Neighbors": {
        "AVG-PR": 0.07703200226564713,
        "ROC-AUC": 0.5405284370801612,
        "Accuracy": 0.9439252336448598,
        "emission": 1.580903072933055e-08
    },
    "Linear SVM": {
        "AVG-PR": 0.0514018691588785,
        "ROC-AUC": 0.4975369458128079,
        "Accuracy": 0.9439252336448598,
        "emission": 6.824940222406797e-09
    },
    "RBF SVM": {
        "AVG-PR": 0.0514018691588785,
        "ROC-AUC": 0.5,
        "Accuracy": 0.9485981308411215,
        "emission": 1.736622370263994e-08
    },
    "Gaussian Process": {
        "AVG-PR": 0.0514018691588785,
        "ROC-AUC": 0.5,
        "Accuracy": 0.9485981308411215,
        "emission": 1.2206339761654052e-06
    },
    "Decision Tree": {
        "AVG-PR": 0.0514018691588785,
        "ROC-AUC": 0.49261083743842365,
        "Accuracy": 0.9345794392523364,
        "emission": 1.4403470090859716e-08
    },
    "Random Forest": {
        "AVG-PR": 0.0514018691588785,
        "ROC-AUC": 0.5,
        "Accuracy": 0.9485981308411215,
        "emission": 9.814235833656295e-07
    },
    "AdaBoost": {
        "AVG-PR": 0.064910790144435,
        "ROC-AUC": 0.535602328705777,
        "Accuracy": 0.9345794392523364,
        "emission": 1.1946985026950355e-07
    },
    "Naive Bayes": {
        "AVG-PR": 0.06461157696427912,
        "ROC-AUC": 0.600089565606807,
        "Accuracy": 0.48598130841121495,
        "emission": 5.640167946828132e-09
    },
    "QDA": {
        "AVG-PR": 0.0514018691588785,
        "ROC-AUC": 0.49261083743842365,
        "Accuracy": 0.9345794392523364,
        "emission": 1.9253627365130322e-08
    },
    "PLS-DA": {
        "AVG-PR": 0.17366946534310815,
        "ROC-AUC": 0.7487684729064039,
        "Accuracy": 0.9485981308411215,
        "emission": 1.280870118134234e-07
    },
    "DNN": {
        "AVG-PR": 0.3632093610906507,
        "ROC-AUC": 0.7581728616211375,
        "Accuracy": 0.9485981308411215,
        "emission": 2.015113678069405e-05
    }
}