{
    "Nearest Neighbors": {
        "AVG-PR": 0.3965002134016219,
        "ROC-AUC": 0.6818181818181819,
        "Accuracy": 0.9671361502347418,
        "emission": 2.67691222151841e-08
    },
    "Linear SVM": {
        "AVG-PR": 0.13785744771660266,
        "ROC-AUC": 0.5454545454545454,
        "Accuracy": 0.9530516431924883,
        "emission": 5.989427914768116e-09
    },
    "RBF SVM": {
        "AVG-PR": 0.051643192488262914,
        "ROC-AUC": 0.5,
        "Accuracy": 0.9483568075117371,
        "emission": 1.984621840842803e-08
    },
    "Gaussian Process": {
        "AVG-PR": 0.051643192488262914,
        "ROC-AUC": 0.5,
        "Accuracy": 0.9483568075117371,
        "emission": 1.3286305356732605e-06
    },
    "Decision Tree": {
        "AVG-PR": 0.08265756153080096,
        "ROC-AUC": 0.5735823582358236,
        "Accuracy": 0.9248826291079812,
        "emission": 1.0532805379504289e-08
    },
    "Random Forest": {
        "AVG-PR": 0.051643192488262914,
        "ROC-AUC": 0.5,
        "Accuracy": 0.9483568075117371,
        "emission": 7.340220570676957e-07
    },
    "AdaBoost": {
        "AVG-PR": 0.1783183952198037,
        "ROC-AUC": 0.666966696669667,
        "Accuracy": 0.9389671361502347,
        "emission": 1.1700433102510873e-07
    },
    "Naive Bayes": {
        "AVG-PR": 0.05904730093340013,
        "ROC-AUC": 0.5598559855985599,
        "Accuracy": 0.5727699530516432,
        "emission": 4.799659827610003e-09
    },
    "QDA": {
        "AVG-PR": 0.051643192488262914,
        "ROC-AUC": 0.5,
        "Accuracy": 0.9483568075117371,
        "emission": 1.7268236402614194e-08
    },
    "PLS-DA": {
        "AVG-PR": 0.10040825043974333,
        "ROC-AUC": 0.6485148514851485,
        "Accuracy": 0.9483568075117371,
        "emission": 1.2505974879136445e-07
    },
    "DNN": {
        "AVG-PR": 0.38977765878868265,
        "ROC-AUC": 0.653015301530153,
        "Accuracy": 0.9624413145539906,
        "emission": 2.0464170309987903e-05
    }
}