{
    "Nearest Neighbors": {
        "AVG-PR": 0.21384067645749888,
        "ROC-AUC": 0.6404416839199447,
        "Accuracy": 0.9719626168224299,
        "emission": 1.3375642604718758e-08
    },
    "Linear SVM": {
        "AVG-PR": 0.07565643079661771,
        "ROC-AUC": 0.5665976535541752,
        "Accuracy": 0.9626168224299065,
        "emission": 5.9095788418101354e-09
    },
    "RBF SVM": {
        "AVG-PR": 0.03271028037383177,
        "ROC-AUC": 0.5,
        "Accuracy": 0.9672897196261683,
        "emission": 1.79704267076781e-08
    },
    "Gaussian Process": {
        "AVG-PR": 0.03271028037383177,
        "ROC-AUC": 0.5,
        "Accuracy": 0.9672897196261683,
        "emission": 2.5434989990682393e-06
    },
    "Decision Tree": {
        "AVG-PR": 0.03271028037383177,
        "ROC-AUC": 0.4782608695652174,
        "Accuracy": 0.9252336448598131,
        "emission": 1.2212865615230225e-08
    },
    "Random Forest": {
        "AVG-PR": 0.03271028037383177,
        "ROC-AUC": 0.5,
        "Accuracy": 0.9672897196261683,
        "emission": 7.29183206409777e-07
    },
    "AdaBoost": {
        "AVG-PR": 0.03271028037383177,
        "ROC-AUC": 0.48792270531400966,
        "Accuracy": 0.9439252336448598,
        "emission": 1.1457990376061138e-07
    },
    "Naive Bayes": {
        "AVG-PR": 0.031086493703316134,
        "ROC-AUC": 0.46894409937888193,
        "Accuracy": 0.6401869158878505,
        "emission": 5.268639319004767e-09
    },
    "QDA": {
        "AVG-PR": 0.03271028037383177,
        "ROC-AUC": 0.49033816425120774,
        "Accuracy": 0.9485981308411215,
        "emission": 4.728792211329201e-08
    },
    "PLS-DA": {
        "AVG-PR": 0.3458130105188929,
        "ROC-AUC": 0.9399585921325052,
        "Accuracy": 0.9672897196261683,
        "emission": 1.2351906272824925e-07
    },
    "DNN": {
        "AVG-PR": 0.2807031106619301,
        "ROC-AUC": 0.911663216011042,
        "Accuracy": 0.9672897196261683,
        "emission": 2.197215213331202e-05
    }
}