{
    "Nearest Neighbors": {
        "AVG-PR": 0.5094506350347472,
        "ROC-AUC": 0.7364718614718616,
        "Accuracy": 0.8037383177570093,
        "emission": 1.4116588287033462e-08
    },
    "Linear SVM": {
        "AVG-PR": 0.5808375814216936,
        "ROC-AUC": 0.7624458874458876,
        "Accuracy": 0.8411214953271028,
        "emission": 8.17980504983401e-09
    },
    "RBF SVM": {
        "AVG-PR": 0.2803738317757009,
        "ROC-AUC": 0.5,
        "Accuracy": 0.719626168224299,
        "emission": 1.6790197714291823e-08
    },
    "Gaussian Process": {
        "AVG-PR": 0.6031619937694703,
        "ROC-AUC": 0.7638528138528139,
        "Accuracy": 0.8504672897196262,
        "emission": 2.5090270818680693e-06
    },
    "Decision Tree": {
        "AVG-PR": 0.45054707089126966,
        "ROC-AUC": 0.6795454545454546,
        "Accuracy": 0.780373831775701,
        "emission": 1.107702297171368e-08
    },
    "Random Forest": {
        "AVG-PR": 0.4089144500359454,
        "ROC-AUC": 0.5967532467532468,
        "Accuracy": 0.7710280373831776,
        "emission": 7.489812451323267e-07
    },
    "AdaBoost": {
        "AVG-PR": 0.4850173396814201,
        "ROC-AUC": 0.7216450216450216,
        "Accuracy": 0.7897196261682243,
        "emission": 1.1619211800908213e-07
    },
    "Naive Bayes": {
        "AVG-PR": 0.3076923076923077,
        "ROC-AUC": 0.5616883116883117,
        "Accuracy": 0.3691588785046729,
        "emission": 5.827135656647265e-09
    },
    "QDA": {
        "AVG-PR": 0.2803738317757009,
        "ROC-AUC": 0.4935064935064935,
        "Accuracy": 0.7102803738317757,
        "emission": 1.9650880623419958e-08
    },
    "PLS-DA": {
        "AVG-PR": 0.7367735751285713,
        "ROC-AUC": 0.8454545454545453,
        "Accuracy": 0.8317757009345794,
        "emission": 1.3759497754695983e-07
    },
    "DNN": {
        "AVG-PR": 0.7409509425156622,
        "ROC-AUC": 0.8402597402597403,
        "Accuracy": 0.8317757009345794,
        "emission": 2.100039357678372e-05
    }
}