{
    "Nearest Neighbors": {
        "AVG-PR": 0.2280373831775701,
        "ROC-AUC": 0.6901960784313724,
        "Accuracy": 0.9532710280373832,
        "emission": 1.6273418524369967e-08
    },
    "Linear SVM": {
        "AVG-PR": 0.04672897196261682,
        "ROC-AUC": 0.5,
        "Accuracy": 0.9532710280373832,
        "emission": 5.034780130279183e-09
    },
    "RBF SVM": {
        "AVG-PR": 0.04672897196261682,
        "ROC-AUC": 0.5,
        "Accuracy": 0.9532710280373832,
        "emission": 1.693941092881846e-08
    },
    "Gaussian Process": {
        "AVG-PR": 0.04672897196261682,
        "ROC-AUC": 0.5,
        "Accuracy": 0.9532710280373832,
        "emission": 2.2295622782999136e-06
    },
    "Decision Tree": {
        "AVG-PR": 0.13271028037383176,
        "ROC-AUC": 0.6352941176470588,
        "Accuracy": 0.9392523364485982,
        "emission": 1.0248269485834744e-08
    },
    "Random Forest": {
        "AVG-PR": 0.04672897196261682,
        "ROC-AUC": 0.5,
        "Accuracy": 0.9532710280373832,
        "emission": 7.584251464993628e-07
    },
    "AdaBoost": {
        "AVG-PR": 0.2280373831775701,
        "ROC-AUC": 0.6901960784313724,
        "Accuracy": 0.9532710280373832,
        "emission": 1.1576721812049772e-07
    },
    "Naive Bayes": {
        "AVG-PR": 0.11125184456468273,
        "ROC-AUC": 0.7857843137254903,
        "Accuracy": 0.6822429906542056,
        "emission": 3.923016278159123e-09
    },
    "QDA": {
        "AVG-PR": 0.04672897196261682,
        "ROC-AUC": 0.49019607843137253,
        "Accuracy": 0.9345794392523364,
        "emission": 1.7208557488552805e-08
    },
    "PLS-DA": {
        "AVG-PR": 0.09360382973946627,
        "ROC-AUC": 0.7529411764705883,
        "Accuracy": 0.9532710280373832,
        "emission": 1.3491968860172178e-07
    },
    "DNN": {
        "AVG-PR": 0.3770693902580856,
        "ROC-AUC": 0.8867647058823529,
        "Accuracy": 0.9532710280373832,
        "emission": 2.0535627964427327e-05
    }
}