{
    "Nearest Neighbors": {
        "AVG-PR": 0.12739793408755534,
        "ROC-AUC": 0.5635627530364372,
        "Accuracy": 0.897196261682243,
        "emission": 2.0402482224535323e-08
    },
    "Linear SVM": {
        "AVG-PR": 0.12154451549434334,
        "ROC-AUC": 0.5449392712550607,
        "Accuracy": 0.9065420560747663,
        "emission": 5.500905685418203e-09
    },
    "RBF SVM": {
        "AVG-PR": 0.08878504672897196,
        "ROC-AUC": 0.49743589743589745,
        "Accuracy": 0.9065420560747663,
        "emission": 1.8516867404327925e-08
    },
    "Gaussian Process": {
        "AVG-PR": 0.14961469093293983,
        "ROC-AUC": 0.5500674763832658,
        "Accuracy": 0.9158878504672897,
        "emission": 2.6634710231398375e-06
    },
    "Decision Tree": {
        "AVG-PR": 0.1178285560971247,
        "ROC-AUC": 0.5584345479082322,
        "Accuracy": 0.8878504672897196,
        "emission": 1.1866580822314074e-08
    },
    "Random Forest": {
        "AVG-PR": 0.08878504672897196,
        "ROC-AUC": 0.5,
        "Accuracy": 0.9112149532710281,
        "emission": 7.36527405051794e-07
    },
    "AdaBoost": {
        "AVG-PR": 0.11962906165909551,
        "ROC-AUC": 0.5719298245614035,
        "Accuracy": 0.8691588785046729,
        "emission": 1.1291502731916607e-07
    },
    "Naive Bayes": {
        "AVG-PR": 0.09660017604266447,
        "ROC-AUC": 0.5434547908232119,
        "Accuracy": 0.3411214953271028,
        "emission": 4.263767633586786e-09
    },
    "QDA": {
        "AVG-PR": 0.08878504672897196,
        "ROC-AUC": 0.5,
        "Accuracy": 0.9112149532710281,
        "emission": 1.9399224720514828e-08
    },
    "PLS-DA": {
        "AVG-PR": 0.2658164863603959,
        "ROC-AUC": 0.7009446693657221,
        "Accuracy": 0.9158878504672897,
        "emission": 1.2954555811737126e-07
    },
    "DNN": {
        "AVG-PR": 0.27159120898443034,
        "ROC-AUC": 0.7927125506072874,
        "Accuracy": 0.897196261682243,
        "emission": 2.0751171734419788e-05
    }
}