{
    "Nearest Neighbors": {
        "AVG-PR": 0.21788025059053098,
        "ROC-AUC": 0.6463834672789897,
        "Accuracy": 0.9439252336448598,
        "emission": 1.3715772336095955e-08
    },
    "Linear SVM": {
        "AVG-PR": 0.06074766355140187,
        "ROC-AUC": 0.5,
        "Accuracy": 0.9392523364485982,
        "emission": 5.257101197068701e-09
    },
    "RBF SVM": {
        "AVG-PR": 0.06074766355140187,
        "ROC-AUC": 0.5,
        "Accuracy": 0.9392523364485982,
        "emission": 1.7180048355042407e-08
    },
    "Gaussian Process": {
        "AVG-PR": 0.06074766355140187,
        "ROC-AUC": 0.5,
        "Accuracy": 0.9392523364485982,
        "emission": 4.407892358506029e-06
    },
    "Decision Tree": {
        "AVG-PR": 0.21788025059053098,
        "ROC-AUC": 0.6463834672789897,
        "Accuracy": 0.9439252336448598,
        "emission": 1.1724454612785053e-08
    },
    "Random Forest": {
        "AVG-PR": 0.06074766355140187,
        "ROC-AUC": 0.5,
        "Accuracy": 0.9392523364485982,
        "emission": 7.394249005210218e-07
    },
    "AdaBoost": {
        "AVG-PR": 0.0656901509705248,
        "ROC-AUC": 0.5210486031381554,
        "Accuracy": 0.9112149532710281,
        "emission": 1.1219017077179621e-07
    },
    "Naive Bayes": {
        "AVG-PR": 0.06209561466570812,
        "ROC-AUC": 0.5114810562571757,
        "Accuracy": 0.2850467289719626,
        "emission": 5.327760786143078e-09
    },
    "QDA": {
        "AVG-PR": 0.06074766355140187,
        "ROC-AUC": 0.4975124378109453,
        "Accuracy": 0.9345794392523364,
        "emission": 1.784187938602579e-08
    },
    "PLS-DA": {
        "AVG-PR": 0.16414843744684368,
        "ROC-AUC": 0.6812093379257558,
        "Accuracy": 0.9345794392523364,
        "emission": 9.402982604928756e-08
    },
    "DNN": {
        "AVG-PR": 0.27468562562860377,
        "ROC-AUC": 0.7960199004975124,
        "Accuracy": 0.9065420560747663,
        "emission": 2.0659420703861298e-05
    }
}