{
    "Nearest Neighbors": {
        "AVG-PR": 0.19509345794392524,
        "ROC-AUC": 0.6121134020618556,
        "Accuracy": 0.9065420560747663,
        "emission": 1.5375521750870863e-08
    },
    "Linear SVM": {
        "AVG-PR": 0.11378504672897197,
        "ROC-AUC": 0.5224226804123712,
        "Accuracy": 0.9065420560747663,
        "emission": 6.35166932622345e-09
    },
    "RBF SVM": {
        "AVG-PR": 0.09345794392523364,
        "ROC-AUC": 0.5,
        "Accuracy": 0.9065420560747663,
        "emission": 1.8430093472033912e-08
    },
    "Gaussian Process": {
        "AVG-PR": 0.09345794392523364,
        "ROC-AUC": 0.5,
        "Accuracy": 0.9065420560747663,
        "emission": 2.7685684539305973e-06
    },
    "Decision Tree": {
        "AVG-PR": 0.09711838006230529,
        "ROC-AUC": 0.5121134020618556,
        "Accuracy": 0.8878504672897196,
        "emission": 1.0882960256614904e-08
    },
    "Random Forest": {
        "AVG-PR": 0.09345794392523364,
        "ROC-AUC": 0.5,
        "Accuracy": 0.9065420560747663,
        "emission": 8.95714783017007e-07
    },
    "AdaBoost": {
        "AVG-PR": 0.13588293162813575,
        "ROC-AUC": 0.5889175257731959,
        "Accuracy": 0.8644859813084113,
        "emission": 1.1464539021380987e-07
    },
    "Naive Bayes": {
        "AVG-PR": 0.11179806693825385,
        "ROC-AUC": 0.5845360824742267,
        "Accuracy": 0.49065420560747663,
        "emission": 4.580640197936786e-09
    },
    "QDA": {
        "AVG-PR": 0.09345794392523364,
        "ROC-AUC": 0.49742268041237114,
        "Accuracy": 0.9018691588785047,
        "emission": 3.2208368481466376e-08
    },
    "PLS-DA": {
        "AVG-PR": 0.24034379848516862,
        "ROC-AUC": 0.6030927835051547,
        "Accuracy": 0.9112149532710281,
        "emission": 1.1954930422458996e-07
    },
    "DNN": {
        "AVG-PR": 0.22452845777041427,
        "ROC-AUC": 0.6286082474226804,
        "Accuracy": 0.9065420560747663,
        "emission": 1.9511700693059178e-05
    }
}