{
    "Nearest Neighbors": {
        "AVG-PR": 0.19608600941606352,
        "ROC-AUC": 0.6373819163292848,
        "Accuracy": 0.9018691588785047,
        "emission": 1.5064384716624392e-08
    },
    "Linear SVM": {
        "AVG-PR": 0.13207083128381703,
        "ROC-AUC": 0.5475033738191633,
        "Accuracy": 0.9112149532710281,
        "emission": 6.0495206897759515e-09
    },
    "RBF SVM": {
        "AVG-PR": 0.08878504672897196,
        "ROC-AUC": 0.5,
        "Accuracy": 0.9112149532710281,
        "emission": 1.839060381705297e-08
    },
    "Gaussian Process": {
        "AVG-PR": 0.08878504672897196,
        "ROC-AUC": 0.5,
        "Accuracy": 0.9112149532710281,
        "emission": 1.4734699323596287e-06
    },
    "Decision Tree": {
        "AVG-PR": 0.1543039842597147,
        "ROC-AUC": 0.5898785425101215,
        "Accuracy": 0.9018691588785047,
        "emission": 1.1528540775921617e-08
    },
    "Random Forest": {
        "AVG-PR": 0.08878504672897196,
        "ROC-AUC": 0.5,
        "Accuracy": 0.9112149532710281,
        "emission": 7.266066040694141e-07
    },
    "AdaBoost": {
        "AVG-PR": 0.1531398589932776,
        "ROC-AUC": 0.6059379217273954,
        "Accuracy": 0.8878504672897196,
        "emission": 1.1415769392893972e-07
    },
    "Naive Bayes": {
        "AVG-PR": 0.11989338083779795,
        "ROC-AUC": 0.6403508771929824,
        "Accuracy": 0.3878504672897196,
        "emission": 4.020725264867526e-09
    },
    "QDA": {
        "AVG-PR": 0.08878504672897196,
        "ROC-AUC": 0.4948717948717949,
        "Accuracy": 0.9018691588785047,
        "emission": 1.7528063106056105e-08
    },
    "PLS-DA": {
        "AVG-PR": 0.21128214912863527,
        "ROC-AUC": 0.7392712550607288,
        "Accuracy": 0.9112149532710281,
        "emission": 1.2126651974958016e-07
    },
    "DNN": {
        "AVG-PR": 0.46040561491327525,
        "ROC-AUC": 0.8043184885290149,
        "Accuracy": 0.9205607476635514,
        "emission": 1.998681986515855e-05
    }
}