{
    "Nearest Neighbors": {
        "AVG-PR": 0.09306853582554517,
        "ROC-AUC": 0.5391914191419142,
        "Accuracy": 0.9439252336448598,
        "emission": 1.4742507124225867e-08
    },
    "Linear SVM": {
        "AVG-PR": 0.056074766355140186,
        "ROC-AUC": 0.4975247524752475,
        "Accuracy": 0.9392523364485982,
        "emission": 4.8528494136250085e-09
    },
    "RBF SVM": {
        "AVG-PR": 0.056074766355140186,
        "ROC-AUC": 0.5,
        "Accuracy": 0.9439252336448598,
        "emission": 1.6487935855738402e-08
    },
    "Gaussian Process": {
        "AVG-PR": 0.056074766355140186,
        "ROC-AUC": 0.5,
        "Accuracy": 0.9439252336448598,
        "emission": 2.4326906668721494e-06
    },
    "Decision Tree": {
        "AVG-PR": 0.0633066310636404,
        "ROC-AUC": 0.5268151815181518,
        "Accuracy": 0.9205607476635514,
        "emission": 1.014604761660606e-08
    },
    "Random Forest": {
        "AVG-PR": 0.056074766355140186,
        "ROC-AUC": 0.5,
        "Accuracy": 0.9439252336448598,
        "emission": 7.190518287632375e-07
    },
    "AdaBoost": {
        "AVG-PR": 0.07223520249221184,
        "ROC-AUC": 0.5342409240924092,
        "Accuracy": 0.9345794392523364,
        "emission": 1.265805158825024e-07
    },
    "Naive Bayes": {
        "AVG-PR": 0.06873485635167878,
        "ROC-AUC": 0.5862211221122113,
        "Accuracy": 0.5887850467289719,
        "emission": 4.599152360382302e-09
    },
    "QDA": {
        "AVG-PR": 0.056074766355140186,
        "ROC-AUC": 0.5,
        "Accuracy": 0.9439252336448598,
        "emission": 1.8537115217325046e-08
    },
    "PLS-DA": {
        "AVG-PR": 0.14931109592649797,
        "ROC-AUC": 0.7466996699669967,
        "Accuracy": 0.9439252336448598,
        "emission": 1.2006728191317973e-07
    },
    "DNN": {
        "AVG-PR": 0.18986023576265845,
        "ROC-AUC": 0.7145214521452145,
        "Accuracy": 0.9299065420560748,
        "emission": 2.0422379302987184e-05
    }
}