{
    "Nearest Neighbors": {
        "AVG-PR": 0.04672897196261682,
        "ROC-AUC": 0.5,
        "Accuracy": 0.9532710280373832,
        "emission": 1.3857639492820863e-08
    },
    "Linear SVM": {
        "AVG-PR": 0.04672897196261682,
        "ROC-AUC": 0.5,
        "Accuracy": 0.9532710280373832,
        "emission": 5.017899702927136e-09
    },
    "RBF SVM": {
        "AVG-PR": 0.04672897196261682,
        "ROC-AUC": 0.5,
        "Accuracy": 0.9532710280373832,
        "emission": 1.7935733917481412e-08
    },
    "Gaussian Process": {
        "AVG-PR": 0.04672897196261682,
        "ROC-AUC": 0.5,
        "Accuracy": 0.9532710280373832,
        "emission": 2.558621043074577e-06
    },
    "Decision Tree": {
        "AVG-PR": 0.09205607476635513,
        "ROC-AUC": 0.5475490196078432,
        "Accuracy": 0.9532710280373832,
        "emission": 1.3009783407174532e-08
    },
    "Random Forest": {
        "AVG-PR": 0.04672897196261682,
        "ROC-AUC": 0.5,
        "Accuracy": 0.9532710280373832,
        "emission": 7.204083655333744e-07
    },
    "AdaBoost": {
        "AVG-PR": 0.04672897196261682,
        "ROC-AUC": 0.49264705882352944,
        "Accuracy": 0.9392523364485982,
        "emission": 1.1495401982208005e-07
    },
    "Naive Bayes": {
        "AVG-PR": 0.04098678117369706,
        "ROC-AUC": 0.332843137254902,
        "Accuracy": 0.4532710280373832,
        "emission": 3.866071115535307e-09
    },
    "QDA": {
        "AVG-PR": 0.04672897196261682,
        "ROC-AUC": 0.5,
        "Accuracy": 0.9532710280373832,
        "emission": 1.848990190458878e-08
    },
    "PLS-DA": {
        "AVG-PR": 0.07811407180128499,
        "ROC-AUC": 0.5705882352941176,
        "Accuracy": 0.9532710280373832,
        "emission": 1.2731677643681064e-07
    },
    "DNN": {
        "AVG-PR": 0.06571421815465589,
        "ROC-AUC": 0.5622549019607843,
        "Accuracy": 0.9532710280373832,
        "emission": 1.944642915015936e-05
    }
}