{
    "Nearest Neighbors": {
        "AVG-PR": 0.15771028037383178,
        "ROC-AUC": 0.5625,
        "Accuracy": 0.9672897196261683,
        "emission": 1.2785522345794224e-08
    },
    "Linear SVM": {
        "AVG-PR": 0.037383177570093455,
        "ROC-AUC": 0.5,
        "Accuracy": 0.9626168224299065,
        "emission": 4.771685185337e-09
    },
    "RBF SVM": {
        "AVG-PR": 0.037383177570093455,
        "ROC-AUC": 0.5,
        "Accuracy": 0.9626168224299065,
        "emission": 1.76838187235029e-08
    },
    "Gaussian Process": {
        "AVG-PR": 0.037383177570093455,
        "ROC-AUC": 0.5,
        "Accuracy": 0.9626168224299065,
        "emission": 1.837244887385185e-06
    },
    "Decision Tree": {
        "AVG-PR": 0.057710280373831774,
        "ROC-AUC": 0.5527912621359224,
        "Accuracy": 0.9485981308411215,
        "emission": 1.2600853648867535e-08
    },
    "Random Forest": {
        "AVG-PR": 0.037383177570093455,
        "ROC-AUC": 0.5,
        "Accuracy": 0.9626168224299065,
        "emission": 7.178313634378348e-07
    },
    "AdaBoost": {
        "AVG-PR": 0.1280373831775701,
        "ROC-AUC": 0.6177184466019418,
        "Accuracy": 0.9579439252336449,
        "emission": 1.1111932858724525e-07
    },
    "Naive Bayes": {
        "AVG-PR": 0.03691870284877829,
        "ROC-AUC": 0.4933252427184466,
        "Accuracy": 0.602803738317757,
        "emission": 4.920003423935312e-09
    },
    "QDA": {
        "AVG-PR": 0.037383177570093455,
        "ROC-AUC": 0.49271844660194175,
        "Accuracy": 0.9485981308411215,
        "emission": 1.8281912242098937e-08
    },
    "PLS-DA": {
        "AVG-PR": 0.1760842410803711,
        "ROC-AUC": 0.75,
        "Accuracy": 0.9626168224299065,
        "emission": 1.1994366335129752e-07
    },
    "DNN": {
        "AVG-PR": 0.38731671554252195,
        "ROC-AUC": 0.9156553398058253,
        "Accuracy": 0.9626168224299065,
        "emission": 1.965945324269018e-05
    }
}