{
    "Nearest Neighbors": {
        "AVG-PR": 0.24104361370716512,
        "ROC-AUC": 0.695957095709571,
        "Accuracy": 0.9439252336448598,
        "emission": 1.581679240778018e-08
    },
    "Linear SVM": {
        "AVG-PR": 0.3303293279928794,
        "ROC-AUC": 0.7033828382838284,
        "Accuracy": 0.9579439252336449,
        "emission": 4.894355575487224e-09
    },
    "RBF SVM": {
        "AVG-PR": 0.056074766355140186,
        "ROC-AUC": 0.5,
        "Accuracy": 0.9439252336448598,
        "emission": 1.6423903560934587e-08
    },
    "Gaussian Process": {
        "AVG-PR": 0.056074766355140186,
        "ROC-AUC": 0.5,
        "Accuracy": 0.9439252336448598,
        "emission": 1.7285253343673676e-06
    },
    "Decision Tree": {
        "AVG-PR": 0.056074766355140186,
        "ROC-AUC": 0.49504950495049505,
        "Accuracy": 0.9345794392523364,
        "emission": 1.1356312445170348e-08
    },
    "Random Forest": {
        "AVG-PR": 0.056074766355140186,
        "ROC-AUC": 0.5,
        "Accuracy": 0.9439252336448598,
        "emission": 7.364175960514983e-07
    },
    "AdaBoost": {
        "AVG-PR": 0.1855313257182416,
        "ROC-AUC": 0.6542904290429042,
        "Accuracy": 0.9392523364485982,
        "emission": 1.1149677818633164e-07
    },
    "Naive Bayes": {
        "AVG-PR": 0.08118487485229349,
        "ROC-AUC": 0.6542904290429044,
        "Accuracy": 0.4953271028037383,
        "emission": 4.290729286454462e-09
    },
    "QDA": {
        "AVG-PR": 0.056074766355140186,
        "ROC-AUC": 0.49504950495049505,
        "Accuracy": 0.9345794392523364,
        "emission": 1.8068331714630557e-08
    },
    "PLS-DA": {
        "AVG-PR": 0.3982536462572008,
        "ROC-AUC": 0.8271452145214521,
        "Accuracy": 0.9532710280373832,
        "emission": 1.1980708196147643e-07
    },
    "DNN": {
        "AVG-PR": 0.4382862758372368,
        "ROC-AUC": 0.8609735973597359,
        "Accuracy": 0.9485981308411215,
        "emission": 1.9646388543486896e-05
    }
}