{
    "Nearest Neighbors": {
        "AVG-PR": 0.037383177570093455,
        "ROC-AUC": 0.5,
        "Accuracy": 0.9626168224299065,
        "emission": 1.394683142373362e-08
    },
    "Linear SVM": {
        "AVG-PR": 0.037383177570093455,
        "ROC-AUC": 0.4975728155339806,
        "Accuracy": 0.9579439252336449,
        "emission": 4.650564164646463e-09
    },
    "RBF SVM": {
        "AVG-PR": 0.037383177570093455,
        "ROC-AUC": 0.5,
        "Accuracy": 0.9626168224299065,
        "emission": 1.589847197795432e-08
    },
    "Gaussian Process": {
        "AVG-PR": 0.037383177570093455,
        "ROC-AUC": 0.5,
        "Accuracy": 0.9626168224299065,
        "emission": 2.0731510464572318e-06
    },
    "Decision Tree": {
        "AVG-PR": 0.037383177570093455,
        "ROC-AUC": 0.49271844660194175,
        "Accuracy": 0.9485981308411215,
        "emission": 9.224333659743915e-09
    },
    "Random Forest": {
        "AVG-PR": 0.037383177570093455,
        "ROC-AUC": 0.5,
        "Accuracy": 0.9626168224299065,
        "emission": 7.380549648183191e-07
    },
    "AdaBoost": {
        "AVG-PR": 0.037383177570093455,
        "ROC-AUC": 0.4975728155339806,
        "Accuracy": 0.9579439252336449,
        "emission": 1.1705865515964228e-07
    },
    "Naive Bayes": {
        "AVG-PR": 0.03469158878504673,
        "ROC-AUC": 0.4563106796116505,
        "Accuracy": 0.4158878504672897,
        "emission": 4.425796669243687e-09
    },
    "QDA": {
        "AVG-PR": 0.037383177570093455,
        "ROC-AUC": 0.4975728155339806,
        "Accuracy": 0.9579439252336449,
        "emission": 1.7616707356776383e-08
    },
    "PLS-DA": {
        "AVG-PR": 0.12046392849922069,
        "ROC-AUC": 0.7706310679611651,
        "Accuracy": 0.9626168224299065,
        "emission": 1.219566968575375e-07
    },
    "DNN": {
        "AVG-PR": 0.10812579896110074,
        "ROC-AUC": 0.5163834951456311,
        "Accuracy": 0.9626168224299065,
        "emission": 2.174481444291157e-05
    }
}