{
    "Nearest Neighbors": {
        "AVG-PR": 0.13028169014084506,
        "ROC-AUC": 0.5783582089552239,
        "Accuracy": 0.9436619718309859,
        "emission": 1.2828947938945642e-08
    },
    "Linear SVM": {
        "AVG-PR": 0.15805946791862285,
        "ROC-AUC": 0.5808457711442786,
        "Accuracy": 0.9483568075117371,
        "emission": 4.986220379678863e-09
    },
    "RBF SVM": {
        "AVG-PR": 0.056338028169014086,
        "ROC-AUC": 0.5,
        "Accuracy": 0.9436619718309859,
        "emission": 1.5547196177421096e-08
    },
    "Gaussian Process": {
        "AVG-PR": 0.056338028169014086,
        "ROC-AUC": 0.5,
        "Accuracy": 0.9436619718309859,
        "emission": 2.9269107495715505e-06
    },
    "Decision Tree": {
        "AVG-PR": 0.06354795439302481,
        "ROC-AUC": 0.5267412935323383,
        "Accuracy": 0.92018779342723,
        "emission": 1.1541246357971229e-08
    },
    "Random Forest": {
        "AVG-PR": 0.056338028169014086,
        "ROC-AUC": 0.5,
        "Accuracy": 0.9436619718309859,
        "emission": 7.139672738069367e-07
    },
    "AdaBoost": {
        "AVG-PR": 0.16725352112676056,
        "ROC-AUC": 0.6175373134328358,
        "Accuracy": 0.9436619718309859,
        "emission": 1.1026574379084602e-07
    },
    "Naive Bayes": {
        "AVG-PR": 0.06483638674150163,
        "ROC-AUC": 0.566542288557214,
        "Accuracy": 0.40375586854460094,
        "emission": 3.5356043570395347e-09
    },
    "QDA": {
        "AVG-PR": 0.056338028169014086,
        "ROC-AUC": 0.5,
        "Accuracy": 0.9436619718309859,
        "emission": 3.11167892335238e-08
    },
    "PLS-DA": {
        "AVG-PR": 0.14585334159391114,
        "ROC-AUC": 0.7298922056384742,
        "Accuracy": 0.9436619718309859,
        "emission": 1.208061680674663e-07
    },
    "DNN": {
        "AVG-PR": 0.04436184667888882,
        "ROC-AUC": 0.3629767827529022,
        "Accuracy": 0.9436619718309859,
        "emission": 1.9138291850004164e-05
    }
}