{
    "Nearest Neighbors": {
        "AVG-PR": 0.037383177570093455,
        "ROC-AUC": 0.5,
        "Accuracy": 0.9626168224299065,
        "emission": 1.3238449233631155e-08
    },
    "Linear SVM": {
        "AVG-PR": 0.15771028037383178,
        "ROC-AUC": 0.5625,
        "Accuracy": 0.9672897196261683,
        "emission": 4.9437239238802005e-09
    },
    "RBF SVM": {
        "AVG-PR": 0.037383177570093455,
        "ROC-AUC": 0.5,
        "Accuracy": 0.9626168224299065,
        "emission": 1.676730851917427e-08
    },
    "Gaussian Process": {
        "AVG-PR": 0.037383177570093455,
        "ROC-AUC": 0.5,
        "Accuracy": 0.9626168224299065,
        "emission": 1.4867285055537506e-06
    },
    "Decision Tree": {
        "AVG-PR": 0.057710280373831774,
        "ROC-AUC": 0.5527912621359224,
        "Accuracy": 0.9485981308411215,
        "emission": 1.0457068139433408e-08
    },
    "Random Forest": {
        "AVG-PR": 0.037383177570093455,
        "ROC-AUC": 0.5,
        "Accuracy": 0.9626168224299065,
        "emission": 7.308083037675638e-07
    },
    "AdaBoost": {
        "AVG-PR": 0.15771028037383178,
        "ROC-AUC": 0.5625,
        "Accuracy": 0.9672897196261683,
        "emission": 1.1051279451970676e-07
    },
    "Naive Bayes": {
        "AVG-PR": 0.04500737825873094,
        "ROC-AUC": 0.5752427184466019,
        "Accuracy": 0.6448598130841121,
        "emission": 4.452934060686892e-09
    },
    "QDA": {
        "AVG-PR": 0.037383177570093455,
        "ROC-AUC": 0.49514563106796117,
        "Accuracy": 0.9532710280373832,
        "emission": 1.8008419890109016e-08
    },
    "PLS-DA": {
        "AVG-PR": 0.12808825565819532,
        "ROC-AUC": 0.6595873786407767,
        "Accuracy": 0.9626168224299065,
        "emission": 1.329297036765757e-07
    },
    "DNN": {
        "AVG-PR": 0.10241464805771443,
        "ROC-AUC": 0.7087378640776698,
        "Accuracy": 0.9626168224299065,
        "emission": 2.0339184018395695e-05
    }
}