{
    "Nearest Neighbors": {
        "AVG-PR": 0.31011045029736617,
        "ROC-AUC": 0.6363636363636364,
        "Accuracy": 0.9626168224299065,
        "emission": 2.2683292947095983e-08
    },
    "Linear SVM": {
        "AVG-PR": 0.31011045029736617,
        "ROC-AUC": 0.6363636363636364,
        "Accuracy": 0.9626168224299065,
        "emission": 4.870860976692479e-09
    },
    "RBF SVM": {
        "AVG-PR": 0.0514018691588785,
        "ROC-AUC": 0.5,
        "Accuracy": 0.9485981308411215,
        "emission": 1.8498622166148518e-08
    },
    "Gaussian Process": {
        "AVG-PR": 0.0514018691588785,
        "ROC-AUC": 0.5,
        "Accuracy": 0.9485981308411215,
        "emission": 1.303870189835028e-06
    },
    "Decision Tree": {
        "AVG-PR": 0.35271270785289477,
        "ROC-AUC": 0.7223466188983431,
        "Accuracy": 0.9626168224299065,
        "emission": 1.0247674741682267e-08
    },
    "Random Forest": {
        "AVG-PR": 0.0514018691588785,
        "ROC-AUC": 0.5,
        "Accuracy": 0.9485981308411215,
        "emission": 7.377360185113676e-07
    },
    "AdaBoost": {
        "AVG-PR": 0.31011045029736617,
        "ROC-AUC": 0.6363636363636364,
        "Accuracy": 0.9626168224299065,
        "emission": 1.1202473991989807e-07
    },
    "Naive Bayes": {
        "AVG-PR": 0.05144559948023389,
        "ROC-AUC": 0.500447828034035,
        "Accuracy": 0.37850467289719625,
        "emission": 4.863472724196736e-09
    },
    "QDA": {
        "AVG-PR": 0.0514018691588785,
        "ROC-AUC": 0.4876847290640394,
        "Accuracy": 0.9252336448598131,
        "emission": 1.7929273209541488e-08
    },
    "PLS-DA": {
        "AVG-PR": 0.4490998603298068,
        "ROC-AUC": 0.7487684729064039,
        "Accuracy": 0.9579439252336449,
        "emission": 1.337730253758738e-07
    },
    "DNN": {
        "AVG-PR": 0.5765982002066619,
        "ROC-AUC": 0.812807881773399,
        "Accuracy": 0.9579439252336449,
        "emission": 1.9908838557433588e-05
    }
}