{
    "Nearest Neighbors": {
        "AVG-PR": 0.43444200109950526,
        "ROC-AUC": 0.7570916691549716,
        "Accuracy": 0.9485981308411215,
        "emission": 1.3497208293374793e-08
    },
    "Linear SVM": {
        "AVG-PR": 0.5674696386626018,
        "ROC-AUC": 0.7915795759928337,
        "Accuracy": 0.9626168224299065,
        "emission": 6.878373025519312e-09
    },
    "RBF SVM": {
        "AVG-PR": 0.13358988455195162,
        "ROC-AUC": 0.5294117647058824,
        "Accuracy": 0.9252336448598131,
        "emission": 1.880834448250285e-08
    },
    "Gaussian Process": {
        "AVG-PR": 0.0794392523364486,
        "ROC-AUC": 0.5,
        "Accuracy": 0.9205607476635514,
        "emission": 2.4926543967527726e-06
    },
    "Decision Tree": {
        "AVG-PR": 0.24391523814283572,
        "ROC-AUC": 0.6637802329053449,
        "Accuracy": 0.9252336448598131,
        "emission": 1.098622953361917e-08
    },
    "Random Forest": {
        "AVG-PR": 0.0794392523364486,
        "ROC-AUC": 0.5,
        "Accuracy": 0.9205607476635514,
        "emission": 7.545498558906866e-07
    },
    "AdaBoost": {
        "AVG-PR": 0.43444200109950526,
        "ROC-AUC": 0.7570916691549716,
        "Accuracy": 0.9485981308411215,
        "emission": 1.1324882424517021e-07
    },
    "Naive Bayes": {
        "AVG-PR": 0.10480146138961877,
        "ROC-AUC": 0.6249626754255001,
        "Accuracy": 0.45794392523364486,
        "emission": 5.756034351505764e-09
    },
    "QDA": {
        "AVG-PR": 0.0794392523364486,
        "ROC-AUC": 0.4949238578680203,
        "Accuracy": 0.9112149532710281,
        "emission": 4.13796442255077e-08
    },
    "PLS-DA": {
        "AVG-PR": 0.7246743185024674,
        "ROC-AUC": 0.9089280382203643,
        "Accuracy": 0.9579439252336449,
        "emission": 1.1945422223569387e-07
    },
    "DNN": {
        "AVG-PR": 0.7153396461954752,
        "ROC-AUC": 0.9238578680203046,
        "Accuracy": 0.9532710280373832,
        "emission": 2.0328750183391887e-05
    }
}