{
    "Nearest Neighbors": {
        "AVG-PR": 0.03755868544600939,
        "ROC-AUC": 0.4926829268292683,
        "Accuracy": 0.9483568075117371,
        "emission": 2.85740944428514e-08
    },
    "Linear SVM": {
        "AVG-PR": 0.03755868544600939,
        "ROC-AUC": 0.5,
        "Accuracy": 0.9624413145539906,
        "emission": 8.059359025837016e-09
    },
    "RBF SVM": {
        "AVG-PR": 0.03755868544600939,
        "ROC-AUC": 0.5,
        "Accuracy": 0.9624413145539906,
        "emission": 1.6607398724639283e-08
    },
    "Gaussian Process": {
        "AVG-PR": 0.03755868544600939,
        "ROC-AUC": 0.5,
        "Accuracy": 0.9624413145539906,
        "emission": 4.992261152200258e-06
    },
    "Decision Tree": {
        "AVG-PR": 0.03755868544600939,
        "ROC-AUC": 0.47317073170731705,
        "Accuracy": 0.9107981220657277,
        "emission": 1.0497277337057786e-08
    },
    "Random Forest": {
        "AVG-PR": 0.03755868544600939,
        "ROC-AUC": 0.5,
        "Accuracy": 0.9624413145539906,
        "emission": 7.294681397219424e-07
    },
    "AdaBoost": {
        "AVG-PR": 0.05369718309859155,
        "ROC-AUC": 0.5503048780487805,
        "Accuracy": 0.9436619718309859,
        "emission": 1.1041480153265792e-07
    },
    "Naive Bayes": {
        "AVG-PR": 0.038690806254851946,
        "ROC-AUC": 0.5149390243902439,
        "Accuracy": 0.4131455399061033,
        "emission": 6.0762061365461915e-09
    },
    "QDA": {
        "AVG-PR": 0.03755868544600939,
        "ROC-AUC": 0.5,
        "Accuracy": 0.9624413145539906,
        "emission": 1.7427274279161498e-08
    },
    "PLS-DA": {
        "AVG-PR": 0.08682733493700132,
        "ROC-AUC": 0.65,
        "Accuracy": 0.9624413145539906,
        "emission": 8.819610155602391e-08
    },
    "DNN": {
        "AVG-PR": 0.08488791939686778,
        "ROC-AUC": 0.5676829268292684,
        "Accuracy": 0.9624413145539906,
        "emission": 1.9827965109797444e-05
    }
}