{
    "Nearest Neighbors": {
        "AVG-PR": 0.4702102803738318,
        "ROC-AUC": 0.7474999999999999,
        "Accuracy": 0.9626168224299065,
        "emission": 1.284049693200582e-08
    },
    "Linear SVM": {
        "AVG-PR": 0.40473011634560363,
        "ROC-AUC": 0.7117857142857144,
        "Accuracy": 0.9579439252336449,
        "emission": 4.778902958619981e-09
    },
    "RBF SVM": {
        "AVG-PR": 0.06542056074766354,
        "ROC-AUC": 0.5,
        "Accuracy": 0.9345794392523364,
        "emission": 1.762459502488404e-08
    },
    "Gaussian Process": {
        "AVG-PR": 0.06542056074766354,
        "ROC-AUC": 0.5,
        "Accuracy": 0.9345794392523364,
        "emission": 2.841518119523309e-06
    },
    "Decision Tree": {
        "AVG-PR": 0.1610146862483311,
        "ROC-AUC": 0.6278571428571428,
        "Accuracy": 0.9252336448598131,
        "emission": 1.1364270691641435e-08
    },
    "Random Forest": {
        "AVG-PR": 0.06542056074766354,
        "ROC-AUC": 0.5,
        "Accuracy": 0.9345794392523364,
        "emission": 7.280229441673074e-07
    },
    "AdaBoost": {
        "AVG-PR": 0.17997329773030707,
        "ROC-AUC": 0.6021428571428571,
        "Accuracy": 0.9392523364485982,
        "emission": 1.1016058806434522e-07
    },
    "Naive Bayes": {
        "AVG-PR": 0.06511768778123918,
        "ROC-AUC": 0.49749999999999994,
        "Accuracy": 0.4953271028037383,
        "emission": 4.039152919200602e-09
    },
    "QDA": {
        "AVG-PR": 0.06542056074766354,
        "ROC-AUC": 0.4975,
        "Accuracy": 0.9299065420560748,
        "emission": 1.6807228449658077e-08
    },
    "PLS-DA": {
        "AVG-PR": 0.48688664281718474,
        "ROC-AUC": 0.7546428571428572,
        "Accuracy": 0.9485981308411215,
        "emission": 1.2091909023013124e-07
    },
    "DNN": {
        "AVG-PR": 0.6808675725791629,
        "ROC-AUC": 0.8214285714285714,
        "Accuracy": 0.9672897196261683,
        "emission": 2.0641645605258467e-05
    }
}