{
    "Nearest Neighbors": {
        "AVG-PR": 0.41869158878504675,
        "ROC-AUC": 0.7475728155339806,
        "Accuracy": 0.9766355140186916,
        "emission": 1.3626532818396059e-08
    },
    "Linear SVM": {
        "AVG-PR": 0.1530373831775701,
        "ROC-AUC": 0.6201456310679613,
        "Accuracy": 0.9626168224299065,
        "emission": 5.657439429869017e-09
    },
    "RBF SVM": {
        "AVG-PR": 0.037383177570093455,
        "ROC-AUC": 0.5,
        "Accuracy": 0.9626168224299065,
        "emission": 1.7309695930492503e-08
    },
    "Gaussian Process": {
        "AVG-PR": 0.037383177570093455,
        "ROC-AUC": 0.5,
        "Accuracy": 0.9626168224299065,
        "emission": 2.7076509809851124e-06
    },
    "Decision Tree": {
        "AVG-PR": 0.07349192863211554,
        "ROC-AUC": 0.6031553398058253,
        "Accuracy": 0.9299065420560748,
        "emission": 1.3219558266512405e-08
    },
    "Random Forest": {
        "AVG-PR": 0.037383177570093455,
        "ROC-AUC": 0.5,
        "Accuracy": 0.9626168224299065,
        "emission": 7.539681766351875e-07
    },
    "AdaBoost": {
        "AVG-PR": 0.1280373831775701,
        "ROC-AUC": 0.6177184466019418,
        "Accuracy": 0.9579439252336449,
        "emission": 1.1571575766080151e-07
    },
    "Naive Bayes": {
        "AVG-PR": 0.0622869708631116,
        "ROC-AUC": 0.683252427184466,
        "Accuracy": 0.6214953271028038,
        "emission": 4.9690334766438734e-09
    },
    "QDA": {
        "AVG-PR": 0.037383177570093455,
        "ROC-AUC": 0.4830097087378641,
        "Accuracy": 0.9299065420560748,
        "emission": 1.8122995702049016e-08
    },
    "PLS-DA": {
        "AVG-PR": 0.43469299073918644,
        "ROC-AUC": 0.9047330097087378,
        "Accuracy": 0.9626168224299065,
        "emission": 1.3373268452141174e-07
    },
    "DNN": {
        "AVG-PR": 0.5952649609907674,
        "ROC-AUC": 0.9356796116504854,
        "Accuracy": 0.9719626168224299,
        "emission": 2.0747613582807115e-05
    }
}