{
    "Nearest Neighbors": {
        "AVG-PR": 0.037383177570093455,
        "ROC-AUC": 0.4975728155339806,
        "Accuracy": 0.9579439252336449,
        "emission": 1.504870415860904e-08
    },
    "Linear SVM": {
        "AVG-PR": 0.037383177570093455,
        "ROC-AUC": 0.5,
        "Accuracy": 0.9626168224299065,
        "emission": 5.721923959171521e-09
    },
    "RBF SVM": {
        "AVG-PR": 0.037383177570093455,
        "ROC-AUC": 0.5,
        "Accuracy": 0.9626168224299065,
        "emission": 1.685820811388057e-08
    },
    "Gaussian Process": {
        "AVG-PR": 0.037383177570093455,
        "ROC-AUC": 0.5,
        "Accuracy": 0.9626168224299065,
        "emission": 1.5900307517131328e-06
    },
    "Decision Tree": {
        "AVG-PR": 0.037383177570093455,
        "ROC-AUC": 0.4878640776699029,
        "Accuracy": 0.9392523364485982,
        "emission": 1.0800239297813905e-08
    },
    "Random Forest": {
        "AVG-PR": 0.037383177570093455,
        "ROC-AUC": 0.5,
        "Accuracy": 0.9626168224299065,
        "emission": 7.681553623423829e-07
    },
    "AdaBoost": {
        "AVG-PR": 0.037383177570093455,
        "ROC-AUC": 0.4854368932038835,
        "Accuracy": 0.9345794392523364,
        "emission": 1.1514215932223952e-07
    },
    "Naive Bayes": {
        "AVG-PR": 0.03365536070565998,
        "ROC-AUC": 0.41383495145631066,
        "Accuracy": 0.5654205607476636,
        "emission": 5.388815244704976e-09
    },
    "QDA": {
        "AVG-PR": 0.037383177570093455,
        "ROC-AUC": 0.5,
        "Accuracy": 0.9626168224299065,
        "emission": 1.963018225519881e-08
    },
    "PLS-DA": {
        "AVG-PR": 0.07200710035356492,
        "ROC-AUC": 0.6350121359223302,
        "Accuracy": 0.9626168224299065,
        "emission": 1.3240240267047036e-07
    },
    "DNN": {
        "AVG-PR": 0.03111472151544266,
        "ROC-AUC": 0.3601334951456311,
        "Accuracy": 0.9626168224299065,
        "emission": 2.0824593087429397e-05
    }
}