{
    "Nearest Neighbors": {
        "AVG-PR": 0.062253521126760566,
        "ROC-AUC": 0.5401477832512316,
        "Accuracy": 0.9389671361502347,
        "emission": 1.4348728073447182e-08
    },
    "Linear SVM": {
        "AVG-PR": 0.046948356807511735,
        "ROC-AUC": 0.5,
        "Accuracy": 0.9530516431924883,
        "emission": 6.7537322061312326e-09
    },
    "RBF SVM": {
        "AVG-PR": 0.046948356807511735,
        "ROC-AUC": 0.5,
        "Accuracy": 0.9530516431924883,
        "emission": 2.007478743730356e-08
    },
    "Gaussian Process": {
        "AVG-PR": 0.046948356807511735,
        "ROC-AUC": 0.5,
        "Accuracy": 0.9530516431924883,
        "emission": 1.014438863673503e-06
    },
    "Decision Tree": {
        "AVG-PR": 0.053364632237871676,
        "ROC-AUC": 0.5302955665024631,
        "Accuracy": 0.92018779342723,
        "emission": 1.0441239335988877e-08
    },
    "Random Forest": {
        "AVG-PR": 0.046948356807511735,
        "ROC-AUC": 0.5,
        "Accuracy": 0.9530516431924883,
        "emission": 7.486491865986608e-07
    },
    "AdaBoost": {
        "AVG-PR": 0.16143527833668678,
        "ROC-AUC": 0.6401477832512316,
        "Accuracy": 0.9483568075117371,
        "emission": 1.2047713046014204e-07
    },
    "Naive Bayes": {
        "AVG-PR": 0.04626025875353905,
        "ROC-AUC": 0.4921182266009852,
        "Accuracy": 0.39436619718309857,
        "emission": 5.022579405970537e-09
    },
    "QDA": {
        "AVG-PR": 0.046948356807511735,
        "ROC-AUC": 0.5,
        "Accuracy": 0.9530516431924883,
        "emission": 2.7146961190819363e-08
    },
    "PLS-DA": {
        "AVG-PR": 0.12780590537099767,
        "ROC-AUC": 0.6866995073891625,
        "Accuracy": 0.9530516431924883,
        "emission": 1.2641218794281352e-07
    },
    "DNN": {
        "AVG-PR": 0.23983005255665094,
        "ROC-AUC": 0.6586206896551724,
        "Accuracy": 0.9483568075117371,
        "emission": 2.0520943223616816e-05
    }
}