{
    "Nearest Neighbors": {
        "AVG-PR": 0.31011045029736617,
        "ROC-AUC": 0.6363636363636364,
        "Accuracy": 0.9626168224299065,
        "emission": 1.584661731258426e-08
    },
    "Linear SVM": {
        "AVG-PR": 0.3963466440101954,
        "ROC-AUC": 0.6818181818181819,
        "Accuracy": 0.9672897196261683,
        "emission": 6.884805323997843e-09
    },
    "RBF SVM": {
        "AVG-PR": 0.0514018691588785,
        "ROC-AUC": 0.5,
        "Accuracy": 0.9485981308411215,
        "emission": 1.7177284748813234e-08
    },
    "Gaussian Process": {
        "AVG-PR": 0.0514018691588785,
        "ROC-AUC": 0.5,
        "Accuracy": 0.9485981308411215,
        "emission": 1.8382029540767104e-06
    },
    "Decision Tree": {
        "AVG-PR": 0.31212829226847916,
        "ROC-AUC": 0.719883564711151,
        "Accuracy": 0.9579439252336449,
        "emission": 1.0502505149484997e-08
    },
    "Random Forest": {
        "AVG-PR": 0.0514018691588785,
        "ROC-AUC": 0.5,
        "Accuracy": 0.9485981308411215,
        "emission": 7.49201720717808e-07
    },
    "AdaBoost": {
        "AVG-PR": 0.17374681393372982,
        "ROC-AUC": 0.6289744738020601,
        "Accuracy": 0.9485981308411215,
        "emission": 1.1863965573221213e-07
    },
    "Naive Bayes": {
        "AVG-PR": 0.05086639583615944,
        "ROC-AUC": 0.49440214957456335,
        "Accuracy": 0.4485981308411215,
        "emission": 3.931561061621275e-09
    },
    "QDA": {
        "AVG-PR": 0.0514018691588785,
        "ROC-AUC": 0.4975369458128079,
        "Accuracy": 0.9439252336448598,
        "emission": 1.9320815582603643e-08
    },
    "PLS-DA": {
        "AVG-PR": 0.5305177975931564,
        "ROC-AUC": 0.8181818181818181,
        "Accuracy": 0.9579439252336449,
        "emission": 1.2701135800091427e-07
    },
    "DNN": {
        "AVG-PR": 0.5374228745387024,
        "ROC-AUC": 0.8231079265562025,
        "Accuracy": 0.9672897196261683,
        "emission": 2.090084529047564e-05
    }
}