{
    "Nearest Neighbors": {
        "AVG-PR": 0.10762266355140186,
        "ROC-AUC": 0.5710227272727273,
        "Accuracy": 0.897196261682243,
        "emission": 1.3077229217005026e-08
    },
    "Linear SVM": {
        "AVG-PR": 0.10134345794392523,
        "ROC-AUC": 0.5287247474747475,
        "Accuracy": 0.9252336448598131,
        "emission": 7.316328025647432e-09
    },
    "RBF SVM": {
        "AVG-PR": 0.07476635514018691,
        "ROC-AUC": 0.5,
        "Accuracy": 0.9252336448598131,
        "emission": 1.9321210177127916e-08
    },
    "Gaussian Process": {
        "AVG-PR": 0.07476635514018691,
        "ROC-AUC": 0.5,
        "Accuracy": 0.9252336448598131,
        "emission": 3.420927709463538e-06
    },
    "Decision Tree": {
        "AVG-PR": 0.07902202937249665,
        "ROC-AUC": 0.5160984848484849,
        "Accuracy": 0.9018691588785047,
        "emission": 1.0736692962483303e-08
    },
    "Random Forest": {
        "AVG-PR": 0.07476635514018691,
        "ROC-AUC": 0.494949494949495,
        "Accuracy": 0.9158878504672897,
        "emission": 7.527593192254625e-07
    },
    "AdaBoost": {
        "AVG-PR": 0.10113484646194926,
        "ROC-AUC": 0.5498737373737373,
        "Accuracy": 0.9112149532710281,
        "emission": 1.151450175511279e-07
    },
    "Naive Bayes": {
        "AVG-PR": 0.09324990398156446,
        "ROC-AUC": 0.6041666666666667,
        "Accuracy": 0.37383177570093457,
        "emission": 5.947292927832141e-09
    },
    "QDA": {
        "AVG-PR": 0.07476635514018691,
        "ROC-AUC": 0.5,
        "Accuracy": 0.9252336448598131,
        "emission": 2.093236668965311e-08
    },
    "PLS-DA": {
        "AVG-PR": 0.23995903439812305,
        "ROC-AUC": 0.7256944444444444,
        "Accuracy": 0.9252336448598131,
        "emission": 1.0983671810280516e-07
    },
    "DNN": {
        "AVG-PR": 0.25612429931486175,
        "ROC-AUC": 0.7402146464646465,
        "Accuracy": 0.9065420560747663,
        "emission": 2.079274578124229e-05
    }
}