{
    "Nearest Neighbors": {
        "AVG-PR": 0.25609235252738416,
        "ROC-AUC": 0.6419002291556496,
        "Accuracy": 0.8457943925233645,
        "emission": 1.4205160794115117e-08
    },
    "Linear SVM": {
        "AVG-PR": 0.17231577587320726,
        "ROC-AUC": 0.5374581350255596,
        "Accuracy": 0.8504672897196262,
        "emission": 8.132234752534457e-09
    },
    "RBF SVM": {
        "AVG-PR": 0.14485981308411214,
        "ROC-AUC": 0.5,
        "Accuracy": 0.8551401869158879,
        "emission": 1.8490125213812542e-08
    },
    "Gaussian Process": {
        "AVG-PR": 0.14485981308411214,
        "ROC-AUC": 0.5,
        "Accuracy": 0.8551401869158879,
        "emission": 1.539413069437675e-06
    },
    "Decision Tree": {
        "AVG-PR": 0.29470770411379393,
        "ROC-AUC": 0.6927551560021153,
        "Accuracy": 0.8411214953271028,
        "emission": 1.2419286273546367e-08
    },
    "Random Forest": {
        "AVG-PR": 0.14485981308411214,
        "ROC-AUC": 0.5,
        "Accuracy": 0.8551401869158879,
        "emission": 7.436865084084513e-07
    },
    "AdaBoost": {
        "AVG-PR": 0.2565039280710777,
        "ROC-AUC": 0.6233033668253128,
        "Accuracy": 0.8598130841121495,
        "emission": 1.1622927991145766e-07
    },
    "Naive Bayes": {
        "AVG-PR": 0.16489361702127658,
        "ROC-AUC": 0.5710382513661203,
        "Accuracy": 0.26635514018691586,
        "emission": 4.6487818899074245e-09
    },
    "QDA": {
        "AVG-PR": 0.14485981308411214,
        "ROC-AUC": 0.4918032786885246,
        "Accuracy": 0.8411214953271028,
        "emission": 1.896226895981235e-08
    },
    "PLS-DA": {
        "AVG-PR": 0.45724152436763393,
        "ROC-AUC": 0.797990481226864,
        "Accuracy": 0.8504672897196262,
        "emission": 1.2461640376034375e-07
    },
    "DNN": {
        "AVG-PR": 0.5188356805904655,
        "ROC-AUC": 0.7930548210823197,
        "Accuracy": 0.883177570093458,
        "emission": 2.0679798832093782e-05
    }
}