{
    "Nearest Neighbors": {
        "AVG-PR": 0.06945624468988955,
        "ROC-AUC": 0.538065382892969,
        "Accuracy": 0.9392523364485982,
        "emission": 1.5755436388282925e-08
    },
    "Linear SVM": {
        "AVG-PR": 0.0514018691588785,
        "ROC-AUC": 0.5,
        "Accuracy": 0.9485981308411215,
        "emission": 4.999686945287048e-09
    },
    "RBF SVM": {
        "AVG-PR": 0.13763806287170774,
        "ROC-AUC": 0.5454545454545454,
        "Accuracy": 0.9532710280373832,
        "emission": 1.6812485773068493e-08
    },
    "Gaussian Process": {
        "AVG-PR": 0.0514018691588785,
        "ROC-AUC": 0.5,
        "Accuracy": 0.9485981308411215,
        "emission": 6.021770447203899e-06
    },
    "Decision Tree": {
        "AVG-PR": 0.054993434772534176,
        "ROC-AUC": 0.5208240035826243,
        "Accuracy": 0.9065420560747663,
        "emission": 9.766310380388424e-09
    },
    "Random Forest": {
        "AVG-PR": 0.0514018691588785,
        "ROC-AUC": 0.5,
        "Accuracy": 0.9485981308411215,
        "emission": 7.328988399477501e-07
    },
    "AdaBoost": {
        "AVG-PR": 0.064910790144435,
        "ROC-AUC": 0.535602328705777,
        "Accuracy": 0.9345794392523364,
        "emission": 1.1159054440896202e-07
    },
    "Naive Bayes": {
        "AVG-PR": 0.06180118946474086,
        "ROC-AUC": 0.5685176892073445,
        "Accuracy": 0.7523364485981309,
        "emission": 4.079865799646386e-09
    },
    "QDA": {
        "AVG-PR": 0.0514018691588785,
        "ROC-AUC": 0.49507389162561577,
        "Accuracy": 0.9392523364485982,
        "emission": 2.22754814517292e-08
    },
    "PLS-DA": {
        "AVG-PR": 0.11232829089425589,
        "ROC-AUC": 0.6878638602776534,
        "Accuracy": 0.9485981308411215,
        "emission": 8.593797531500865e-08
    },
    "DNN": {
        "AVG-PR": 0.1072513401249818,
        "ROC-AUC": 0.5929243170622481,
        "Accuracy": 0.9485981308411215,
        "emission": 1.958186197712318e-05
    }
}