{
    "Nearest Neighbors": {
        "AVG-PR": 0.1493963782696177,
        "ROC-AUC": 0.6150497512437811,
        "Accuracy": 0.9389671361502347,
        "emission": 1.4277817227468435e-08
    },
    "Linear SVM": {
        "AVG-PR": 0.056338028169014086,
        "ROC-AUC": 0.5,
        "Accuracy": 0.9436619718309859,
        "emission": 5.463639599471645e-09
    },
    "RBF SVM": {
        "AVG-PR": 0.056338028169014086,
        "ROC-AUC": 0.5,
        "Accuracy": 0.9436619718309859,
        "emission": 1.8572577010466046e-08
    },
    "Gaussian Process": {
        "AVG-PR": 0.056338028169014086,
        "ROC-AUC": 0.5,
        "Accuracy": 0.9436619718309859,
        "emission": 4.159277594295666e-06
    },
    "Decision Tree": {
        "AVG-PR": 0.13600352112676056,
        "ROC-AUC": 0.6125621890547264,
        "Accuracy": 0.9342723004694836,
        "emission": 1.0625126668351984e-08
    },
    "Random Forest": {
        "AVG-PR": 0.056338028169014086,
        "ROC-AUC": 0.5,
        "Accuracy": 0.9436619718309859,
        "emission": 7.547420807816905e-07
    },
    "AdaBoost": {
        "AVG-PR": 0.056338028169014086,
        "ROC-AUC": 0.48507462686567165,
        "Accuracy": 0.9154929577464789,
        "emission": 1.1440267337640714e-07
    },
    "Naive Bayes": {
        "AVG-PR": 0.08158450704225352,
        "ROC-AUC": 0.6486318407960199,
        "Accuracy": 0.5586854460093896,
        "emission": 3.78183172640578e-09
    },
    "QDA": {
        "AVG-PR": 0.056338028169014086,
        "ROC-AUC": 0.49502487562189057,
        "Accuracy": 0.9342723004694836,
        "emission": 2.375596123838779e-08
    },
    "PLS-DA": {
        "AVG-PR": 0.05417102137550332,
        "ROC-AUC": 0.4593698175787728,
        "Accuracy": 0.9436619718309859,
        "emission": 9.178629262191194e-08
    },
    "DNN": {
        "AVG-PR": 0.1899531828405039,
        "ROC-AUC": 0.6111111111111112,
        "Accuracy": 0.9436619718309859,
        "emission": 2.0120903785388167e-05
    }
}