{
    "Nearest Neighbors": {
        "AVG-PR": 0.1710261569416499,
        "ROC-AUC": 0.5714285714285714,
        "Accuracy": 0.971830985915493,
        "emission": 1.3037044512948213e-08
    },
    "Linear SVM": {
        "AVG-PR": 0.1710261569416499,
        "ROC-AUC": 0.5714285714285714,
        "Accuracy": 0.971830985915493,
        "emission": 5.266397544005961e-09
    },
    "RBF SVM": {
        "AVG-PR": 0.03286384976525822,
        "ROC-AUC": 0.5,
        "Accuracy": 0.9671361502347418,
        "emission": 1.738463511586344e-08
    },
    "Gaussian Process": {
        "AVG-PR": 0.03286384976525822,
        "ROC-AUC": 0.5,
        "Accuracy": 0.9671361502347418,
        "emission": 1.7649846639906038e-06
    },
    "Decision Tree": {
        "AVG-PR": 0.03286384976525822,
        "ROC-AUC": 0.4878640776699029,
        "Accuracy": 0.9436619718309859,
        "emission": 1.2809886910660018e-08
    },
    "Random Forest": {
        "AVG-PR": 0.03286384976525822,
        "ROC-AUC": 0.5,
        "Accuracy": 0.9671361502347418,
        "emission": 7.462965643536512e-07
    },
    "AdaBoost": {
        "AVG-PR": 0.07578806170355466,
        "ROC-AUC": 0.5665742024965326,
        "Accuracy": 0.9624413145539906,
        "emission": 1.166170236141932e-07
    },
    "Naive Bayes": {
        "AVG-PR": 0.031343617259110224,
        "ROC-AUC": 0.464632454923717,
        "Accuracy": 0.7652582159624414,
        "emission": 5.483959121269329e-09
    },
    "QDA": {
        "AVG-PR": 0.03286384976525822,
        "ROC-AUC": 0.49271844660194175,
        "Accuracy": 0.9530516431924883,
        "emission": 1.838835387638875e-08
    },
    "PLS-DA": {
        "AVG-PR": 0.20448508769855617,
        "ROC-AUC": 0.7031900138696255,
        "Accuracy": 0.9671361502347418,
        "emission": 1.2563672046896624e-07
    },
    "DNN": {
        "AVG-PR": 0.27407561927012725,
        "ROC-AUC": 0.7316227461858529,
        "Accuracy": 0.9671361502347418,
        "emission": 1.9568404163771162e-05
    }
}