{
    "Nearest Neighbors": {
        "AVG-PR": 0.15771028037383178,
        "ROC-AUC": 0.5625,
        "Accuracy": 0.9672897196261683,
        "emission": 2.3419404645068833e-08
    },
    "Linear SVM": {
        "AVG-PR": 0.09521028037383178,
        "ROC-AUC": 0.5600728155339806,
        "Accuracy": 0.9626168224299065,
        "emission": 4.811203100444444e-09
    },
    "RBF SVM": {
        "AVG-PR": 0.15771028037383178,
        "ROC-AUC": 0.5625,
        "Accuracy": 0.9672897196261683,
        "emission": 1.978998647832571e-08
    },
    "Gaussian Process": {
        "AVG-PR": 0.037383177570093455,
        "ROC-AUC": 0.5,
        "Accuracy": 0.9626168224299065,
        "emission": 1.9075137139766582e-06
    },
    "Decision Tree": {
        "AVG-PR": 0.037383177570093455,
        "ROC-AUC": 0.49514563106796117,
        "Accuracy": 0.9532710280373832,
        "emission": 9.602581924320929e-09
    },
    "Random Forest": {
        "AVG-PR": 0.037383177570093455,
        "ROC-AUC": 0.5,
        "Accuracy": 0.9626168224299065,
        "emission": 1.6911768673635057e-06
    },
    "AdaBoost": {
        "AVG-PR": 0.09521028037383178,
        "ROC-AUC": 0.5600728155339806,
        "Accuracy": 0.9626168224299065,
        "emission": 1.1705137539127773e-07
    },
    "Naive Bayes": {
        "AVG-PR": 0.06717289719626168,
        "ROC-AUC": 0.716626213592233,
        "Accuracy": 0.5700934579439252,
        "emission": 4.045231361472495e-09
    },
    "QDA": {
        "AVG-PR": 0.037383177570093455,
        "ROC-AUC": 0.5,
        "Accuracy": 0.9626168224299065,
        "emission": 1.8739274028509787e-08
    },
    "PLS-DA": {
        "AVG-PR": 0.19148529655505644,
        "ROC-AUC": 0.7148058252427185,
        "Accuracy": 0.9626168224299065,
        "emission": 1.1907032548393832e-07
    },
    "DNN": {
        "AVG-PR": 0.2955981082398533,
        "ROC-AUC": 0.8009708737864077,
        "Accuracy": 0.9626168224299065,
        "emission": 2.1190768542306017e-05
    }
}