{
    "Nearest Neighbors": {
        "AVG-PR": 0.31322427317528356,
        "ROC-AUC": 0.6576243980738362,
        "Accuracy": 0.8497652582159625,
        "emission": 1.3535286229896478e-08
    },
    "Linear SVM": {
        "AVG-PR": 0.2763514419852448,
        "ROC-AUC": 0.611717495987159,
        "Accuracy": 0.8497652582159625,
        "emission": 6.247335475119481e-09
    },
    "RBF SVM": {
        "AVG-PR": 0.1643192488262911,
        "ROC-AUC": 0.5,
        "Accuracy": 0.8356807511737089,
        "emission": 2.1248523665762782e-08
    },
    "Gaussian Process": {
        "AVG-PR": 0.1643192488262911,
        "ROC-AUC": 0.5,
        "Accuracy": 0.8356807511737089,
        "emission": 8.818608957336293e-07
    },
    "Decision Tree": {
        "AVG-PR": 0.2582001814810431,
        "ROC-AUC": 0.606099518459069,
        "Accuracy": 0.8403755868544601,
        "emission": 1.2015376022356126e-08
    },
    "Random Forest": {
        "AVG-PR": 0.1881958417169685,
        "ROC-AUC": 0.5142857142857142,
        "Accuracy": 0.8403755868544601,
        "emission": 7.522749542368709e-07
    },
    "AdaBoost": {
        "AVG-PR": 0.304476861167002,
        "ROC-AUC": 0.6548154093097913,
        "Accuracy": 0.8450704225352113,
        "emission": 1.184513614763066e-07
    },
    "Naive Bayes": {
        "AVG-PR": 0.17757499954683054,
        "ROC-AUC": 0.54446227929374,
        "Accuracy": 0.27699530516431925,
        "emission": 5.909103720122945e-09
    },
    "QDA": {
        "AVG-PR": 0.21207243460764588,
        "ROC-AUC": 0.5285714285714286,
        "Accuracy": 0.8450704225352113,
        "emission": 1.9461795942293985e-08
    },
    "PLS-DA": {
        "AVG-PR": 0.4717940172758571,
        "ROC-AUC": 0.7565008025682183,
        "Accuracy": 0.8450704225352113,
        "emission": 1.3210836880841708e-07
    },
    "DNN": {
        "AVG-PR": 0.5394813407966597,
        "ROC-AUC": 0.8085072231139647,
        "Accuracy": 0.8544600938967136,
        "emission": 2.1595605252379234e-05
    }
}