{
    "Nearest Neighbors": {
        "AVG-PR": 0.6049839112969339,
        "ROC-AUC": 0.7892708333333334,
        "Accuracy": 0.8364485981308412,
        "emission": 2.028232248336709e-08
    },
    "Linear SVM": {
        "AVG-PR": 0.4921174661453366,
        "ROC-AUC": 0.7044791666666667,
        "Accuracy": 0.780373831775701,
        "emission": 7.845829423083739e-09
    },
    "RBF SVM": {
        "AVG-PR": 0.29906542056074764,
        "ROC-AUC": 0.5,
        "Accuracy": 0.7009345794392523,
        "emission": 1.94857681040943e-08
    },
    "Gaussian Process": {
        "AVG-PR": 0.29906542056074764,
        "ROC-AUC": 0.5,
        "Accuracy": 0.7009345794392523,
        "emission": 1.1551378969892726e-06
    },
    "Decision Tree": {
        "AVG-PR": 0.4760633225252717,
        "ROC-AUC": 0.6933333333333334,
        "Accuracy": 0.7710280373831776,
        "emission": 1.2276832693992193e-08
    },
    "Random Forest": {
        "AVG-PR": 0.47888156430796613,
        "ROC-AUC": 0.6417708333333333,
        "Accuracy": 0.780373831775701,
        "emission": 7.53813675560668e-07
    },
    "AdaBoost": {
        "AVG-PR": 0.49244826435247,
        "ROC-AUC": 0.7145833333333333,
        "Accuracy": 0.7757009345794392,
        "emission": 1.1394898560824035e-07
    },
    "Naive Bayes": {
        "AVG-PR": 0.33107092351205114,
        "ROC-AUC": 0.5688541666666667,
        "Accuracy": 0.40186915887850466,
        "emission": 4.6014676628884065e-09
    },
    "QDA": {
        "AVG-PR": 0.3051360146862483,
        "ROC-AUC": 0.5101041666666667,
        "Accuracy": 0.6962616822429907,
        "emission": 2.1363211852539557e-08
    },
    "PLS-DA": {
        "AVG-PR": 0.6662035408988842,
        "ROC-AUC": 0.8037500000000001,
        "Accuracy": 0.780373831775701,
        "emission": 1.420214058119143e-07
    },
    "DNN": {
        "AVG-PR": 0.7728119532762641,
        "ROC-AUC": 0.891875,
        "Accuracy": 0.8177570093457944,
        "emission": 2.0773174029010646e-05
    }
}