{
    "Nearest Neighbors": {
        "AVG-PR": 0.03755868544600939,
        "ROC-AUC": 0.4975609756097561,
        "Accuracy": 0.9577464788732394,
        "emission": 1.228567542319027e-08
    },
    "Linear SVM": {
        "AVG-PR": 0.03755868544600939,
        "ROC-AUC": 0.4975609756097561,
        "Accuracy": 0.9577464788732394,
        "emission": 5.8141880768313894e-09
    },
    "RBF SVM": {
        "AVG-PR": 0.03755868544600939,
        "ROC-AUC": 0.5,
        "Accuracy": 0.9624413145539906,
        "emission": 1.835090466135521e-08
    },
    "Gaussian Process": {
        "AVG-PR": 0.03755868544600939,
        "ROC-AUC": 0.5,
        "Accuracy": 0.9624413145539906,
        "emission": 3.157830263524629e-06
    },
    "Decision Tree": {
        "AVG-PR": 0.03755868544600939,
        "ROC-AUC": 0.4951219512195122,
        "Accuracy": 0.9530516431924883,
        "emission": 9.936173059768614e-09
    },
    "Random Forest": {
        "AVG-PR": 0.03755868544600939,
        "ROC-AUC": 0.5,
        "Accuracy": 0.9624413145539906,
        "emission": 7.398351665167961e-07
    },
    "AdaBoost": {
        "AVG-PR": 0.06411384976525822,
        "ROC-AUC": 0.5551829268292682,
        "Accuracy": 0.9530516431924883,
        "emission": 1.1514666641691226e-07
    },
    "Naive Bayes": {
        "AVG-PR": 0.06072629808702964,
        "ROC-AUC": 0.661280487804878,
        "Accuracy": 0.6948356807511737,
        "emission": 4.231407145115054e-09
    },
    "QDA": {
        "AVG-PR": 0.03755868544600939,
        "ROC-AUC": 0.4926829268292683,
        "Accuracy": 0.9483568075117371,
        "emission": 1.8974914660833372e-08
    },
    "PLS-DA": {
        "AVG-PR": 0.33183555606948295,
        "ROC-AUC": 0.8128048780487805,
        "Accuracy": 0.9624413145539906,
        "emission": 1.1018389680250696e-07
    },
    "DNN": {
        "AVG-PR": 0.4706111308193765,
        "ROC-AUC": 0.7823170731707318,
        "Accuracy": 0.9624413145539906,
        "emission": 2.047343405370684e-05
    }
}