{
    "Nearest Neighbors": {
        "AVG-PR": 0.05786384976525822,
        "ROC-AUC": 0.5527439024390244,
        "Accuracy": 0.9483568075117371,
        "emission": 1.5377490042170263e-08
    },
    "Linear SVM": {
        "AVG-PR": 0.24847417840375585,
        "ROC-AUC": 0.6826219512195122,
        "Accuracy": 0.9671361502347418,
        "emission": 5.696671242101565e-09
    },
    "RBF SVM": {
        "AVG-PR": 0.03755868544600939,
        "ROC-AUC": 0.5,
        "Accuracy": 0.9624413145539906,
        "emission": 1.7136138396955664e-08
    },
    "Gaussian Process": {
        "AVG-PR": 0.03755868544600939,
        "ROC-AUC": 0.5,
        "Accuracy": 0.9624413145539906,
        "emission": 1.9690506660336466e-06
    },
    "Decision Tree": {
        "AVG-PR": 0.03755868544600939,
        "ROC-AUC": 0.4878048780487805,
        "Accuracy": 0.9389671361502347,
        "emission": 1.2413915481979385e-08
    },
    "Random Forest": {
        "AVG-PR": 0.03755868544600939,
        "ROC-AUC": 0.5,
        "Accuracy": 0.9624413145539906,
        "emission": 7.36391966582492e-07
    },
    "AdaBoost": {
        "AVG-PR": 0.09959758551307847,
        "ROC-AUC": 0.6128048780487805,
        "Accuracy": 0.9483568075117371,
        "emission": 1.1430377656083944e-07
    },
    "Naive Bayes": {
        "AVG-PR": 0.05042171634457911,
        "ROC-AUC": 0.614939024390244,
        "Accuracy": 0.6056338028169014,
        "emission": 3.853153843541268e-09
    },
    "QDA": {
        "AVG-PR": 0.03755868544600939,
        "ROC-AUC": 0.4951219512195122,
        "Accuracy": 0.9530516431924883,
        "emission": 1.6985651301380032e-08
    },
    "PLS-DA": {
        "AVG-PR": 0.1210250879163758,
        "ROC-AUC": 0.7899390243902439,
        "Accuracy": 0.9624413145539906,
        "emission": 1.217399000966285e-07
    },
    "DNN": {
        "AVG-PR": 0.2652604458908465,
        "ROC-AUC": 0.8070121951219512,
        "Accuracy": 0.9624413145539906,
        "emission": 1.9803905069083694e-05
    }
}