{
    "Nearest Neighbors": {
        "AVG-PR": 0.5994659546061415,
        "ROC-AUC": 0.7857142857142857,
        "Accuracy": 0.9719626168224299,
        "emission": 1.4846669047764928e-08
    },
    "Linear SVM": {
        "AVG-PR": 0.732977303070761,
        "ROC-AUC": 0.8571428571428572,
        "Accuracy": 0.9813084112149533,
        "emission": 4.879469682789585e-09
    },
    "RBF SVM": {
        "AVG-PR": 0.06542056074766354,
        "ROC-AUC": 0.5,
        "Accuracy": 0.9345794392523364,
        "emission": 1.9555698092233007e-08
    },
    "Gaussian Process": {
        "AVG-PR": 0.06542056074766354,
        "ROC-AUC": 0.5,
        "Accuracy": 0.9345794392523364,
        "emission": 1.1597184694702628e-06
    },
    "Decision Tree": {
        "AVG-PR": 0.5493385119553345,
        "ROC-AUC": 0.8164285714285714,
        "Accuracy": 0.9672897196261683,
        "emission": 1.1961146705791658e-08
    },
    "Random Forest": {
        "AVG-PR": 0.06542056074766354,
        "ROC-AUC": 0.5,
        "Accuracy": 0.9345794392523364,
        "emission": 7.331654329740142e-07
    },
    "AdaBoost": {
        "AVG-PR": 0.5493385119553345,
        "ROC-AUC": 0.8164285714285714,
        "Accuracy": 0.9672897196261683,
        "emission": 1.153941636318535e-07
    },
    "Naive Bayes": {
        "AVG-PR": 0.06955238563698966,
        "ROC-AUC": 0.53,
        "Accuracy": 0.5560747663551402,
        "emission": 3.7216301824477317e-09
    },
    "QDA": {
        "AVG-PR": 0.06542056074766354,
        "ROC-AUC": 0.495,
        "Accuracy": 0.9252336448598131,
        "emission": 1.891747257897662e-08
    },
    "PLS-DA": {
        "AVG-PR": 0.7379278230629267,
        "ROC-AUC": 0.8600000000000001,
        "Accuracy": 0.9719626168224299,
        "emission": 1.232553445830762e-07
    },
    "DNN": {
        "AVG-PR": 0.7049148166596703,
        "ROC-AUC": 0.7932142857142858,
        "Accuracy": 0.9672897196261683,
        "emission": 2.0076234859808294e-05
    }
}