{
    "Nearest Neighbors": {
        "AVG-PR": 0.22803738317757008,
        "ROC-AUC": 0.6617886178861788,
        "Accuracy": 0.9626168224299065,
        "emission": 1.3508262733062679e-08
    },
    "Linear SVM": {
        "AVG-PR": 0.04205607476635514,
        "ROC-AUC": 0.5,
        "Accuracy": 0.9579439252336449,
        "emission": 4.910964274391882e-09
    },
    "RBF SVM": {
        "AVG-PR": 0.04205607476635514,
        "ROC-AUC": 0.5,
        "Accuracy": 0.9579439252336449,
        "emission": 1.930786075860418e-08
    },
    "Gaussian Process": {
        "AVG-PR": 0.04205607476635514,
        "ROC-AUC": 0.5,
        "Accuracy": 0.9579439252336449,
        "emission": 1.9827445392613922e-06
    },
    "Decision Tree": {
        "AVG-PR": 0.04205607476635514,
        "ROC-AUC": 0.4926829268292683,
        "Accuracy": 0.9439252336448598,
        "emission": 1.0705014668491058e-08
    },
    "Random Forest": {
        "AVG-PR": 0.04205607476635514,
        "ROC-AUC": 0.5,
        "Accuracy": 0.9579439252336449,
        "emission": 7.395905569979265e-07
    },
    "AdaBoost": {
        "AVG-PR": 0.1530373831775701,
        "ROC-AUC": 0.6544715447154471,
        "Accuracy": 0.9485981308411215,
        "emission": 1.1346177916207598e-07
    },
    "Naive Bayes": {
        "AVG-PR": 0.042962756311898456,
        "ROC-AUC": 0.5105691056910568,
        "Accuracy": 0.6728971962616822,
        "emission": 6.186779200820412e-09
    },
    "QDA": {
        "AVG-PR": 0.04205607476635514,
        "ROC-AUC": 0.4878048780487805,
        "Accuracy": 0.9345794392523364,
        "emission": 2.0275645918118905e-08
    },
    "PLS-DA": {
        "AVG-PR": 0.07306015338327129,
        "ROC-AUC": 0.6981029810298103,
        "Accuracy": 0.9579439252336449,
        "emission": 1.2562744241619782e-07
    },
    "DNN": {
        "AVG-PR": 0.11489891442165372,
        "ROC-AUC": 0.648780487804878,
        "Accuracy": 0.9579439252336449,
        "emission": 1.9809015564531163e-05
    }
}