{
    "Nearest Neighbors": {
        "AVG-PR": 0.27733273994956237,
        "ROC-AUC": 0.7149051490514905,
        "Accuracy": 0.9626168224299065,
        "emission": 1.6402804255206926e-08
    },
    "Linear SVM": {
        "AVG-PR": 0.5742471443406023,
        "ROC-AUC": 0.7777777777777778,
        "Accuracy": 0.9813084112149533,
        "emission": 4.251504508271568e-09
    },
    "RBF SVM": {
        "AVG-PR": 0.04205607476635514,
        "ROC-AUC": 0.4975609756097561,
        "Accuracy": 0.9532710280373832,
        "emission": 1.9709363240684704e-08
    },
    "Gaussian Process": {
        "AVG-PR": 0.04205607476635514,
        "ROC-AUC": 0.5,
        "Accuracy": 0.9579439252336449,
        "emission": 2.1714482795564193e-06
    },
    "Decision Tree": {
        "AVG-PR": 0.17089452603471295,
        "ROC-AUC": 0.656910569105691,
        "Accuracy": 0.9532710280373832,
        "emission": 1.2051831812762304e-08
    },
    "Random Forest": {
        "AVG-PR": 0.04205607476635514,
        "ROC-AUC": 0.5,
        "Accuracy": 0.9579439252336449,
        "emission": 7.323096398795962e-07
    },
    "AdaBoost": {
        "AVG-PR": 0.19470404984423675,
        "ROC-AUC": 0.6593495934959349,
        "Accuracy": 0.9579439252336449,
        "emission": 1.1205583125442602e-07
    },
    "Naive Bayes": {
        "AVG-PR": 0.11447702939807357,
        "ROC-AUC": 0.7192411924119241,
        "Accuracy": 0.8691588785046729,
        "emission": 3.864359051290655e-09
    },
    "QDA": {
        "AVG-PR": 0.04205607476635514,
        "ROC-AUC": 0.5,
        "Accuracy": 0.9579439252336449,
        "emission": 1.872233260100811e-08
    },
    "PLS-DA": {
        "AVG-PR": 0.24402351828512167,
        "ROC-AUC": 0.862330623306233,
        "Accuracy": 0.9579439252336449,
        "emission": 1.2300926071202305e-07
    },
    "DNN": {
        "AVG-PR": 0.5309011220312859,
        "ROC-AUC": 0.7691056910569106,
        "Accuracy": 0.9579439252336449,
        "emission": 1.971204369370112e-05
    }
}