{
    "Nearest Neighbors": {
        "AVG-PR": 0.09293873312564901,
        "ROC-AUC": 0.5531165311653117,
        "Accuracy": 0.9579439252336449,
        "emission": 1.3414333957286217e-08
    },
    "Linear SVM": {
        "AVG-PR": 0.14849428868120457,
        "ROC-AUC": 0.5555555555555556,
        "Accuracy": 0.9626168224299065,
        "emission": 6.133854988126752e-09
    },
    "RBF SVM": {
        "AVG-PR": 0.04205607476635514,
        "ROC-AUC": 0.5,
        "Accuracy": 0.9579439252336449,
        "emission": 1.9792269800229605e-08
    },
    "Gaussian Process": {
        "AVG-PR": 0.04205607476635514,
        "ROC-AUC": 0.5,
        "Accuracy": 0.9579439252336449,
        "emission": 2.7380381541043684e-06
    },
    "Decision Tree": {
        "AVG-PR": 0.04205607476635514,
        "ROC-AUC": 0.4951219512195122,
        "Accuracy": 0.9485981308411215,
        "emission": 1.0646632154772768e-08
    },
    "Random Forest": {
        "AVG-PR": 0.04205607476635514,
        "ROC-AUC": 0.5,
        "Accuracy": 0.9579439252336449,
        "emission": 7.333034716073045e-07
    },
    "AdaBoost": {
        "AVG-PR": 0.09293873312564901,
        "ROC-AUC": 0.5531165311653117,
        "Accuracy": 0.9579439252336449,
        "emission": 1.1364094300572565e-07
    },
    "Naive Bayes": {
        "AVG-PR": 0.04646936656282451,
        "ROC-AUC": 0.5460704607046071,
        "Accuracy": 0.5373831775700935,
        "emission": 4.986644901264275e-09
    },
    "QDA": {
        "AVG-PR": 0.04205607476635514,
        "ROC-AUC": 0.5,
        "Accuracy": 0.9579439252336449,
        "emission": 1.9248732793908523e-08
    },
    "PLS-DA": {
        "AVG-PR": 0.13650995092732915,
        "ROC-AUC": 0.6509485094850949,
        "Accuracy": 0.9579439252336449,
        "emission": 1.2067394695216925e-07
    },
    "DNN": {
        "AVG-PR": 0.1779663422647196,
        "ROC-AUC": 0.5598915989159892,
        "Accuracy": 0.9579439252336449,
        "emission": 2.0379737928828356e-05
    }
}