{
    "Nearest Neighbors": {
        "AVG-PR": 0.03271028037383177,
        "ROC-AUC": 0.49516908212560384,
        "Accuracy": 0.9579439252336449,
        "emission": 1.3921953368914853e-08
    },
    "Linear SVM": {
        "AVG-PR": 0.03271028037383177,
        "ROC-AUC": 0.5,
        "Accuracy": 0.9672897196261683,
        "emission": 6.010442558532134e-09
    },
    "RBF SVM": {
        "AVG-PR": 0.03271028037383177,
        "ROC-AUC": 0.5,
        "Accuracy": 0.9672897196261683,
        "emission": 1.9209321001010236e-08
    },
    "Gaussian Process": {
        "AVG-PR": 0.03271028037383177,
        "ROC-AUC": 0.5,
        "Accuracy": 0.9672897196261683,
        "emission": 2.1000604637092663e-06
    },
    "Decision Tree": {
        "AVG-PR": 0.1472630173564753,
        "ROC-AUC": 0.6973775017253279,
        "Accuracy": 0.9485981308411215,
        "emission": 1.0497046917019196e-08
    },
    "Random Forest": {
        "AVG-PR": 0.03271028037383177,
        "ROC-AUC": 0.5,
        "Accuracy": 0.9672897196261683,
        "emission": 7.37500068352481e-07
    },
    "AdaBoost": {
        "AVG-PR": 0.03271028037383177,
        "ROC-AUC": 0.49033816425120774,
        "Accuracy": 0.9485981308411215,
        "emission": 1.1392111972495281e-07
    },
    "Naive Bayes": {
        "AVG-PR": 0.030690493307315735,
        "ROC-AUC": 0.45928226363008967,
        "Accuracy": 0.6214953271028038,
        "emission": 5.694553429658122e-09
    },
    "QDA": {
        "AVG-PR": 0.03271028037383177,
        "ROC-AUC": 0.49516908212560384,
        "Accuracy": 0.9579439252336449,
        "emission": 1.7469573140699945e-08
    },
    "PLS-DA": {
        "AVG-PR": 0.20640419240631327,
        "ROC-AUC": 0.6873706004140786,
        "Accuracy": 0.9672897196261683,
        "emission": 1.3177883880031927e-07
    },
    "DNN": {
        "AVG-PR": 0.0649278049188273,
        "ROC-AUC": 0.572808833678399,
        "Accuracy": 0.9672897196261683,
        "emission": 1.956783461697941e-05
    }
}