{
    "Nearest Neighbors": {
        "AVG-PR": 0.1710261569416499,
        "ROC-AUC": 0.5714285714285714,
        "Accuracy": 0.971830985915493,
        "emission": 1.2583126510057666e-08
    },
    "Linear SVM": {
        "AVG-PR": 0.44735077129443324,
        "ROC-AUC": 0.7142857142857143,
        "Accuracy": 0.9812206572769953,
        "emission": 4.733331438144913e-09
    },
    "RBF SVM": {
        "AVG-PR": 0.03286384976525822,
        "ROC-AUC": 0.5,
        "Accuracy": 0.9671361502347418,
        "emission": 1.8223820420943248e-08
    },
    "Gaussian Process": {
        "AVG-PR": 0.03286384976525822,
        "ROC-AUC": 0.5,
        "Accuracy": 0.9671361502347418,
        "emission": 1.763296504057817e-06
    },
    "Decision Tree": {
        "AVG-PR": 0.06388329979879276,
        "ROC-AUC": 0.5641470180305131,
        "Accuracy": 0.9577464788732394,
        "emission": 1.2445315725259344e-08
    },
    "Random Forest": {
        "AVG-PR": 0.03286384976525822,
        "ROC-AUC": 0.5,
        "Accuracy": 0.9671361502347418,
        "emission": 7.739743356731614e-07
    },
    "AdaBoost": {
        "AVG-PR": 0.1710261569416499,
        "ROC-AUC": 0.5714285714285714,
        "Accuracy": 0.971830985915493,
        "emission": 1.1076072722986384e-07
    },
    "Naive Bayes": {
        "AVG-PR": 0.030590321590560316,
        "ROC-AUC": 0.4306518723994452,
        "Accuracy": 0.6995305164319249,
        "emission": 3.946633884578464e-09
    },
    "QDA": {
        "AVG-PR": 0.03286384976525822,
        "ROC-AUC": 0.4854368932038835,
        "Accuracy": 0.9389671361502347,
        "emission": 1.796340225129058e-08
    },
    "PLS-DA": {
        "AVG-PR": 0.47439491162895414,
        "ROC-AUC": 0.8793342579750346,
        "Accuracy": 0.9671361502347418,
        "emission": 1.2437254441816242e-07
    },
    "DNN": {
        "AVG-PR": 0.5155416012558869,
        "ROC-AUC": 0.8904299583911235,
        "Accuracy": 0.9671361502347418,
        "emission": 2.007223221396849e-05
    }
}