{
    "Nearest Neighbors": {
        "AVG-PR": 0.3693118096856415,
        "ROC-AUC": 0.6747089947089946,
        "Accuracy": 0.9158878504672897,
        "emission": 1.38495493716815e-08
    },
    "Linear SVM": {
        "AVG-PR": 0.26878504672897197,
        "ROC-AUC": 0.6147089947089948,
        "Accuracy": 0.9018691588785047,
        "emission": 9.220372774827684e-09
    },
    "RBF SVM": {
        "AVG-PR": 0.11682242990654206,
        "ROC-AUC": 0.5,
        "Accuracy": 0.883177570093458,
        "emission": 1.9802289390958248e-08
    },
    "Gaussian Process": {
        "AVG-PR": 0.22280373831775702,
        "ROC-AUC": 0.56,
        "Accuracy": 0.897196261682243,
        "emission": 5.823374906046075e-06
    },
    "Decision Tree": {
        "AVG-PR": 0.20456905503634476,
        "ROC-AUC": 0.5894179894179894,
        "Accuracy": 0.8878504672897196,
        "emission": 1.0365940834241376e-08
    },
    "Random Forest": {
        "AVG-PR": 0.1874766355140187,
        "ROC-AUC": 0.54,
        "Accuracy": 0.8925233644859814,
        "emission": 7.431969412112052e-07
    },
    "AdaBoost": {
        "AVG-PR": 0.2066121495327103,
        "ROC-AUC": 0.6161904761904762,
        "Accuracy": 0.8738317757009346,
        "emission": 1.1269995101151268e-07
    },
    "Naive Bayes": {
        "AVG-PR": 0.1348423887216854,
        "ROC-AUC": 0.5752380952380952,
        "Accuracy": 0.2803738317757009,
        "emission": 3.962644970130831e-09
    },
    "QDA": {
        "AVG-PR": 0.11682242990654206,
        "ROC-AUC": 0.4920634920634921,
        "Accuracy": 0.8691588785046729,
        "emission": 1.5882125726607146e-08
    },
    "PLS-DA": {
        "AVG-PR": 0.4683790164850299,
        "ROC-AUC": 0.7193650793650793,
        "Accuracy": 0.9018691588785047,
        "emission": 9.105309496091201e-08
    },
    "DNN": {
        "AVG-PR": 0.5094383333398158,
        "ROC-AUC": 0.790899470899471,
        "Accuracy": 0.9018691588785047,
        "emission": 2.1473049796790954e-05
    }
}