{
    "Nearest Neighbors": {
        "AVG-PR": 0.04205607476635514,
        "ROC-AUC": 0.4951219512195122,
        "Accuracy": 0.9485981308411215,
        "emission": 1.3895212716744241e-08
    },
    "Linear SVM": {
        "AVG-PR": 0.04205607476635514,
        "ROC-AUC": 0.5,
        "Accuracy": 0.9579439252336449,
        "emission": 4.543122179466478e-09
    },
    "RBF SVM": {
        "AVG-PR": 0.04205607476635514,
        "ROC-AUC": 0.5,
        "Accuracy": 0.9579439252336449,
        "emission": 1.9219955527409854e-08
    },
    "Gaussian Process": {
        "AVG-PR": 0.04205607476635514,
        "ROC-AUC": 0.5,
        "Accuracy": 0.9579439252336449,
        "emission": 1.7094448522813574e-06
    },
    "Decision Tree": {
        "AVG-PR": 0.09620234386589527,
        "ROC-AUC": 0.5989159891598916,
        "Accuracy": 0.9439252336448598,
        "emission": 1.459902874175343e-08
    },
    "Random Forest": {
        "AVG-PR": 0.04205607476635514,
        "ROC-AUC": 0.5,
        "Accuracy": 0.9579439252336449,
        "emission": 7.408858778814875e-07
    },
    "AdaBoost": {
        "AVG-PR": 0.14382139148494288,
        "ROC-AUC": 0.6062330623306234,
        "Accuracy": 0.9579439252336449,
        "emission": 1.1341550821955478e-07
    },
    "Naive Bayes": {
        "AVG-PR": 0.06040152301834545,
        "ROC-AUC": 0.6149051490514905,
        "Accuracy": 0.7710280373831776,
        "emission": 4.289045639977896e-09
    },
    "QDA": {
        "AVG-PR": 0.04205607476635514,
        "ROC-AUC": 0.4926829268292683,
        "Accuracy": 0.9439252336448598,
        "emission": 1.7623903819629438e-08
    },
    "PLS-DA": {
        "AVG-PR": 0.08283791412253275,
        "ROC-AUC": 0.6590785907859079,
        "Accuracy": 0.9579439252336449,
        "emission": 1.1965827291118866e-07
    },
    "DNN": {
        "AVG-PR": 0.135435064814906,
        "ROC-AUC": 0.7062330623306232,
        "Accuracy": 0.9579439252336449,
        "emission": 1.9503183396514815e-05
    }
}