{
    "Nearest Neighbors": {
        "AVG-PR": 0.09667056074766354,
        "ROC-AUC": 0.5473484848484849,
        "Accuracy": 0.9065420560747663,
        "emission": 1.4141694375392365e-08
    },
    "Linear SVM": {
        "AVG-PR": 0.07476635514018691,
        "ROC-AUC": 0.5,
        "Accuracy": 0.9252336448598131,
        "emission": 7.083474866193661e-09
    },
    "RBF SVM": {
        "AVG-PR": 0.07476635514018691,
        "ROC-AUC": 0.5,
        "Accuracy": 0.9252336448598131,
        "emission": 1.7884789082285164e-08
    },
    "Gaussian Process": {
        "AVG-PR": 0.07476635514018691,
        "ROC-AUC": 0.5,
        "Accuracy": 0.9252336448598131,
        "emission": 9.607354336273675e-07
    },
    "Decision Tree": {
        "AVG-PR": 0.07790595794392523,
        "ROC-AUC": 0.5135732323232324,
        "Accuracy": 0.897196261682243,
        "emission": 1.4247229063671497e-08
    },
    "Random Forest": {
        "AVG-PR": 0.07476635514018691,
        "ROC-AUC": 0.5,
        "Accuracy": 0.9252336448598131,
        "emission": 7.255588355285189e-07
    },
    "AdaBoost": {
        "AVG-PR": 0.08814783347493627,
        "ROC-AUC": 0.5397727272727273,
        "Accuracy": 0.8925233644859814,
        "emission": 1.1263197079220597e-07
    },
    "Naive Bayes": {
        "AVG-PR": 0.07538586802605493,
        "ROC-AUC": 0.5044191919191919,
        "Accuracy": 0.40186915887850466,
        "emission": 4.642817006047752e-09
    },
    "QDA": {
        "AVG-PR": 0.07476635514018691,
        "ROC-AUC": 0.49242424242424243,
        "Accuracy": 0.9112149532710281,
        "emission": 1.755179637117219e-08
    },
    "PLS-DA": {
        "AVG-PR": 0.15785032107013544,
        "ROC-AUC": 0.7045454545454546,
        "Accuracy": 0.9252336448598131,
        "emission": 1.2382807417073216e-07
    },
    "DNN": {
        "AVG-PR": 0.25830576717442144,
        "ROC-AUC": 0.6035353535353535,
        "Accuracy": 0.9252336448598131,
        "emission": 1.99551584865207e-05
    }
}