{
    "Nearest Neighbors": {
        "AVG-PR": 0.49919122933141624,
        "ROC-AUC": 0.7667432070417144,
        "Accuracy": 0.9672897196261683,
        "emission": 1.5555554334105053e-08
    },
    "Linear SVM": {
        "AVG-PR": 0.4219985621854781,
        "ROC-AUC": 0.6923076923076923,
        "Accuracy": 0.9626168224299065,
        "emission": 6.250119253443588e-09
    },
    "RBF SVM": {
        "AVG-PR": 0.06074766355140187,
        "ROC-AUC": 0.5,
        "Accuracy": 0.9392523364485982,
        "emission": 1.768086785608606e-08
    },
    "Gaussian Process": {
        "AVG-PR": 0.06074766355140187,
        "ROC-AUC": 0.5,
        "Accuracy": 0.9392523364485982,
        "emission": 2.4866392874958628e-06
    },
    "Decision Tree": {
        "AVG-PR": 0.22969086987778578,
        "ROC-AUC": 0.6798698813624187,
        "Accuracy": 0.9392523364485982,
        "emission": 9.16378859296416e-09
    },
    "Random Forest": {
        "AVG-PR": 0.06074766355140187,
        "ROC-AUC": 0.5,
        "Accuracy": 0.9392523364485982,
        "emission": 7.616781876500684e-07
    },
    "AdaBoost": {
        "AVG-PR": 0.2198058950395399,
        "ROC-AUC": 0.6128970531955608,
        "Accuracy": 0.9485981308411215,
        "emission": 1.1625710732095858e-07
    },
    "Naive Bayes": {
        "AVG-PR": 0.09286741296087091,
        "ROC-AUC": 0.6595866819747417,
        "Accuracy": 0.6308411214953271,
        "emission": 4.296752600351744e-09
    },
    "QDA": {
        "AVG-PR": 0.20524802300503237,
        "ROC-AUC": 0.5769230769230769,
        "Accuracy": 0.9485981308411215,
        "emission": 1.9483520159176248e-08
    },
    "PLS-DA": {
        "AVG-PR": 0.5184171261363094,
        "ROC-AUC": 0.8153463451970915,
        "Accuracy": 0.9626168224299065,
        "emission": 1.3289872790996572e-07
    },
    "DNN": {
        "AVG-PR": 0.6547809253839404,
        "ROC-AUC": 0.8719862227324914,
        "Accuracy": 0.9626168224299065,
        "emission": 2.22152278520803e-05
    }
}