{
    "Nearest Neighbors": {
        "AVG-PR": 0.2971581155826817,
        "ROC-AUC": 0.6735714285714286,
        "Accuracy": 0.9485981308411215,
        "emission": 1.4978518772787462e-08
    },
    "Linear SVM": {
        "AVG-PR": 0.3991989319092123,
        "ROC-AUC": 0.6785714285714286,
        "Accuracy": 0.9579439252336449,
        "emission": 6.128459988103428e-09
    },
    "RBF SVM": {
        "AVG-PR": 0.06542056074766354,
        "ROC-AUC": 0.5,
        "Accuracy": 0.9345794392523364,
        "emission": 1.634818799241505e-08
    },
    "Gaussian Process": {
        "AVG-PR": 0.06542056074766354,
        "ROC-AUC": 0.5,
        "Accuracy": 0.9345794392523364,
        "emission": 2.3123329338308396e-06
    },
    "Decision Tree": {
        "AVG-PR": 0.18958611481975968,
        "ROC-AUC": 0.6328571428571428,
        "Accuracy": 0.9345794392523364,
        "emission": 9.22226018912767e-09
    },
    "Random Forest": {
        "AVG-PR": 0.06542056074766354,
        "ROC-AUC": 0.5,
        "Accuracy": 0.9345794392523364,
        "emission": 7.277207102734008e-07
    },
    "AdaBoost": {
        "AVG-PR": 0.27530040053404536,
        "ROC-AUC": 0.6403571428571427,
        "Accuracy": 0.9485981308411215,
        "emission": 1.1213418313494334e-07
    },
    "Naive Bayes": {
        "AVG-PR": 0.07118030652440169,
        "ROC-AUC": 0.5414285714285714,
        "Accuracy": 0.4532710280373832,
        "emission": 5.382571272304542e-09
    },
    "QDA": {
        "AVG-PR": 0.06542056074766354,
        "ROC-AUC": 0.4925,
        "Accuracy": 0.9205607476635514,
        "emission": 1.8147922518531577e-08
    },
    "PLS-DA": {
        "AVG-PR": 0.4386943389908272,
        "ROC-AUC": 0.715,
        "Accuracy": 0.9532710280373832,
        "emission": 1.3163199140577446e-07
    },
    "DNN": {
        "AVG-PR": 0.4807163113720349,
        "ROC-AUC": 0.7,
        "Accuracy": 0.9345794392523364,
        "emission": 2.15527430473836e-05
    }
}