{
    "Nearest Neighbors": {
        "AVG-PR": 0.04205607476635514,
        "ROC-AUC": 0.5,
        "Accuracy": 0.9579439252336449,
        "emission": 1.5112912681713374e-08
    },
    "Linear SVM": {
        "AVG-PR": 0.04205607476635514,
        "ROC-AUC": 0.5,
        "Accuracy": 0.9579439252336449,
        "emission": 5.5221608968547174e-09
    },
    "RBF SVM": {
        "AVG-PR": 0.04205607476635514,
        "ROC-AUC": 0.5,
        "Accuracy": 0.9579439252336449,
        "emission": 1.8945046508058915e-08
    },
    "Gaussian Process": {
        "AVG-PR": 0.04205607476635514,
        "ROC-AUC": 0.5,
        "Accuracy": 0.9579439252336449,
        "emission": 2.5898716883109443e-06
    },
    "Decision Tree": {
        "AVG-PR": 0.059605399792315675,
        "ROC-AUC": 0.54579945799458,
        "Accuracy": 0.9439252336448598,
        "emission": 1.3889520855217155e-08
    },
    "Random Forest": {
        "AVG-PR": 0.04205607476635514,
        "ROC-AUC": 0.5,
        "Accuracy": 0.9579439252336449,
        "emission": 7.592519373277137e-07
    },
    "AdaBoost": {
        "AVG-PR": 0.09293873312564901,
        "ROC-AUC": 0.5531165311653117,
        "Accuracy": 0.9579439252336449,
        "emission": 1.1595064609278066e-07
    },
    "Naive Bayes": {
        "AVG-PR": 0.04455304273382321,
        "ROC-AUC": 0.5284552845528455,
        "Accuracy": 0.40186915887850466,
        "emission": 4.3339001006576745e-09
    },
    "QDA": {
        "AVG-PR": 0.04205607476635514,
        "ROC-AUC": 0.4926829268292683,
        "Accuracy": 0.9439252336448598,
        "emission": 1.9583553383320646e-08
    },
    "PLS-DA": {
        "AVG-PR": 0.05104437843975483,
        "ROC-AUC": 0.5018970189701897,
        "Accuracy": 0.9579439252336449,
        "emission": 1.2404838773616372e-07
    },
    "DNN": {
        "AVG-PR": 0.04548362855021337,
        "ROC-AUC": 0.4780487804878049,
        "Accuracy": 0.9579439252336449,
        "emission": 2.0986050860087292e-05
    }
}