{
    "Nearest Neighbors": {
        "AVG-PR": 0.7457094307561598,
        "ROC-AUC": 0.9066278549037171,
        "Accuracy": 0.985981308411215,
        "emission": 1.4417944679632422e-08
    },
    "Linear SVM": {
        "AVG-PR": 0.6787672819958293,
        "ROC-AUC": 0.9041648007165249,
        "Accuracy": 0.9813084112149533,
        "emission": 7.437223376075479e-09
    },
    "RBF SVM": {
        "AVG-PR": 0.0514018691588785,
        "ROC-AUC": 0.5,
        "Accuracy": 0.9485981308411215,
        "emission": 1.720695673303719e-08
    },
    "Gaussian Process": {
        "AVG-PR": 0.5755097706032285,
        "ROC-AUC": 0.815718763994626,
        "Accuracy": 0.9766355140186916,
        "emission": 6.050348257851665e-06
    },
    "Decision Tree": {
        "AVG-PR": 0.32088514713833316,
        "ROC-AUC": 0.7604120017913121,
        "Accuracy": 0.9532710280373832,
        "emission": 1.2612786675262128e-08
    },
    "Random Forest": {
        "AVG-PR": 0.13763806287170774,
        "ROC-AUC": 0.5454545454545454,
        "Accuracy": 0.9532710280373832,
        "emission": 7.861284706931322e-07
    },
    "AdaBoost": {
        "AVG-PR": 0.16326819597847636,
        "ROC-AUC": 0.5884460367218989,
        "Accuracy": 0.9532710280373832,
        "emission": 1.1798718313856716e-07
    },
    "Naive Bayes": {
        "AVG-PR": 0.05395072217502124,
        "ROC-AUC": 0.5239587998208688,
        "Accuracy": 0.5046728971962616,
        "emission": 5.8771582839520735e-09
    },
    "QDA": {
        "AVG-PR": 0.0514018691588785,
        "ROC-AUC": 0.4975369458128079,
        "Accuracy": 0.9439252336448598,
        "emission": 1.810635859792552e-08
    },
    "PLS-DA": {
        "AVG-PR": 0.6932558974002826,
        "ROC-AUC": 0.8943125839677563,
        "Accuracy": 0.9719626168224299,
        "emission": 9.062554261599931e-08
    },
    "DNN": {
        "AVG-PR": 0.8444138353229262,
        "ROC-AUC": 0.9471562919838783,
        "Accuracy": 0.9813084112149533,
        "emission": 2.1480689920457723e-05
    }
}