{
    "Nearest Neighbors": {
        "AVG-PR": 0.7412914188615123,
        "ROC-AUC": 0.8636363636363636,
        "Accuracy": 0.985981308411215,
        "emission": 1.49901787460929e-08
    },
    "Linear SVM": {
        "AVG-PR": 0.6604833380534314,
        "ROC-AUC": 0.8611733094491715,
        "Accuracy": 0.9813084112149533,
        "emission": 5.885105386381058e-09
    },
    "RBF SVM": {
        "AVG-PR": 0.0514018691588785,
        "ROC-AUC": 0.5,
        "Accuracy": 0.9485981308411215,
        "emission": 1.7571231604632704e-08
    },
    "Gaussian Process": {
        "AVG-PR": 0.0514018691588785,
        "ROC-AUC": 0.5,
        "Accuracy": 0.9485981308411215,
        "emission": 2.067121683118597e-06
    },
    "Decision Tree": {
        "AVG-PR": 0.2960917587085811,
        "ROC-AUC": 0.75794894760412,
        "Accuracy": 0.9485981308411215,
        "emission": 1.103262943878445e-08
    },
    "Random Forest": {
        "AVG-PR": 0.22387425658453697,
        "ROC-AUC": 0.5909090909090909,
        "Accuracy": 0.9579439252336449,
        "emission": 7.635137040870368e-07
    },
    "AdaBoost": {
        "AVG-PR": 0.387000849617672,
        "ROC-AUC": 0.7653381101656964,
        "Accuracy": 0.9626168224299065,
        "emission": 1.2876542732742902e-07
    },
    "Naive Bayes": {
        "AVG-PR": 0.05716161493561664,
        "ROC-AUC": 0.551948051948052,
        "Accuracy": 0.3130841121495327,
        "emission": 4.776737177979556e-09
    },
    "QDA": {
        "AVG-PR": 0.0514018691588785,
        "ROC-AUC": 0.5,
        "Accuracy": 0.9485981308411215,
        "emission": 3.668480938977103e-08
    },
    "PLS-DA": {
        "AVG-PR": 0.6761810653115001,
        "ROC-AUC": 0.8549037169726824,
        "Accuracy": 0.9719626168224299,
        "emission": 1.2826820534312915e-07
    },
    "DNN": {
        "AVG-PR": 0.7734737767673958,
        "ROC-AUC": 0.9202866099417824,
        "Accuracy": 0.9766355140186916,
        "emission": 2.235776842511004e-05
    }
}