{
    "Nearest Neighbors": {
        "AVG-PR": 0.6550552251486831,
        "ROC-AUC": 0.8181818181818181,
        "Accuracy": 0.9813084112149533,
        "emission": 1.55822379483619e-08
    },
    "Linear SVM": {
        "AVG-PR": 0.46414613423959217,
        "ROC-AUC": 0.8107926556202417,
        "Accuracy": 0.9672897196261683,
        "emission": 6.425597222381597e-09
    },
    "RBF SVM": {
        "AVG-PR": 0.0514018691588785,
        "ROC-AUC": 0.5,
        "Accuracy": 0.9485981308411215,
        "emission": 1.8039421344047785e-08
    },
    "Gaussian Process": {
        "AVG-PR": 0.4908969535137759,
        "ROC-AUC": 0.7702642185400806,
        "Accuracy": 0.9719626168224299,
        "emission": 5.272964946079212e-06
    },
    "Decision Tree": {
        "AVG-PR": 0.14459839226194368,
        "ROC-AUC": 0.6596506941334528,
        "Accuracy": 0.9252336448598131,
        "emission": 1.0360973131829088e-08
    },
    "Random Forest": {
        "AVG-PR": 0.13763806287170774,
        "ROC-AUC": 0.5454545454545454,
        "Accuracy": 0.9532710280373832,
        "emission": 7.721839763319213e-07
    },
    "AdaBoost": {
        "AVG-PR": 0.24050248816603956,
        "ROC-AUC": 0.6744290192566055,
        "Accuracy": 0.9532710280373832,
        "emission": 1.1498535384052811e-07
    },
    "Naive Bayes": {
        "AVG-PR": 0.06513091835946551,
        "ROC-AUC": 0.6061352440662786,
        "Accuracy": 0.4158878504672897,
        "emission": 4.220717289044083e-09
    },
    "QDA": {
        "AVG-PR": 0.0514018691588785,
        "ROC-AUC": 0.4975369458128079,
        "Accuracy": 0.9439252336448598,
        "emission": 1.550232606116201e-08
    },
    "PLS-DA": {
        "AVG-PR": 0.6314916777560456,
        "ROC-AUC": 0.8566950291088223,
        "Accuracy": 0.9626168224299065,
        "emission": 1.0696441362928204e-07
    },
    "DNN": {
        "AVG-PR": 0.7008117449927914,
        "ROC-AUC": 0.825347066726377,
        "Accuracy": 0.9766355140186916,
        "emission": 2.08858700673169e-05
    }
}