{
    "Nearest Neighbors": {
        "AVG-PR": 0.2121161548731642,
        "ROC-AUC": 0.6046428571428571,
        "Accuracy": 0.9439252336448598,
        "emission": 1.3194076015137084e-08
    },
    "Linear SVM": {
        "AVG-PR": 0.19893190921228304,
        "ROC-AUC": 0.5714285714285714,
        "Accuracy": 0.9439252336448598,
        "emission": 5.009104499541538e-09
    },
    "RBF SVM": {
        "AVG-PR": 0.06542056074766354,
        "ROC-AUC": 0.5,
        "Accuracy": 0.9345794392523364,
        "emission": 1.7729334218429128e-08
    },
    "Gaussian Process": {
        "AVG-PR": 0.09646194926568757,
        "ROC-AUC": 0.5332142857142858,
        "Accuracy": 0.9345794392523364,
        "emission": 6.1674673364708105e-06
    },
    "Decision Tree": {
        "AVG-PR": 0.06967623497997329,
        "ROC-AUC": 0.5182142857142856,
        "Accuracy": 0.9065420560747663,
        "emission": 1.4455291408786691e-08
    },
    "Random Forest": {
        "AVG-PR": 0.06542056074766354,
        "ROC-AUC": 0.5,
        "Accuracy": 0.9345794392523364,
        "emission": 7.633500039337056e-07
    },
    "AdaBoost": {
        "AVG-PR": 0.11568758344459278,
        "ROC-AUC": 0.5896428571428571,
        "Accuracy": 0.9158878504672897,
        "emission": 1.186106976303497e-07
    },
    "Naive Bayes": {
        "AVG-PR": 0.06520346912414385,
        "ROC-AUC": 0.4982142857142857,
        "Accuracy": 0.43457943925233644,
        "emission": 5.704809912601186e-09
    },
    "QDA": {
        "AVG-PR": 0.09646194926568757,
        "ROC-AUC": 0.5332142857142858,
        "Accuracy": 0.9345794392523364,
        "emission": 1.601818605626732e-08
    },
    "PLS-DA": {
        "AVG-PR": 0.15135112320244642,
        "ROC-AUC": 0.6728571428571429,
        "Accuracy": 0.9345794392523364,
        "emission": 9.235755989434511e-08
    },
    "DNN": {
        "AVG-PR": 0.14030426799078136,
        "ROC-AUC": 0.6439285714285714,
        "Accuracy": 0.9345794392523364,
        "emission": 2.0878494691513795e-05
    }
}