{
    "Nearest Neighbors": {
        "AVG-PR": 0.22002527988443482,
        "ROC-AUC": 0.6128846153846154,
        "Accuracy": 0.9483568075117371,
        "emission": 2.800397571732815e-08
    },
    "Linear SVM": {
        "AVG-PR": 0.27771758757674253,
        "ROC-AUC": 0.6153846153846154,
        "Accuracy": 0.9530516431924883,
        "emission": 5.016578734406737e-09
    },
    "RBF SVM": {
        "AVG-PR": 0.06103286384976526,
        "ROC-AUC": 0.5,
        "Accuracy": 0.9389671361502347,
        "emission": 1.987258339942679e-08
    },
    "Gaussian Process": {
        "AVG-PR": 0.06103286384976526,
        "ROC-AUC": 0.5,
        "Accuracy": 0.9389671361502347,
        "emission": 2.013046922474294e-06
    },
    "Decision Tree": {
        "AVG-PR": 0.06732703915802507,
        "ROC-AUC": 0.5234615384615384,
        "Accuracy": 0.9154929577464789,
        "emission": 1.1909888211459412e-08
    },
    "Random Forest": {
        "AVG-PR": 0.06103286384976526,
        "ROC-AUC": 0.5,
        "Accuracy": 0.9389671361502347,
        "emission": 7.626662459446744e-07
    },
    "AdaBoost": {
        "AVG-PR": 0.19609967497291442,
        "ROC-AUC": 0.6438461538461538,
        "Accuracy": 0.9389671361502347,
        "emission": 1.1515840704814138e-07
    },
    "Naive Bayes": {
        "AVG-PR": 0.06958913242770232,
        "ROC-AUC": 0.5592307692307692,
        "Accuracy": 0.5774647887323944,
        "emission": 4.004135568554906e-09
    },
    "QDA": {
        "AVG-PR": 0.09010473094980137,
        "ROC-AUC": 0.5619230769230769,
        "Accuracy": 0.92018779342723,
        "emission": 1.87494370542736e-08
    },
    "PLS-DA": {
        "AVG-PR": 0.43662809227190497,
        "ROC-AUC": 0.8157692307692308,
        "Accuracy": 0.9483568075117371,
        "emission": 1.2984097612861486e-07
    },
    "DNN": {
        "AVG-PR": 0.33296253249390084,
        "ROC-AUC": 0.6084615384615384,
        "Accuracy": 0.9389671361502347,
        "emission": 2.0550478907770995e-05
    }
}