{
    "Nearest Neighbors": {
        "AVG-PR": 0.45660881174899864,
        "ROC-AUC": 0.7475247524752475,
        "Accuracy": 0.9672897196261683,
        "emission": 1.423121295826582e-08
    },
    "Linear SVM": {
        "AVG-PR": 0.5337811526479751,
        "ROC-AUC": 0.7891914191419143,
        "Accuracy": 0.9719626168224299,
        "emission": 7.15654752505795e-09
    },
    "RBF SVM": {
        "AVG-PR": 0.13473520249221183,
        "ROC-AUC": 0.5416666666666666,
        "Accuracy": 0.9485981308411215,
        "emission": 1.9782671760251315e-08
    },
    "Gaussian Process": {
        "AVG-PR": 0.056074766355140186,
        "ROC-AUC": 0.5,
        "Accuracy": 0.9439252336448598,
        "emission": 1.4504227933089156e-06
    },
    "Decision Tree": {
        "AVG-PR": 0.46313603322949115,
        "ROC-AUC": 0.8234323432343233,
        "Accuracy": 0.9626168224299065,
        "emission": 9.163958892021188e-09
    },
    "Random Forest": {
        "AVG-PR": 0.056074766355140186,
        "ROC-AUC": 0.5,
        "Accuracy": 0.9439252336448598,
        "emission": 7.549210920916487e-07
    },
    "AdaBoost": {
        "AVG-PR": 0.47706818968501213,
        "ROC-AUC": 0.7867161716171618,
        "Accuracy": 0.9672897196261683,
        "emission": 1.1767242615032398e-07
    },
    "Naive Bayes": {
        "AVG-PR": 0.08442086946759844,
        "ROC-AUC": 0.6666666666666667,
        "Accuracy": 0.5186915887850467,
        "emission": 4.584469933741603e-09
    },
    "QDA": {
        "AVG-PR": 0.056074766355140186,
        "ROC-AUC": 0.4975247524752475,
        "Accuracy": 0.9392523364485982,
        "emission": 1.8422224591719518e-08
    },
    "PLS-DA": {
        "AVG-PR": 0.7740968583073847,
        "ROC-AUC": 0.8679867986798679,
        "Accuracy": 0.9719626168224299,
        "emission": 1.2823612040481083e-07
    },
    "DNN": {
        "AVG-PR": 0.8211291341371991,
        "ROC-AUC": 0.8861386138613861,
        "Accuracy": 0.9766355140186916,
        "emission": 2.0754870777255394e-05
    }
}