{
    "Nearest Neighbors": {
        "AVG-PR": 0.38008607198748046,
        "ROC-AUC": 0.7058457711442786,
        "Accuracy": 0.9624413145539906,
        "emission": 1.441231268477354e-08
    },
    "Linear SVM": {
        "AVG-PR": 0.5338908450704226,
        "ROC-AUC": 0.789179104477612,
        "Accuracy": 0.971830985915493,
        "emission": 7.058228564069567e-09
    },
    "RBF SVM": {
        "AVG-PR": 0.056338028169014086,
        "ROC-AUC": 0.5,
        "Accuracy": 0.9436619718309859,
        "emission": 1.9318008752414448e-08
    },
    "Gaussian Process": {
        "AVG-PR": 0.29225352112676056,
        "ROC-AUC": 0.625,
        "Accuracy": 0.9577464788732394,
        "emission": 2.964274407449728e-06
    },
    "Decision Tree": {
        "AVG-PR": 0.2222577891591976,
        "ROC-AUC": 0.6934079601990051,
        "Accuracy": 0.9389671361502347,
        "emission": 1.0336369626678581e-08
    },
    "Random Forest": {
        "AVG-PR": 0.056338028169014086,
        "ROC-AUC": 0.5,
        "Accuracy": 0.9436619718309859,
        "emission": 7.603260599978073e-07
    },
    "AdaBoost": {
        "AVG-PR": 0.2932805164319249,
        "ROC-AUC": 0.7008706467661692,
        "Accuracy": 0.9530516431924883,
        "emission": 1.1662518880829291e-07
    },
    "Naive Bayes": {
        "AVG-PR": 0.07208528951486698,
        "ROC-AUC": 0.6001243781094528,
        "Accuracy": 0.6150234741784038,
        "emission": 4.854197221713426e-09
    },
    "QDA": {
        "AVG-PR": 0.19225352112676056,
        "ROC-AUC": 0.6200248756218906,
        "Accuracy": 0.9483568075117371,
        "emission": 1.7728321669238582e-08
    },
    "PLS-DA": {
        "AVG-PR": 0.7581703992888205,
        "ROC-AUC": 0.8930348258706468,
        "Accuracy": 0.9577464788732394,
        "emission": 1.283556773113072e-07
    },
    "DNN": {
        "AVG-PR": 0.4188005669626285,
        "ROC-AUC": 0.6214759535655059,
        "Accuracy": 0.9530516431924883,
        "emission": 2.0043038450539523e-05
    }
}