{
    "Nearest Neighbors": {
        "AVG-PR": 0.6417685118619698,
        "ROC-AUC": 0.8436662839647915,
        "Accuracy": 0.9766355140186916,
        "emission": 2.8263805406450442e-08
    },
    "Linear SVM": {
        "AVG-PR": 0.710999281092739,
        "ROC-AUC": 0.8461538461538461,
        "Accuracy": 0.9813084112149533,
        "emission": 5.249368769369173e-09
    },
    "RBF SVM": {
        "AVG-PR": 0.13299784327821712,
        "ROC-AUC": 0.5384615384615384,
        "Accuracy": 0.9439252336448598,
        "emission": 1.954172070749227e-08
    },
    "Gaussian Process": {
        "AVG-PR": 0.06074766355140187,
        "ROC-AUC": 0.5,
        "Accuracy": 0.9392523364485982,
        "emission": 1.956456980962781e-06
    },
    "Decision Tree": {
        "AVG-PR": 0.49798152961344905,
        "ROC-AUC": 0.8362035973976272,
        "Accuracy": 0.9626168224299065,
        "emission": 1.1569259249988922e-08
    },
    "Random Forest": {
        "AVG-PR": 0.06074766355140187,
        "ROC-AUC": 0.5,
        "Accuracy": 0.9392523364485982,
        "emission": 7.676906817821639e-07
    },
    "AdaBoost": {
        "AVG-PR": 0.6417685118619698,
        "ROC-AUC": 0.8436662839647915,
        "Accuracy": 0.9766355140186916,
        "emission": 1.1778424800153995e-07
    },
    "Naive Bayes": {
        "AVG-PR": 0.09245018999691897,
        "ROC-AUC": 0.6718331419823957,
        "Accuracy": 0.5186915887850467,
        "emission": 5.283706985626745e-09
    },
    "QDA": {
        "AVG-PR": 0.12832494608195544,
        "ROC-AUC": 0.5719479525449674,
        "Accuracy": 0.9392523364485982,
        "emission": 1.9331310918200526e-08
    },
    "PLS-DA": {
        "AVG-PR": 0.8250355736391,
        "ROC-AUC": 0.9150401836969001,
        "Accuracy": 0.9766355140186916,
        "emission": 1.2984577689912565e-07
    },
    "DNN": {
        "AVG-PR": 0.6535673737557807,
        "ROC-AUC": 0.835820895522388,
        "Accuracy": 0.9392523364485982,
        "emission": 2.0215535966512568e-05
    }
}