{
    "Nearest Neighbors": {
        "AVG-PR": 0.14821845794392524,
        "ROC-AUC": 0.5966494845360825,
        "Accuracy": 0.8785046728971962,
        "emission": 2.336503981187213e-08
    },
    "Linear SVM": {
        "AVG-PR": 0.15342679127725856,
        "ROC-AUC": 0.5992268041237113,
        "Accuracy": 0.883177570093458,
        "emission": 5.5143620527377985e-09
    },
    "RBF SVM": {
        "AVG-PR": 0.09345794392523364,
        "ROC-AUC": 0.5,
        "Accuracy": 0.9065420560747663,
        "emission": 1.830262431245368e-08
    },
    "Gaussian Process": {
        "AVG-PR": 0.1662473040977714,
        "ROC-AUC": 0.604381443298969,
        "Accuracy": 0.8925233644859814,
        "emission": 2.739946477216622e-06
    },
    "Decision Tree": {
        "AVG-PR": 0.14749362786745965,
        "ROC-AUC": 0.5819587628865979,
        "Accuracy": 0.8925233644859814,
        "emission": 1.1527843735610137e-08
    },
    "Random Forest": {
        "AVG-PR": 0.13878504672897196,
        "ROC-AUC": 0.525,
        "Accuracy": 0.9112149532710281,
        "emission": 7.361763204137861e-07
    },
    "AdaBoost": {
        "AVG-PR": 0.14749362786745965,
        "ROC-AUC": 0.5819587628865979,
        "Accuracy": 0.8925233644859814,
        "emission": 1.1101210043584344e-07
    },
    "Naive Bayes": {
        "AVG-PR": 0.10402492211838008,
        "ROC-AUC": 0.554639175257732,
        "Accuracy": 0.35514018691588783,
        "emission": 4.036702362249663e-09
    },
    "QDA": {
        "AVG-PR": 0.09345794392523364,
        "ROC-AUC": 0.5,
        "Accuracy": 0.9065420560747663,
        "emission": 1.804531620651043e-08
    },
    "PLS-DA": {
        "AVG-PR": 0.34956231974439317,
        "ROC-AUC": 0.7690721649484537,
        "Accuracy": 0.9112149532710281,
        "emission": 1.204341793202608e-07
    },
    "DNN": {
        "AVG-PR": 0.41723387018521557,
        "ROC-AUC": 0.7886597938144331,
        "Accuracy": 0.9065420560747663,
        "emission": 1.988526689903837e-05
    }
}