{
    "Nearest Neighbors": {
        "AVG-PR": 0.1560747663551402,
        "ROC-AUC": 0.592462311557789,
        "Accuracy": 0.9299065420560748,
        "emission": 1.8218416070951812e-08
    },
    "Linear SVM": {
        "AVG-PR": 0.1320872274143302,
        "ROC-AUC": 0.5333333333333333,
        "Accuracy": 0.9345794392523364,
        "emission": 6.102179810629719e-09
    },
    "RBF SVM": {
        "AVG-PR": 0.07009345794392523,
        "ROC-AUC": 0.5,
        "Accuracy": 0.9299065420560748,
        "emission": 1.9860536856297995e-08
    },
    "Gaussian Process": {
        "AVG-PR": 0.07009345794392523,
        "ROC-AUC": 0.5,
        "Accuracy": 0.9299065420560748,
        "emission": 3.154150626750907e-06
    },
    "Decision Tree": {
        "AVG-PR": 0.0960747663551402,
        "ROC-AUC": 0.5698492462311557,
        "Accuracy": 0.8878504672897196,
        "emission": 1.0286007647780623e-08
    },
    "Random Forest": {
        "AVG-PR": 0.07009345794392523,
        "ROC-AUC": 0.5,
        "Accuracy": 0.9299065420560748,
        "emission": 7.406503397714847e-07
    },
    "AdaBoost": {
        "AVG-PR": 0.1760747663551402,
        "ROC-AUC": 0.5949748743718593,
        "Accuracy": 0.9345794392523364,
        "emission": 1.1330142879782639e-07
    },
    "Naive Bayes": {
        "AVG-PR": 0.0848118073642817,
        "ROC-AUC": 0.5877721943048576,
        "Accuracy": 0.46261682242990654,
        "emission": 4.159368076299531e-09
    },
    "QDA": {
        "AVG-PR": 0.07009345794392523,
        "ROC-AUC": 0.5,
        "Accuracy": 0.9299065420560748,
        "emission": 1.7106895563973395e-08
    },
    "PLS-DA": {
        "AVG-PR": 0.29428996062730167,
        "ROC-AUC": 0.765494137353434,
        "Accuracy": 0.9299065420560748,
        "emission": 1.2564011161906156e-07
    },
    "DNN": {
        "AVG-PR": 0.45012456924895283,
        "ROC-AUC": 0.8164154103852596,
        "Accuracy": 0.9345794392523364,
        "emission": 2.0154754542039202e-05
    }
}