{
    "Nearest Neighbors": {
        "AVG-PR": 0.09875389408099688,
        "ROC-AUC": 0.530820770519263,
        "Accuracy": 0.9299065420560748,
        "emission": 1.875579300271417e-08
    },
    "Linear SVM": {
        "AVG-PR": 0.07009345794392523,
        "ROC-AUC": 0.4949748743718593,
        "Accuracy": 0.9205607476635514,
        "emission": 4.925935380053877e-09
    },
    "RBF SVM": {
        "AVG-PR": 0.07009345794392523,
        "ROC-AUC": 0.5,
        "Accuracy": 0.9299065420560748,
        "emission": 1.6701215757692744e-08
    },
    "Gaussian Process": {
        "AVG-PR": 0.09875389408099688,
        "ROC-AUC": 0.530820770519263,
        "Accuracy": 0.9299065420560748,
        "emission": 5.666824994118098e-06
    },
    "Decision Tree": {
        "AVG-PR": 0.12274143302180685,
        "ROC-AUC": 0.5849246231155778,
        "Accuracy": 0.9158878504672897,
        "emission": 1.0215520373108646e-08
    },
    "Random Forest": {
        "AVG-PR": 0.07009345794392523,
        "ROC-AUC": 0.49748743718592964,
        "Accuracy": 0.9252336448598131,
        "emission": 7.390896930198703e-07
    },
    "AdaBoost": {
        "AVG-PR": 0.07875389408099688,
        "ROC-AUC": 0.523283082077052,
        "Accuracy": 0.9158878504672897,
        "emission": 1.188096549183831e-07
    },
    "Naive Bayes": {
        "AVG-PR": 0.09897444380117443,
        "ROC-AUC": 0.6462311557788946,
        "Accuracy": 0.514018691588785,
        "emission": 4.407157799715346e-09
    },
    "QDA": {
        "AVG-PR": 0.07009345794392523,
        "ROC-AUC": 0.49246231155778897,
        "Accuracy": 0.9158878504672897,
        "emission": 1.731458733014561e-08
    },
    "PLS-DA": {
        "AVG-PR": 0.3850262407931409,
        "ROC-AUC": 0.8807370184254606,
        "Accuracy": 0.9299065420560748,
        "emission": 8.689622528938089e-08
    },
    "DNN": {
        "AVG-PR": 0.26521015329114767,
        "ROC-AUC": 0.8418760469011726,
        "Accuracy": 0.9252336448598131,
        "emission": 1.9866136544497618e-05
    }
}