{
    "Nearest Neighbors": {
        "AVG-PR": 0.36591381100726894,
        "ROC-AUC": 0.7704607046070461,
        "Accuracy": 0.9672897196261683,
        "emission": 1.3381515832817325e-08
    },
    "Linear SVM": {
        "AVG-PR": 0.4155169856104436,
        "ROC-AUC": 0.77289972899729,
        "Accuracy": 0.9719626168224299,
        "emission": 5.644520771510507e-09
    },
    "RBF SVM": {
        "AVG-PR": 0.04205607476635514,
        "ROC-AUC": 0.5,
        "Accuracy": 0.9579439252336449,
        "emission": 1.6401800216995173e-08
    },
    "Gaussian Process": {
        "AVG-PR": 0.04205607476635514,
        "ROC-AUC": 0.5,
        "Accuracy": 0.9579439252336449,
        "emission": 2.16058391555918e-06
    },
    "Decision Tree": {
        "AVG-PR": 0.22803738317757008,
        "ROC-AUC": 0.6617886178861788,
        "Accuracy": 0.9626168224299065,
        "emission": 1.1830649861382719e-08
    },
    "Random Forest": {
        "AVG-PR": 0.04205607476635514,
        "ROC-AUC": 0.5,
        "Accuracy": 0.9579439252336449,
        "emission": 1.7917527450440863e-06
    },
    "AdaBoost": {
        "AVG-PR": 0.27733273994956237,
        "ROC-AUC": 0.7149051490514905,
        "Accuracy": 0.9626168224299065,
        "emission": 1.1495526850885013e-07
    },
    "Naive Bayes": {
        "AVG-PR": 0.05256692753843427,
        "ROC-AUC": 0.5899728997289972,
        "Accuracy": 0.6214953271028038,
        "emission": 4.09070241561944e-09
    },
    "QDA": {
        "AVG-PR": 0.04205607476635514,
        "ROC-AUC": 0.4975609756097561,
        "Accuracy": 0.9532710280373832,
        "emission": 1.8118234132022968e-08
    },
    "PLS-DA": {
        "AVG-PR": 0.5985686392079086,
        "ROC-AUC": 0.8146341463414635,
        "Accuracy": 0.9719626168224299,
        "emission": 8.960918755556688e-08
    },
    "DNN": {
        "AVG-PR": 0.17030984247425285,
        "ROC-AUC": 0.6422764227642277,
        "Accuracy": 0.9579439252336449,
        "emission": 2.0737423628893285e-05
    }
}