{
    "Nearest Neighbors": {
        "AVG-PR": 0.49293755310110454,
        "ROC-AUC": 0.7761994949494949,
        "Accuracy": 0.9579439252336449,
        "emission": 1.3219722852091321e-08
    },
    "Linear SVM": {
        "AVG-PR": 0.5389602803738317,
        "ROC-AUC": 0.7787247474747475,
        "Accuracy": 0.9626168224299065,
        "emission": 6.0935280424905375e-09
    },
    "RBF SVM": {
        "AVG-PR": 0.07476635514018691,
        "ROC-AUC": 0.5,
        "Accuracy": 0.9252336448598131,
        "emission": 1.981496023197375e-08
    },
    "Gaussian Process": {
        "AVG-PR": 0.07476635514018691,
        "ROC-AUC": 0.5,
        "Accuracy": 0.9252336448598131,
        "emission": 2.5255069105502793e-06
    },
    "Decision Tree": {
        "AVG-PR": 0.22501298026998962,
        "ROC-AUC": 0.6461489898989898,
        "Accuracy": 0.9299065420560748,
        "emission": 1.0155944187432002e-08
    },
    "Random Forest": {
        "AVG-PR": 0.07476635514018691,
        "ROC-AUC": 0.5,
        "Accuracy": 0.9252336448598131,
        "emission": 7.400561147810748e-07
    },
    "AdaBoost": {
        "AVG-PR": 0.4010195412064571,
        "ROC-AUC": 0.7424242424242424,
        "Accuracy": 0.9485981308411215,
        "emission": 1.1571526362668503e-07
    },
    "Naive Bayes": {
        "AVG-PR": 0.12277172031844928,
        "ROC-AUC": 0.7001262626262627,
        "Accuracy": 0.5514018691588785,
        "emission": 4.595535383481166e-09
    },
    "QDA": {
        "AVG-PR": 0.11542056074766355,
        "ROC-AUC": 0.5549242424242424,
        "Accuracy": 0.9205607476635514,
        "emission": 1.8611515188592834e-08
    },
    "PLS-DA": {
        "AVG-PR": 0.6181789246114884,
        "ROC-AUC": 0.8847853535353535,
        "Accuracy": 0.9485981308411215,
        "emission": 1.2846329568735457e-07
    },
    "DNN": {
        "AVG-PR": 0.5723538110758178,
        "ROC-AUC": 0.8368055555555556,
        "Accuracy": 0.9299065420560748,
        "emission": 2.0976973260569075e-05
    }
}