{
    "Nearest Neighbors": {
        "AVG-PR": 0.5430101268769643,
        "ROC-AUC": 0.8562106210621062,
        "Accuracy": 0.971830985915493,
        "emission": 1.4009105750683853e-08
    },
    "Linear SVM": {
        "AVG-PR": 0.5430101268769643,
        "ROC-AUC": 0.8562106210621062,
        "Accuracy": 0.971830985915493,
        "emission": 5.675714045236753e-09
    },
    "RBF SVM": {
        "AVG-PR": 0.051643192488262914,
        "ROC-AUC": 0.5,
        "Accuracy": 0.9483568075117371,
        "emission": 2.0199918916147013e-08
    },
    "Gaussian Process": {
        "AVG-PR": 0.051643192488262914,
        "ROC-AUC": 0.5,
        "Accuracy": 0.9483568075117371,
        "emission": 1.7522327840227876e-06
    },
    "Decision Tree": {
        "AVG-PR": 0.37772087067861715,
        "ROC-AUC": 0.8438343834383438,
        "Accuracy": 0.9483568075117371,
        "emission": 9.150680549031426e-09
    },
    "Random Forest": {
        "AVG-PR": 0.051643192488262914,
        "ROC-AUC": 0.5,
        "Accuracy": 0.9483568075117371,
        "emission": 7.27188954979059e-07
    },
    "AdaBoost": {
        "AVG-PR": 0.5353636973355285,
        "ROC-AUC": 0.8967146714671468,
        "Accuracy": 0.9671361502347418,
        "emission": 1.1767698475415184e-07
    },
    "Naive Bayes": {
        "AVG-PR": 0.07921048396689126,
        "ROC-AUC": 0.6773177317731773,
        "Accuracy": 0.4694835680751174,
        "emission": 4.257625332920127e-09
    },
    "QDA": {
        "AVG-PR": 0.13316261203585147,
        "ROC-AUC": 0.585958595859586,
        "Accuracy": 0.9483568075117371,
        "emission": 1.7448258602963e-08
    },
    "PLS-DA": {
        "AVG-PR": 0.9278846153846154,
        "ROC-AUC": 0.995049504950495,
        "Accuracy": 0.9671361502347418,
        "emission": 1.3034257226201882e-07
    },
    "DNN": {
        "AVG-PR": 0.6011972875609238,
        "ROC-AUC": 0.9752475247524752,
        "Accuracy": 0.9812206572769953,
        "emission": 2.09800320443444e-05
    }
}