{
    "Nearest Neighbors": {
        "AVG-PR": 0.03271028037383177,
        "ROC-AUC": 0.5,
        "Accuracy": 0.9672897196261683,
        "emission": 1.8165677347952702e-08
    },
    "Linear SVM": {
        "AVG-PR": 0.03271028037383177,
        "ROC-AUC": 0.4975845410628019,
        "Accuracy": 0.9626168224299065,
        "emission": 6.283361948170485e-09
    },
    "RBF SVM": {
        "AVG-PR": 0.03271028037383177,
        "ROC-AUC": 0.5,
        "Accuracy": 0.9672897196261683,
        "emission": 1.90128050126586e-08
    },
    "Gaussian Process": {
        "AVG-PR": 0.03271028037383177,
        "ROC-AUC": 0.5,
        "Accuracy": 0.9672897196261683,
        "emission": 1.952389595796308e-06
    },
    "Decision Tree": {
        "AVG-PR": 0.03271028037383177,
        "ROC-AUC": 0.48792270531400966,
        "Accuracy": 0.9439252336448598,
        "emission": 1.1548140528016088e-08
    },
    "Random Forest": {
        "AVG-PR": 0.03271028037383177,
        "ROC-AUC": 0.5,
        "Accuracy": 0.9672897196261683,
        "emission": 7.371797200804964e-07
    },
    "AdaBoost": {
        "AVG-PR": 0.03271028037383177,
        "ROC-AUC": 0.5,
        "Accuracy": 0.9672897196261683,
        "emission": 1.1227312389939103e-07
    },
    "Naive Bayes": {
        "AVG-PR": 0.04576472333481679,
        "ROC-AUC": 0.6214630779848171,
        "Accuracy": 0.6682242990654206,
        "emission": 4.669157654613625e-09
    },
    "QDA": {
        "AVG-PR": 0.03271028037383177,
        "ROC-AUC": 0.49516908212560384,
        "Accuracy": 0.9579439252336449,
        "emission": 1.904192359181843e-08
    },
    "PLS-DA": {
        "AVG-PR": 0.08386793672626912,
        "ROC-AUC": 0.6280193236714975,
        "Accuracy": 0.9672897196261683,
        "emission": 1.337580451078741e-07
    },
    "DNN": {
        "AVG-PR": 0.2173198857007592,
        "ROC-AUC": 0.7812284334023464,
        "Accuracy": 0.9672897196261683,
        "emission": 2.030548848802483e-05
    }
}