{
    "Nearest Neighbors": {
        "AVG-PR": 0.03286384976525822,
        "ROC-AUC": 0.49514563106796117,
        "Accuracy": 0.9577464788732394,
        "emission": 1.365773778412027e-08
    },
    "Linear SVM": {
        "AVG-PR": 0.03286384976525822,
        "ROC-AUC": 0.5,
        "Accuracy": 0.9671361502347418,
        "emission": 5.1808729665482406e-09
    },
    "RBF SVM": {
        "AVG-PR": 0.03286384976525822,
        "ROC-AUC": 0.5,
        "Accuracy": 0.9671361502347418,
        "emission": 1.6699907698090953e-08
    },
    "Gaussian Process": {
        "AVG-PR": 0.03286384976525822,
        "ROC-AUC": 0.5,
        "Accuracy": 0.9671361502347418,
        "emission": 2.8107039234371427e-06
    },
    "Decision Tree": {
        "AVG-PR": 0.03286384976525822,
        "ROC-AUC": 0.4830097087378641,
        "Accuracy": 0.9342723004694836,
        "emission": 1.3229328150894927e-08
    },
    "Random Forest": {
        "AVG-PR": 0.03286384976525822,
        "ROC-AUC": 0.5,
        "Accuracy": 0.9671361502347418,
        "emission": 7.498251445613955e-07
    },
    "AdaBoost": {
        "AVG-PR": 0.03286384976525822,
        "ROC-AUC": 0.49514563106796117,
        "Accuracy": 0.9577464788732394,
        "emission": 1.1523833787743741e-07
    },
    "Naive Bayes": {
        "AVG-PR": 0.03052885212509626,
        "ROC-AUC": 0.4511095700416088,
        "Accuracy": 0.6056338028169014,
        "emission": 5.3780817836505906e-09
    },
    "QDA": {
        "AVG-PR": 0.03286384976525822,
        "ROC-AUC": 0.4878640776699029,
        "Accuracy": 0.9436619718309859,
        "emission": 1.9037763526669687e-08
    },
    "PLS-DA": {
        "AVG-PR": 0.058261020073602954,
        "ROC-AUC": 0.6900138696255201,
        "Accuracy": 0.9671361502347418,
        "emission": 1.0877582452739202e-07
    },
    "DNN": {
        "AVG-PR": 0.08083212472261364,
        "ROC-AUC": 0.6907073509015257,
        "Accuracy": 0.9671361502347418,
        "emission": 1.9801260076178373e-05
    }
}