{
    "Nearest Neighbors": {
        "AVG-PR": 0.5740685358255452,
        "ROC-AUC": 0.7773544973544974,
        "Accuracy": 0.9439252336448598,
        "emission": 1.240287942483747e-08
    },
    "Linear SVM": {
        "AVG-PR": 0.39957119296316657,
        "ROC-AUC": 0.7267724867724867,
        "Accuracy": 0.9158878504672897,
        "emission": 5.354901808879399e-09
    },
    "RBF SVM": {
        "AVG-PR": 0.11682242990654206,
        "ROC-AUC": 0.5,
        "Accuracy": 0.883177570093458,
        "emission": 1.623997077655564e-08
    },
    "Gaussian Process": {
        "AVG-PR": 0.43772825305535584,
        "ROC-AUC": 0.7147089947089946,
        "Accuracy": 0.9252336448598131,
        "emission": 4.232713324792735e-06
    },
    "Decision Tree": {
        "AVG-PR": 0.3779795282599021,
        "ROC-AUC": 0.7388359788359788,
        "Accuracy": 0.9065420560747663,
        "emission": 1.1172996524019046e-08
    },
    "Random Forest": {
        "AVG-PR": 0.22280373831775702,
        "ROC-AUC": 0.56,
        "Accuracy": 0.897196261682243,
        "emission": 7.48088562866652e-07
    },
    "AdaBoost": {
        "AVG-PR": 0.4785747663551402,
        "ROC-AUC": 0.7520634920634921,
        "Accuracy": 0.9299065420560748,
        "emission": 1.1345565892376584e-07
    },
    "Naive Bayes": {
        "AVG-PR": 0.15230440587449934,
        "ROC-AUC": 0.6278306878306879,
        "Accuracy": 0.43457943925233644,
        "emission": 3.99917731414863e-09
    },
    "QDA": {
        "AVG-PR": 0.11682242990654206,
        "ROC-AUC": 0.5,
        "Accuracy": 0.883177570093458,
        "emission": 1.968367026832484e-08
    },
    "PLS-DA": {
        "AVG-PR": 0.7903315121687744,
        "ROC-AUC": 0.931005291005291,
        "Accuracy": 0.9345794392523364,
        "emission": 9.548776343071721e-08
    },
    "DNN": {
        "AVG-PR": 0.7260492183735483,
        "ROC-AUC": 0.9365079365079365,
        "Accuracy": 0.9345794392523364,
        "emission": 2.0009342527629626e-05
    }
}