{
    "Nearest Neighbors": {
        "AVG-PR": 0.39033437758057965,
        "ROC-AUC": 0.7200775603737,
        "Accuracy": 0.8878504672897196,
        "emission": 1.3989182719626596e-08
    },
    "Linear SVM": {
        "AVG-PR": 0.4205822817520134,
        "ROC-AUC": 0.6880839062224573,
        "Accuracy": 0.9018691588785047,
        "emission": 7.551216839183705e-09
    },
    "RBF SVM": {
        "AVG-PR": 0.1724449804039795,
        "ROC-AUC": 0.5161290322580645,
        "Accuracy": 0.8598130841121495,
        "emission": 1.82249021399542e-08
    },
    "Gaussian Process": {
        "AVG-PR": 0.3791076273741332,
        "ROC-AUC": 0.6826194253481404,
        "Accuracy": 0.8925233644859814,
        "emission": 5.357413078543933e-06
    },
    "Decision Tree": {
        "AVG-PR": 0.23650889357853483,
        "ROC-AUC": 0.6071743345672483,
        "Accuracy": 0.8551401869158879,
        "emission": 1.1411435440836201e-08
    },
    "Random Forest": {
        "AVG-PR": 0.1724449804039795,
        "ROC-AUC": 0.5161290322580645,
        "Accuracy": 0.8598130841121495,
        "emission": 7.199372609532019e-07
    },
    "AdaBoost": {
        "AVG-PR": 0.3668292816619617,
        "ROC-AUC": 0.7039485281156355,
        "Accuracy": 0.883177570093458,
        "emission": 1.1548085563558249e-07
    },
    "Naive Bayes": {
        "AVG-PR": 0.15690187001050912,
        "ROC-AUC": 0.5445090780891944,
        "Accuracy": 0.2897196261682243,
        "emission": 3.907954084505548e-09
    },
    "QDA": {
        "AVG-PR": 0.14556325997387196,
        "ROC-AUC": 0.5024678300722721,
        "Accuracy": 0.8364485981308412,
        "emission": 1.8652480293886033e-08
    },
    "PLS-DA": {
        "AVG-PR": 0.5351019662789306,
        "ROC-AUC": 0.8108584523179975,
        "Accuracy": 0.8878504672897196,
        "emission": 8.499540639240186e-08
    },
    "DNN": {
        "AVG-PR": 0.48174510153078975,
        "ROC-AUC": 0.8032786885245902,
        "Accuracy": 0.8785046728971962,
        "emission": 1.9599588167091427e-05
    }
}