{
    "Nearest Neighbors": {
        "AVG-PR": 0.1422967524145907,
        "ROC-AUC": 0.5633963123150466,
        "Accuracy": 0.8691588785046729,
        "emission": 3.190771682088461e-08
    },
    "Linear SVM": {
        "AVG-PR": 0.1583502641202763,
        "ROC-AUC": 0.5712497154564079,
        "Accuracy": 0.883177570093458,
        "emission": 8.998587303211364e-09
    },
    "RBF SVM": {
        "AVG-PR": 0.10747663551401869,
        "ROC-AUC": 0.5,
        "Accuracy": 0.8925233644859814,
        "emission": 1.882676051083686e-08
    },
    "Gaussian Process": {
        "AVG-PR": 0.10747663551401869,
        "ROC-AUC": 0.5,
        "Accuracy": 0.8925233644859814,
        "emission": 2.42762663060612e-06
    },
    "Decision Tree": {
        "AVG-PR": 0.1746918596776378,
        "ROC-AUC": 0.5903710448440702,
        "Accuracy": 0.883177570093458,
        "emission": 1.3573680449241015e-08
    },
    "Random Forest": {
        "AVG-PR": 0.10747663551401869,
        "ROC-AUC": 0.5,
        "Accuracy": 0.8925233644859814,
        "emission": 7.556984813471361e-07
    },
    "AdaBoost": {
        "AVG-PR": 0.278138967899228,
        "ROC-AUC": 0.6912132938766219,
        "Accuracy": 0.8925233644859814,
        "emission": 1.139418762629658e-07
    },
    "Naive Bayes": {
        "AVG-PR": 0.12327197904328804,
        "ROC-AUC": 0.5693148190302755,
        "Accuracy": 0.40186915887850466,
        "emission": 5.064588213660368e-09
    },
    "QDA": {
        "AVG-PR": 0.10747663551401869,
        "ROC-AUC": 0.5,
        "Accuracy": 0.8925233644859814,
        "emission": 1.952431434114351e-08
    },
    "PLS-DA": {
        "AVG-PR": 0.376071234120126,
        "ROC-AUC": 0.8217618939221488,
        "Accuracy": 0.8785046728971962,
        "emission": 1.277323946552367e-07
    },
    "DNN": {
        "AVG-PR": 0.4254964494430258,
        "ROC-AUC": 0.7894377418620533,
        "Accuracy": 0.8925233644859814,
        "emission": 2.0085160750186923e-05
    }
}