{
    "Nearest Neighbors": {
        "AVG-PR": 0.2579165382903701,
        "ROC-AUC": 0.6630523731587561,
        "Accuracy": 0.8738317757009346,
        "emission": 1.3065655865216854e-08
    },
    "Linear SVM": {
        "AVG-PR": 0.28163191948238675,
        "ROC-AUC": 0.6822831423895254,
        "Accuracy": 0.8785046728971962,
        "emission": 8.029801839268384e-09
    },
    "RBF SVM": {
        "AVG-PR": 0.12149532710280374,
        "ROC-AUC": 0.5,
        "Accuracy": 0.8785046728971962,
        "emission": 1.7399781009149696e-08
    },
    "Gaussian Process": {
        "AVG-PR": 0.3291568244839273,
        "ROC-AUC": 0.7068330605564649,
        "Accuracy": 0.8925233644859814,
        "emission": 6.128199672519913e-06
    },
    "Decision Tree": {
        "AVG-PR": 0.20132826674882748,
        "ROC-AUC": 0.6192716857610474,
        "Accuracy": 0.8551401869158879,
        "emission": 1.0244383569067871e-08
    },
    "Random Forest": {
        "AVG-PR": 0.12149532710280374,
        "ROC-AUC": 0.5,
        "Accuracy": 0.8785046728971962,
        "emission": 7.421882214629796e-07
    },
    "AdaBoost": {
        "AVG-PR": 0.2670740474478792,
        "ROC-AUC": 0.6657119476268413,
        "Accuracy": 0.8785046728971962,
        "emission": 1.1141649838060186e-07
    },
    "Naive Bayes": {
        "AVG-PR": 0.13740270857660516,
        "ROC-AUC": 0.5652618657937807,
        "Accuracy": 0.29439252336448596,
        "emission": 4.999410600270586e-09
    },
    "QDA": {
        "AVG-PR": 0.12149532710280374,
        "ROC-AUC": 0.4920212765957447,
        "Accuracy": 0.8644859813084113,
        "emission": 1.596916351111818e-08
    },
    "PLS-DA": {
        "AVG-PR": 0.5101302119432114,
        "ROC-AUC": 0.8790916530278233,
        "Accuracy": 0.8785046728971962,
        "emission": 8.570166946200352e-08
    },
    "DNN": {
        "AVG-PR": 0.5034240070728295,
        "ROC-AUC": 0.8469721767594108,
        "Accuracy": 0.8644859813084113,
        "emission": 2.0259224523060263e-05
    }
}