{
    "Nearest Neighbors": {
        "AVG-PR": 0.09240290226205719,
        "ROC-AUC": 0.5429792979297929,
        "Accuracy": 0.9483568075117371,
        "emission": 1.279254315518036e-08
    },
    "Linear SVM": {
        "AVG-PR": 0.051643192488262914,
        "ROC-AUC": 0.5,
        "Accuracy": 0.9483568075117371,
        "emission": 6.440027790308736e-09
    },
    "RBF SVM": {
        "AVG-PR": 0.051643192488262914,
        "ROC-AUC": 0.5,
        "Accuracy": 0.9483568075117371,
        "emission": 1.866167311339208e-08
    },
    "Gaussian Process": {
        "AVG-PR": 0.051643192488262914,
        "ROC-AUC": 0.5,
        "Accuracy": 0.9483568075117371,
        "emission": 2.049571944015889e-06
    },
    "Decision Tree": {
        "AVG-PR": 0.051643192488262914,
        "ROC-AUC": 0.4975247524752475,
        "Accuracy": 0.9436619718309859,
        "emission": 1.2584363996758065e-08
    },
    "Random Forest": {
        "AVG-PR": 0.051643192488262914,
        "ROC-AUC": 0.5,
        "Accuracy": 0.9483568075117371,
        "emission": 7.445826563917486e-07
    },
    "AdaBoost": {
        "AVG-PR": 0.1149807938540333,
        "ROC-AUC": 0.5834833483348335,
        "Accuracy": 0.9436619718309859,
        "emission": 1.228699446930223e-07
    },
    "Naive Bayes": {
        "AVG-PR": 0.0651747953284445,
        "ROC-AUC": 0.6046354635463547,
        "Accuracy": 0.4131455399061033,
        "emission": 4.831779323584773e-09
    },
    "QDA": {
        "AVG-PR": 0.051643192488262914,
        "ROC-AUC": 0.4975247524752475,
        "Accuracy": 0.9436619718309859,
        "emission": 1.929725731040986e-08
    },
    "PLS-DA": {
        "AVG-PR": 0.06426306572390827,
        "ROC-AUC": 0.5508550855085508,
        "Accuracy": 0.9483568075117371,
        "emission": 1.2555686993718342e-07
    },
    "DNN": {
        "AVG-PR": 0.15572350413073688,
        "ROC-AUC": 0.6728172817281729,
        "Accuracy": 0.9483568075117371,
        "emission": 2.0761485368563178e-05
    }
}