{
    "Nearest Neighbors": {
        "AVG-PR": 0.3122599231754161,
        "ROC-AUC": 0.7198469846984699,
        "Accuracy": 0.9577464788732394,
        "emission": 1.2735567798050749e-08
    },
    "Linear SVM": {
        "AVG-PR": 0.3965002134016219,
        "ROC-AUC": 0.6818181818181819,
        "Accuracy": 0.9671361502347418,
        "emission": 6.842997793857165e-09
    },
    "RBF SVM": {
        "AVG-PR": 0.051643192488262914,
        "ROC-AUC": 0.5,
        "Accuracy": 0.9483568075117371,
        "emission": 1.962076210535776e-08
    },
    "Gaussian Process": {
        "AVG-PR": 0.051643192488262914,
        "ROC-AUC": 0.5,
        "Accuracy": 0.9483568075117371,
        "emission": 1.783158153459181e-06
    },
    "Decision Tree": {
        "AVG-PR": 0.1284677763551003,
        "ROC-AUC": 0.6215121512151215,
        "Accuracy": 0.9342723004694836,
        "emission": 1.060755180723822e-08
    },
    "Random Forest": {
        "AVG-PR": 0.051643192488262914,
        "ROC-AUC": 0.5,
        "Accuracy": 0.9483568075117371,
        "emission": 7.535132984956703e-07
    },
    "AdaBoost": {
        "AVG-PR": 0.3122599231754161,
        "ROC-AUC": 0.7198469846984699,
        "Accuracy": 0.9577464788732394,
        "emission": 1.15642078219781e-07
    },
    "Naive Bayes": {
        "AVG-PR": 0.07945733646002676,
        "ROC-AUC": 0.6631413141314132,
        "Accuracy": 0.6056338028169014,
        "emission": 4.223998520723791e-09
    },
    "QDA": {
        "AVG-PR": 0.051643192488262914,
        "ROC-AUC": 0.49504950495049505,
        "Accuracy": 0.9389671361502347,
        "emission": 6.945845764683741e-08
    },
    "PLS-DA": {
        "AVG-PR": 0.09370507692935946,
        "ROC-AUC": 0.7241224122412241,
        "Accuracy": 0.9483568075117371,
        "emission": 1.2658081073646803e-07
    },
    "DNN": {
        "AVG-PR": 0.6170829426589796,
        "ROC-AUC": 0.8843384338433843,
        "Accuracy": 0.9530516431924883,
        "emission": 2.0271670480447593e-05
    }
}