{
    "Nearest Neighbors": {
        "AVG-PR": 0.18701973001038422,
        "ROC-AUC": 0.5870469399881165,
        "Accuracy": 0.8598130841121495,
        "emission": 1.3784859063940097e-08
    },
    "Linear SVM": {
        "AVG-PR": 0.18146417445482865,
        "ROC-AUC": 0.5843731431966727,
        "Accuracy": 0.8551401869158879,
        "emission": 7.166186349738258e-09
    },
    "RBF SVM": {
        "AVG-PR": 0.1261682242990654,
        "ROC-AUC": 0.49732620320855614,
        "Accuracy": 0.8691588785046729,
        "emission": 1.982498031335257e-08
    },
    "Gaussian Process": {
        "AVG-PR": 0.1261682242990654,
        "ROC-AUC": 0.5,
        "Accuracy": 0.8738317757009346,
        "emission": 1.5478145364860025e-06
    },
    "Decision Tree": {
        "AVG-PR": 0.26961337607416436,
        "ROC-AUC": 0.6716181422063775,
        "Accuracy": 0.8691588785046729,
        "emission": 9.444199784361215e-09
    },
    "Random Forest": {
        "AVG-PR": 0.1585323641398408,
        "ROC-AUC": 0.5185185185185185,
        "Accuracy": 0.8785046728971962,
        "emission": 7.723968437849317e-07
    },
    "AdaBoost": {
        "AVG-PR": 0.2605827377680044,
        "ROC-AUC": 0.6452762923351159,
        "Accuracy": 0.8785046728971962,
        "emission": 1.2826075233196962e-07
    },
    "Naive Bayes": {
        "AVG-PR": 0.14759022426262958,
        "ROC-AUC": 0.5810061398296693,
        "Accuracy": 0.37850467289719625,
        "emission": 4.847223351139383e-09
    },
    "QDA": {
        "AVG-PR": 0.1261682242990654,
        "ROC-AUC": 0.4919786096256685,
        "Accuracy": 0.8598130841121495,
        "emission": 1.9243373414571067e-08
    },
    "PLS-DA": {
        "AVG-PR": 0.38197193775447297,
        "ROC-AUC": 0.7635175282234106,
        "Accuracy": 0.8691588785046729,
        "emission": 1.28159007198728e-07
    },
    "DNN": {
        "AVG-PR": 0.38450668355194556,
        "ROC-AUC": 0.7666864725688254,
        "Accuracy": 0.8785046728971962,
        "emission": 2.008794849558146e-05
    }
}