{
    "Nearest Neighbors": {
        "AVG-PR": 0.037383177570093455,
        "ROC-AUC": 0.5,
        "Accuracy": 0.9626168224299065,
        "emission": 1.2457484770982498e-08
    },
    "Linear SVM": {
        "AVG-PR": 0.037383177570093455,
        "ROC-AUC": 0.5,
        "Accuracy": 0.9626168224299065,
        "emission": 5.0201356050328976e-09
    },
    "RBF SVM": {
        "AVG-PR": 0.037383177570093455,
        "ROC-AUC": 0.5,
        "Accuracy": 0.9626168224299065,
        "emission": 1.689549017693475e-08
    },
    "Gaussian Process": {
        "AVG-PR": 0.037383177570093455,
        "ROC-AUC": 0.5,
        "Accuracy": 0.9626168224299065,
        "emission": 2.142476017507432e-06
    },
    "Decision Tree": {
        "AVG-PR": 0.037383177570093455,
        "ROC-AUC": 0.49271844660194175,
        "Accuracy": 0.9485981308411215,
        "emission": 1.153083883430832e-08
    },
    "Random Forest": {
        "AVG-PR": 0.037383177570093455,
        "ROC-AUC": 0.5,
        "Accuracy": 0.9626168224299065,
        "emission": 7.550845361898205e-07
    },
    "AdaBoost": {
        "AVG-PR": 0.057710280373831774,
        "ROC-AUC": 0.5527912621359224,
        "Accuracy": 0.9485981308411215,
        "emission": 1.2274460231944955e-07
    },
    "Naive Bayes": {
        "AVG-PR": 0.05004326756663205,
        "ROC-AUC": 0.6268203883495146,
        "Accuracy": 0.397196261682243,
        "emission": 4.560188109762726e-09
    },
    "QDA": {
        "AVG-PR": 0.037383177570093455,
        "ROC-AUC": 0.49029126213592233,
        "Accuracy": 0.9439252336448598,
        "emission": 2.279498760191232e-08
    },
    "PLS-DA": {
        "AVG-PR": 0.2005425952848479,
        "ROC-AUC": 0.7518203883495146,
        "Accuracy": 0.9626168224299065,
        "emission": 1.2647959829436124e-07
    },
    "DNN": {
        "AVG-PR": 0.20534212165178173,
        "ROC-AUC": 0.7269417475728155,
        "Accuracy": 0.9626168224299065,
        "emission": 2.0699698700200655e-05
    }
}