{
    "Nearest Neighbors": {
        "AVG-PR": 0.27127397934087555,
        "ROC-AUC": 0.6502024291497976,
        "Accuracy": 0.9252336448598131,
        "emission": 1.3817047298089487e-08
    },
    "Linear SVM": {
        "AVG-PR": 0.43428878057505704,
        "ROC-AUC": 0.7317139001349527,
        "Accuracy": 0.9439252336448598,
        "emission": 7.856587452145854e-09
    },
    "RBF SVM": {
        "AVG-PR": 0.11042793900639448,
        "ROC-AUC": 0.5237516869095816,
        "Accuracy": 0.9112149532710281,
        "emission": 1.6796990665878555e-08
    },
    "Gaussian Process": {
        "AVG-PR": 0.08878504672897196,
        "ROC-AUC": 0.5,
        "Accuracy": 0.9112149532710281,
        "emission": 3.0214880545182193e-06
    },
    "Decision Tree": {
        "AVG-PR": 0.1594055231536786,
        "ROC-AUC": 0.6085020242914979,
        "Accuracy": 0.8925233644859814,
        "emission": 1.1564457176040443e-08
    },
    "Random Forest": {
        "AVG-PR": 0.08878504672897196,
        "ROC-AUC": 0.5,
        "Accuracy": 0.9112149532710281,
        "emission": 7.714819348772236e-07
    },
    "AdaBoost": {
        "AVG-PR": 0.35124025015810556,
        "ROC-AUC": 0.724021592442645,
        "Accuracy": 0.9299065420560748,
        "emission": 1.1610320255006122e-07
    },
    "Naive Bayes": {
        "AVG-PR": 0.09259797238187359,
        "ROC-AUC": 0.5222672064777327,
        "Accuracy": 0.34579439252336447,
        "emission": 4.701244435008447e-09
    },
    "QDA": {
        "AVG-PR": 0.10165600918183308,
        "ROC-AUC": 0.5211875843454791,
        "Accuracy": 0.9065420560747663,
        "emission": 2.0195001918869894e-08
    },
    "PLS-DA": {
        "AVG-PR": 0.5397303391538122,
        "ROC-AUC": 0.8547908232118758,
        "Accuracy": 0.9299065420560748,
        "emission": 1.2899307483470168e-07
    },
    "DNN": {
        "AVG-PR": 0.5187159393723186,
        "ROC-AUC": 0.8178137651821862,
        "Accuracy": 0.9299065420560748,
        "emission": 2.0140408211997134e-05
    }
}