{
    "Nearest Neighbors": {
        "AVG-PR": 0.44178905206942587,
        "ROC-AUC": 0.7116950407105848,
        "Accuracy": 0.9392523364485982,
        "emission": 1.4029479399463866e-08
    },
    "Linear SVM": {
        "AVG-PR": 0.40672411700449085,
        "ROC-AUC": 0.7091043671354552,
        "Accuracy": 0.9345794392523364,
        "emission": 6.0579219172265056e-09
    },
    "RBF SVM": {
        "AVG-PR": 0.14107699154428127,
        "ROC-AUC": 0.5238095238095238,
        "Accuracy": 0.9065420560747663,
        "emission": 1.9908624105878892e-08
    },
    "Gaussian Process": {
        "AVG-PR": 0.09813084112149532,
        "ROC-AUC": 0.5,
        "Accuracy": 0.9018691588785047,
        "emission": 1.1077179365780388e-06
    },
    "Decision Tree": {
        "AVG-PR": 0.1205310784750037,
        "ROC-AUC": 0.5372563533185295,
        "Accuracy": 0.8925233644859814,
        "emission": 1.0742291850613603e-08
    },
    "Random Forest": {
        "AVG-PR": 0.09813084112149532,
        "ROC-AUC": 0.5,
        "Accuracy": 0.9018691588785047,
        "emission": 7.594057641803682e-07
    },
    "AdaBoost": {
        "AVG-PR": 0.263922266726005,
        "ROC-AUC": 0.6723414754502837,
        "Accuracy": 0.9065420560747663,
        "emission": 1.1666554535889617e-07
    },
    "Naive Bayes": {
        "AVG-PR": 0.11228656413196252,
        "ROC-AUC": 0.5694547248951394,
        "Accuracy": 0.2616822429906542,
        "emission": 4.803136976151707e-09
    },
    "QDA": {
        "AVG-PR": 0.09813084112149532,
        "ROC-AUC": 0.4948186528497409,
        "Accuracy": 0.8925233644859814,
        "emission": 1.8260556602710967e-08
    },
    "PLS-DA": {
        "AVG-PR": 0.39953250227211834,
        "ROC-AUC": 0.8196397730076487,
        "Accuracy": 0.9112149532710281,
        "emission": 1.287460818414711e-07
    },
    "DNN": {
        "AVG-PR": 0.5797230281913925,
        "ROC-AUC": 0.8188995805576116,
        "Accuracy": 0.9065420560747663,
        "emission": 2.0780253766397785e-05
    }
}