{
    "Nearest Neighbors": {
        "AVG-PR": 0.15786384976525822,
        "ROC-AUC": 0.5625,
        "Accuracy": 0.9671361502347418,
        "emission": 1.4816320939652678e-08
    },
    "Linear SVM": {
        "AVG-PR": 0.27816901408450706,
        "ROC-AUC": 0.625,
        "Accuracy": 0.971830985915493,
        "emission": 4.937598598327331e-09
    },
    "RBF SVM": {
        "AVG-PR": 0.03755868544600939,
        "ROC-AUC": 0.5,
        "Accuracy": 0.9624413145539906,
        "emission": 1.9494635157335036e-08
    },
    "Gaussian Process": {
        "AVG-PR": 0.03755868544600939,
        "ROC-AUC": 0.5,
        "Accuracy": 0.9624413145539906,
        "emission": 1.5539646310112e-06
    },
    "Decision Tree": {
        "AVG-PR": 0.2005975245411865,
        "ROC-AUC": 0.7329268292682927,
        "Accuracy": 0.9483568075117371,
        "emission": 1.037129077950027e-08
    },
    "Random Forest": {
        "AVG-PR": 0.03755868544600939,
        "ROC-AUC": 0.5,
        "Accuracy": 0.9624413145539906,
        "emission": 7.420329455548842e-07
    },
    "AdaBoost": {
        "AVG-PR": 0.06411384976525822,
        "ROC-AUC": 0.5551829268292682,
        "Accuracy": 0.9530516431924883,
        "emission": 1.1620869264112845e-07
    },
    "Naive Bayes": {
        "AVG-PR": 0.07367538564721662,
        "ROC-AUC": 0.7189024390243902,
        "Accuracy": 0.6901408450704225,
        "emission": 5.043946077747458e-09
    },
    "QDA": {
        "AVG-PR": 0.03755868544600939,
        "ROC-AUC": 0.4926829268292683,
        "Accuracy": 0.9483568075117371,
        "emission": 1.7681158322178592e-08
    },
    "PLS-DA": {
        "AVG-PR": 0.15883808906704444,
        "ROC-AUC": 0.7810975609756098,
        "Accuracy": 0.9624413145539906,
        "emission": 1.2584060524116862e-07
    },
    "DNN": {
        "AVG-PR": 0.22282230693689026,
        "ROC-AUC": 0.7920731707317074,
        "Accuracy": 0.9624413145539906,
        "emission": 2.0305295394780332e-05
    }
}