{
    "Nearest Neighbors": {
        "AVG-PR": 0.09293873312564901,
        "ROC-AUC": 0.5531165311653117,
        "Accuracy": 0.9579439252336449,
        "emission": 1.5027313693473855e-08
    },
    "Linear SVM": {
        "AVG-PR": 0.0744202146071305,
        "ROC-AUC": 0.5506775067750678,
        "Accuracy": 0.9532710280373832,
        "emission": 7.118826618243455e-09
    },
    "RBF SVM": {
        "AVG-PR": 0.04205607476635514,
        "ROC-AUC": 0.5,
        "Accuracy": 0.9579439252336449,
        "emission": 1.7117593837776804e-08
    },
    "Gaussian Process": {
        "AVG-PR": 0.04205607476635514,
        "ROC-AUC": 0.5,
        "Accuracy": 0.9579439252336449,
        "emission": 1.6199622733948292e-06
    },
    "Decision Tree": {
        "AVG-PR": 0.12159916926272066,
        "ROC-AUC": 0.6037940379403794,
        "Accuracy": 0.9532710280373832,
        "emission": 1.2932900152909563e-08
    },
    "Random Forest": {
        "AVG-PR": 0.04205607476635514,
        "ROC-AUC": 0.5,
        "Accuracy": 0.9579439252336449,
        "emission": 7.758595192774173e-07
    },
    "AdaBoost": {
        "AVG-PR": 0.06516095534787122,
        "ROC-AUC": 0.5482384823848239,
        "Accuracy": 0.9485981308411215,
        "emission": 1.2138710183131662e-07
    },
    "Naive Bayes": {
        "AVG-PR": 0.057974735544829,
        "ROC-AUC": 0.6260162601626016,
        "Accuracy": 0.5887850467289719,
        "emission": 4.2893645506723415e-09
    },
    "QDA": {
        "AVG-PR": 0.04205607476635514,
        "ROC-AUC": 0.4975609756097561,
        "Accuracy": 0.9532710280373832,
        "emission": 1.8937627364291987e-08
    },
    "PLS-DA": {
        "AVG-PR": 0.2074989345127055,
        "ROC-AUC": 0.7848238482384823,
        "Accuracy": 0.9579439252336449,
        "emission": 1.0676200893878537e-07
    },
    "DNN": {
        "AVG-PR": 0.20767116169724575,
        "ROC-AUC": 0.7723577235772356,
        "Accuracy": 0.9579439252336449,
        "emission": 2.1397344237634497e-05
    }
}