{
    "Nearest Neighbors": {
        "AVG-PR": 0.09311424100156493,
        "ROC-AUC": 0.5531045751633987,
        "Accuracy": 0.9577464788732394,
        "emission": 1.3409258089396933e-08
    },
    "Linear SVM": {
        "AVG-PR": 0.18101199791340636,
        "ROC-AUC": 0.6086601307189543,
        "Accuracy": 0.9624413145539906,
        "emission": 5.658549514613212e-09
    },
    "RBF SVM": {
        "AVG-PR": 0.04225352112676056,
        "ROC-AUC": 0.5,
        "Accuracy": 0.9577464788732394,
        "emission": 1.8135199208761425e-08
    },
    "Gaussian Process": {
        "AVG-PR": 0.04225352112676056,
        "ROC-AUC": 0.5,
        "Accuracy": 0.9577464788732394,
        "emission": 5.53163034947294e-06
    },
    "Decision Tree": {
        "AVG-PR": 0.07459572248304641,
        "ROC-AUC": 0.5506535947712419,
        "Accuracy": 0.9530516431924883,
        "emission": 1.252235625002365e-08
    },
    "Random Forest": {
        "AVG-PR": 0.04225352112676056,
        "ROC-AUC": 0.5,
        "Accuracy": 0.9577464788732394,
        "emission": 7.550371011155052e-07
    },
    "AdaBoost": {
        "AVG-PR": 0.13928012519561817,
        "ROC-AUC": 0.6519607843137254,
        "Accuracy": 0.9436619718309859,
        "emission": 1.1750670341000547e-07
    },
    "Naive Bayes": {
        "AVG-PR": 0.04136290189192972,
        "ROC-AUC": 0.48856209150326796,
        "Accuracy": 0.4272300469483568,
        "emission": 4.267804913755096e-09
    },
    "QDA": {
        "AVG-PR": 0.04225352112676056,
        "ROC-AUC": 0.49754901960784315,
        "Accuracy": 0.9530516431924883,
        "emission": 1.771412847525584e-08
    },
    "PLS-DA": {
        "AVG-PR": 0.08918482353390743,
        "ROC-AUC": 0.7254901960784313,
        "Accuracy": 0.9577464788732394,
        "emission": 9.261744974290463e-08
    },
    "DNN": {
        "AVG-PR": 0.2931050097716765,
        "ROC-AUC": 0.8382352941176471,
        "Accuracy": 0.9577464788732394,
        "emission": 2.1042303012906046e-05
    }
}