{
    "Nearest Neighbors": {
        "AVG-PR": 0.04205607476635514,
        "ROC-AUC": 0.5,
        "Accuracy": 0.9579439252336449,
        "emission": 1.532384929013204e-08
    },
    "Linear SVM": {
        "AVG-PR": 0.04205607476635514,
        "ROC-AUC": 0.5,
        "Accuracy": 0.9579439252336449,
        "emission": 6.492418247786458e-09
    },
    "RBF SVM": {
        "AVG-PR": 0.04205607476635514,
        "ROC-AUC": 0.5,
        "Accuracy": 0.9579439252336449,
        "emission": 1.744609119526179e-08
    },
    "Gaussian Process": {
        "AVG-PR": 0.04205607476635514,
        "ROC-AUC": 0.5,
        "Accuracy": 0.9579439252336449,
        "emission": 1.7895131259123896e-06
    },
    "Decision Tree": {
        "AVG-PR": 0.05590169608861197,
        "ROC-AUC": 0.5433604336043361,
        "Accuracy": 0.9392523364485982,
        "emission": 1.075522032510296e-08
    },
    "Random Forest": {
        "AVG-PR": 0.04205607476635514,
        "ROC-AUC": 0.5,
        "Accuracy": 0.9579439252336449,
        "emission": 7.40676346218551e-07
    },
    "AdaBoost": {
        "AVG-PR": 0.09293873312564901,
        "ROC-AUC": 0.5531165311653117,
        "Accuracy": 0.9579439252336449,
        "emission": 1.1692765018737445e-07
    },
    "Naive Bayes": {
        "AVG-PR": 0.042846178157027404,
        "ROC-AUC": 0.5094850948509485,
        "Accuracy": 0.4672897196261682,
        "emission": 5.685865155940233e-09
    },
    "QDA": {
        "AVG-PR": 0.04205607476635514,
        "ROC-AUC": 0.4926829268292683,
        "Accuracy": 0.9439252336448598,
        "emission": 1.962903269883466e-08
    },
    "PLS-DA": {
        "AVG-PR": 0.06270440948261738,
        "ROC-AUC": 0.5707317073170731,
        "Accuracy": 0.9579439252336449,
        "emission": 1.295494769176822e-07
    },
    "DNN": {
        "AVG-PR": 0.10214983448144255,
        "ROC-AUC": 0.6249322493224932,
        "Accuracy": 0.9579439252336449,
        "emission": 2.0569930376405016e-05
    }
}