{
    "Nearest Neighbors": {
        "AVG-PR": 0.231914157147802,
        "ROC-AUC": 0.6566164154103852,
        "Accuracy": 0.9345794392523364,
        "emission": 2.376562573086895e-08
    },
    "Linear SVM": {
        "AVG-PR": 0.1320872274143302,
        "ROC-AUC": 0.5333333333333333,
        "Accuracy": 0.9345794392523364,
        "emission": 5.858122753496086e-09
    },
    "RBF SVM": {
        "AVG-PR": 0.07009345794392523,
        "ROC-AUC": 0.5,
        "Accuracy": 0.9299065420560748,
        "emission": 1.693300179791027e-08
    },
    "Gaussian Process": {
        "AVG-PR": 0.07009345794392523,
        "ROC-AUC": 0.5,
        "Accuracy": 0.9299065420560748,
        "emission": 2.3547026657394266e-06
    },
    "Decision Tree": {
        "AVG-PR": 0.07653167185877466,
        "ROC-AUC": 0.5207705192629816,
        "Accuracy": 0.9112149532710281,
        "emission": 1.1559304459749978e-08
    },
    "Random Forest": {
        "AVG-PR": 0.07009345794392523,
        "ROC-AUC": 0.5,
        "Accuracy": 0.9299065420560748,
        "emission": 7.39180634526204e-07
    },
    "AdaBoost": {
        "AVG-PR": 0.15806853582554517,
        "ROC-AUC": 0.6182579564489111,
        "Accuracy": 0.9205607476635514,
        "emission": 1.1390071973172509e-07
    },
    "Naive Bayes": {
        "AVG-PR": 0.0868565494733719,
        "ROC-AUC": 0.5946398659966499,
        "Accuracy": 0.5327102803738317,
        "emission": 5.944133414293268e-09
    },
    "QDA": {
        "AVG-PR": 0.07009345794392523,
        "ROC-AUC": 0.4949748743718593,
        "Accuracy": 0.9205607476635514,
        "emission": 1.9890918061052768e-08
    },
    "PLS-DA": {
        "AVG-PR": 0.17573660970144936,
        "ROC-AUC": 0.7309882747068677,
        "Accuracy": 0.9299065420560748,
        "emission": 1.2785015837220448e-07
    },
    "DNN": {
        "AVG-PR": 0.3819535621457804,
        "ROC-AUC": 0.7845896147403686,
        "Accuracy": 0.9299065420560748,
        "emission": 2.0172025492500457e-05
    }
}