{
    "Nearest Neighbors": {
        "AVG-PR": 0.09959758551307847,
        "ROC-AUC": 0.569001386962552,
        "Accuracy": 0.9671361502347418,
        "emission": 1.4179800224514653e-08
    },
    "Linear SVM": {
        "AVG-PR": 0.07578806170355466,
        "ROC-AUC": 0.5665742024965326,
        "Accuracy": 0.9624413145539906,
        "emission": 4.695822539749799e-09
    },
    "RBF SVM": {
        "AVG-PR": 0.03286384976525822,
        "ROC-AUC": 0.5,
        "Accuracy": 0.9671361502347418,
        "emission": 1.6729657884130424e-08
    },
    "Gaussian Process": {
        "AVG-PR": 0.03286384976525822,
        "ROC-AUC": 0.5,
        "Accuracy": 0.9671361502347418,
        "emission": 1.2843019032349912e-06
    },
    "Decision Tree": {
        "AVG-PR": 0.1794936284372904,
        "ROC-AUC": 0.7021497919556172,
        "Accuracy": 0.9577464788732394,
        "emission": 1.2617946035730654e-08
    },
    "Random Forest": {
        "AVG-PR": 0.03286384976525822,
        "ROC-AUC": 0.5,
        "Accuracy": 0.9671361502347418,
        "emission": 7.308034091093228e-07
    },
    "AdaBoost": {
        "AVG-PR": 0.16633132126089872,
        "ROC-AUC": 0.638002773925104,
        "Accuracy": 0.9671361502347418,
        "emission": 1.214824717026324e-07
    },
    "Naive Bayes": {
        "AVG-PR": 0.032457154273156666,
        "ROC-AUC": 0.4934119278779473,
        "Accuracy": 0.5539906103286385,
        "emission": 4.052128973592784e-09
    },
    "QDA": {
        "AVG-PR": 0.03286384976525822,
        "ROC-AUC": 0.49029126213592233,
        "Accuracy": 0.9483568075117371,
        "emission": 1.8837411036143422e-08
    },
    "PLS-DA": {
        "AVG-PR": 0.21188114567114627,
        "ROC-AUC": 0.79750346740638,
        "Accuracy": 0.9671361502347418,
        "emission": 1.2782235491688506e-07
    },
    "DNN": {
        "AVG-PR": 0.26949041811846686,
        "ROC-AUC": 0.8238557558945908,
        "Accuracy": 0.9671361502347418,
        "emission": 1.9921922461926724e-05
    }
}