{
    "Nearest Neighbors": {
        "AVG-PR": 0.07459572248304641,
        "ROC-AUC": 0.5506535947712419,
        "Accuracy": 0.9530516431924883,
        "emission": 1.4103388593944347e-08
    },
    "Linear SVM": {
        "AVG-PR": 0.09311424100156493,
        "ROC-AUC": 0.5531045751633987,
        "Accuracy": 0.9577464788732394,
        "emission": 6.1036955942238244e-09
    },
    "RBF SVM": {
        "AVG-PR": 0.04225352112676056,
        "ROC-AUC": 0.5,
        "Accuracy": 0.9577464788732394,
        "emission": 1.6708758707949965e-08
    },
    "Gaussian Process": {
        "AVG-PR": 0.04225352112676056,
        "ROC-AUC": 0.5,
        "Accuracy": 0.9577464788732394,
        "emission": 2.3987951790147877e-06
    },
    "Decision Tree": {
        "AVG-PR": 0.0597809076682316,
        "ROC-AUC": 0.545751633986928,
        "Accuracy": 0.9436619718309859,
        "emission": 1.1183069259777657e-08
    },
    "Random Forest": {
        "AVG-PR": 0.04225352112676056,
        "ROC-AUC": 0.5,
        "Accuracy": 0.9577464788732394,
        "emission": 7.393934814606096e-07
    },
    "AdaBoost": {
        "AVG-PR": 0.07459572248304641,
        "ROC-AUC": 0.5506535947712419,
        "Accuracy": 0.9530516431924883,
        "emission": 1.1802046640316967e-07
    },
    "Naive Bayes": {
        "AVG-PR": 0.05683109310352219,
        "ROC-AUC": 0.6111111111111112,
        "Accuracy": 0.6619718309859155,
        "emission": 4.929766411572366e-09
    },
    "QDA": {
        "AVG-PR": 0.04225352112676056,
        "ROC-AUC": 0.49754901960784315,
        "Accuracy": 0.9530516431924883,
        "emission": 1.913633973618621e-08
    },
    "PLS-DA": {
        "AVG-PR": 0.06594231976879394,
        "ROC-AUC": 0.5686274509803921,
        "Accuracy": 0.9577464788732394,
        "emission": 1.2620060294596713e-07
    },
    "DNN": {
        "AVG-PR": 0.10126933212579094,
        "ROC-AUC": 0.6105664488017429,
        "Accuracy": 0.9577464788732394,
        "emission": 1.9675845554361e-05
    }
}