{
    "Nearest Neighbors": {
        "AVG-PR": 0.03271028037383177,
        "ROC-AUC": 0.5,
        "Accuracy": 0.9672897196261683,
        "emission": 1.3346156963739361e-08
    },
    "Linear SVM": {
        "AVG-PR": 0.03271028037383177,
        "ROC-AUC": 0.5,
        "Accuracy": 0.9672897196261683,
        "emission": 4.99089219339148e-09
    },
    "RBF SVM": {
        "AVG-PR": 0.03271028037383177,
        "ROC-AUC": 0.5,
        "Accuracy": 0.9672897196261683,
        "emission": 1.6346562030551552e-08
    },
    "Gaussian Process": {
        "AVG-PR": 0.03271028037383177,
        "ROC-AUC": 0.5,
        "Accuracy": 0.9672897196261683,
        "emission": 2.344267443751691e-06
    },
    "Decision Tree": {
        "AVG-PR": 0.03271028037383177,
        "ROC-AUC": 0.4806763285024155,
        "Accuracy": 0.9299065420560748,
        "emission": 1.211870728102124e-08
    },
    "Random Forest": {
        "AVG-PR": 0.03271028037383177,
        "ROC-AUC": 0.5,
        "Accuracy": 0.9672897196261683,
        "emission": 7.467638599280785e-07
    },
    "AdaBoost": {
        "AVG-PR": 0.03271028037383177,
        "ROC-AUC": 0.4975845410628019,
        "Accuracy": 0.9626168224299065,
        "emission": 1.1278082931574872e-07
    },
    "Naive Bayes": {
        "AVG-PR": 0.06118781085403248,
        "ROC-AUC": 0.7232574189095928,
        "Accuracy": 0.5981308411214953,
        "emission": 5.10714332139238e-09
    },
    "QDA": {
        "AVG-PR": 0.03271028037383177,
        "ROC-AUC": 0.49033816425120774,
        "Accuracy": 0.9485981308411215,
        "emission": 1.926503797835589e-08
    },
    "PLS-DA": {
        "AVG-PR": 0.20085790207154797,
        "ROC-AUC": 0.748792270531401,
        "Accuracy": 0.9672897196261683,
        "emission": 1.257227690092185e-07
    },
    "DNN": {
        "AVG-PR": 0.2611874586664502,
        "ROC-AUC": 0.7763975155279502,
        "Accuracy": 0.9672897196261683,
        "emission": 2.0665723427459152e-05
    }
}