{
    "Nearest Neighbors": {
        "AVG-PR": 0.31011045029736617,
        "ROC-AUC": 0.6363636363636364,
        "Accuracy": 0.9626168224299065,
        "emission": 1.3790082431143469e-08
    },
    "Linear SVM": {
        "AVG-PR": 0.241928632115548,
        "ROC-AUC": 0.6339005821764442,
        "Accuracy": 0.9579439252336449,
        "emission": 6.004381368296763e-09
    },
    "RBF SVM": {
        "AVG-PR": 0.0514018691588785,
        "ROC-AUC": 0.5,
        "Accuracy": 0.9485981308411215,
        "emission": 1.832888914465134e-08
    },
    "Gaussian Process": {
        "AVG-PR": 0.31011045029736617,
        "ROC-AUC": 0.6363636363636364,
        "Accuracy": 0.9626168224299065,
        "emission": 5.022642997249423e-06
    },
    "Decision Tree": {
        "AVG-PR": 0.24050248816603956,
        "ROC-AUC": 0.6744290192566055,
        "Accuracy": 0.9532710280373832,
        "emission": 1.0932920699346702e-08
    },
    "Random Forest": {
        "AVG-PR": 0.22387425658453697,
        "ROC-AUC": 0.5909090909090909,
        "Accuracy": 0.9579439252336449,
        "emission": 7.392564766163875e-07
    },
    "AdaBoost": {
        "AVG-PR": 0.15426629445321033,
        "ROC-AUC": 0.6265114196148679,
        "Accuracy": 0.9439252336448598,
        "emission": 1.1330683322145418e-07
    },
    "Naive Bayes": {
        "AVG-PR": 0.06764263773609568,
        "ROC-AUC": 0.6112852664576802,
        "Accuracy": 0.5887850467289719,
        "emission": 4.892854140506018e-09
    },
    "QDA": {
        "AVG-PR": 0.0514018691588785,
        "ROC-AUC": 0.5,
        "Accuracy": 0.9485981308411215,
        "emission": 1.73593029164061e-08
    },
    "PLS-DA": {
        "AVG-PR": 0.3797747843023507,
        "ROC-AUC": 0.825794894760412,
        "Accuracy": 0.9579439252336449,
        "emission": 8.682863274077092e-08
    },
    "DNN": {
        "AVG-PR": 0.15865392511809046,
        "ROC-AUC": 0.7653381101656963,
        "Accuracy": 0.9485981308411215,
        "emission": 1.9685383335659187e-05
    }
}