{
    "Nearest Neighbors": {
        "AVG-PR": 0.07917964693665627,
        "ROC-AUC": 0.5367161716171617,
        "Accuracy": 0.9392523364485982,
        "emission": 1.8663451930088853e-08
    },
    "Linear SVM": {
        "AVG-PR": 0.09306853582554517,
        "ROC-AUC": 0.5391914191419142,
        "Accuracy": 0.9439252336448598,
        "emission": 6.749676027289272e-09
    },
    "RBF SVM": {
        "AVG-PR": 0.056074766355140186,
        "ROC-AUC": 0.5,
        "Accuracy": 0.9439252336448598,
        "emission": 2.0808143616565932e-08
    },
    "Gaussian Process": {
        "AVG-PR": 0.056074766355140186,
        "ROC-AUC": 0.5,
        "Accuracy": 0.9439252336448598,
        "emission": 8.245336174904882e-07
    },
    "Decision Tree": {
        "AVG-PR": 0.07223520249221184,
        "ROC-AUC": 0.5342409240924092,
        "Accuracy": 0.9345794392523364,
        "emission": 8.253394715055636e-09
    },
    "Random Forest": {
        "AVG-PR": 0.09306853582554517,
        "ROC-AUC": 0.5391914191419142,
        "Accuracy": 0.9439252336448598,
        "emission": 7.424041758815633e-07
    },
    "AdaBoost": {
        "AVG-PR": 0.07223520249221184,
        "ROC-AUC": 0.5342409240924092,
        "Accuracy": 0.9345794392523364,
        "emission": 1.1294698533573297e-07
    },
    "Naive Bayes": {
        "AVG-PR": 0.0753823279524214,
        "ROC-AUC": 0.625,
        "Accuracy": 0.514018691588785,
        "emission": 4.71936301595353e-09
    },
    "QDA": {
        "AVG-PR": 0.056074766355140186,
        "ROC-AUC": 0.5,
        "Accuracy": 0.9439252336448598,
        "emission": 1.7973701868336914e-08
    },
    "PLS-DA": {
        "AVG-PR": 0.18628894845679772,
        "ROC-AUC": 0.7400990099009901,
        "Accuracy": 0.9439252336448598,
        "emission": 1.2532527764855165e-07
    },
    "DNN": {
        "AVG-PR": 0.3532852584806959,
        "ROC-AUC": 0.731023102310231,
        "Accuracy": 0.9439252336448598,
        "emission": 1.9497450681052363e-05
    }
}