{
    "Nearest Neighbors": {
        "AVG-PR": 0.2983978638184246,
        "ROC-AUC": 0.6532976827094474,
        "Accuracy": 0.8925233644859814,
        "emission": 1.570945806994827e-08
    },
    "Linear SVM": {
        "AVG-PR": 0.16134868938607255,
        "ROC-AUC": 0.5553574965339672,
        "Accuracy": 0.8598130841121495,
        "emission": 7.737343801877939e-09
    },
    "RBF SVM": {
        "AVG-PR": 0.1585323641398408,
        "ROC-AUC": 0.5185185185185185,
        "Accuracy": 0.8785046728971962,
        "emission": 1.6790390544062277e-08
    },
    "Gaussian Process": {
        "AVG-PR": 0.1261682242990654,
        "ROC-AUC": 0.5,
        "Accuracy": 0.8738317757009346,
        "emission": 1.808672209366198e-06
    },
    "Decision Tree": {
        "AVG-PR": 0.16830627971798656,
        "ROC-AUC": 0.5763517528223411,
        "Accuracy": 0.8411214953271028,
        "emission": 1.2703195591084327e-08
    },
    "Random Forest": {
        "AVG-PR": 0.14001384562132224,
        "ROC-AUC": 0.5158447217270746,
        "Accuracy": 0.8738317757009346,
        "emission": 7.360712833631075e-07
    },
    "AdaBoost": {
        "AVG-PR": 0.17656221367051494,
        "ROC-AUC": 0.5816993464052288,
        "Accuracy": 0.8504672897196262,
        "emission": 1.1223991862813697e-07
    },
    "Naive Bayes": {
        "AVG-PR": 0.13846153846153847,
        "ROC-AUC": 0.5508021390374331,
        "Accuracy": 0.21495327102803738,
        "emission": 6.82931192781208e-09
    },
    "QDA": {
        "AVG-PR": 0.1261682242990654,
        "ROC-AUC": 0.5,
        "Accuracy": 0.8738317757009346,
        "emission": 1.980960734366542e-08
    },
    "PLS-DA": {
        "AVG-PR": 0.4416437476454328,
        "ROC-AUC": 0.8086749851455735,
        "Accuracy": 0.8738317757009346,
        "emission": 1.233838960414487e-07
    },
    "DNN": {
        "AVG-PR": 0.4653723588844398,
        "ROC-AUC": 0.8314517726282431,
        "Accuracy": 0.8925233644859814,
        "emission": 1.9657715465830768e-05
    }
}