{
    "Nearest Neighbors": {
        "AVG-PR": 0.24142212927259657,
        "ROC-AUC": 0.6434659090909091,
        "Accuracy": 0.9018691588785047,
        "emission": 1.2949638385553994e-08
    },
    "Linear SVM": {
        "AVG-PR": 0.20929800339847068,
        "ROC-AUC": 0.6356534090909091,
        "Accuracy": 0.8878504672897196,
        "emission": 6.4395988885091325e-09
    },
    "RBF SVM": {
        "AVG-PR": 0.14358538657604078,
        "ROC-AUC": 0.5227272727272727,
        "Accuracy": 0.9018691588785047,
        "emission": 1.746938508125187e-08
    },
    "Gaussian Process": {
        "AVG-PR": 0.102803738317757,
        "ROC-AUC": 0.5,
        "Accuracy": 0.897196261682243,
        "emission": 7.271517990430666e-07
    },
    "Decision Tree": {
        "AVG-PR": 0.2360723388760772,
        "ROC-AUC": 0.6732954545454546,
        "Accuracy": 0.883177570093458,
        "emission": 1.107316625500646e-08
    },
    "Random Forest": {
        "AVG-PR": 0.102803738317757,
        "ROC-AUC": 0.5,
        "Accuracy": 0.897196261682243,
        "emission": 7.397657478095102e-07
    },
    "AdaBoost": {
        "AVG-PR": 0.24723874256584538,
        "ROC-AUC": 0.6609848484848485,
        "Accuracy": 0.897196261682243,
        "emission": 1.1468923780029154e-07
    },
    "Naive Bayes": {
        "AVG-PR": 0.10687885062500319,
        "ROC-AUC": 0.5210700757575758,
        "Accuracy": 0.2850467289719626,
        "emission": 3.735605679744407e-09
    },
    "QDA": {
        "AVG-PR": 0.12982158028887,
        "ROC-AUC": 0.5376420454545454,
        "Accuracy": 0.8925233644859814,
        "emission": 1.8368652774787402e-08
    },
    "PLS-DA": {
        "AVG-PR": 0.45569892676988355,
        "ROC-AUC": 0.8122632575757577,
        "Accuracy": 0.9065420560747663,
        "emission": 1.2011495222014487e-07
    },
    "DNN": {
        "AVG-PR": 0.482168577251885,
        "ROC-AUC": 0.7729640151515151,
        "Accuracy": 0.9158878504672897,
        "emission": 1.9979786600050672e-05
    }
}