{
    "Nearest Neighbors": {
        "AVG-PR": 0.12564901349948077,
        "ROC-AUC": 0.5680272108843537,
        "Accuracy": 0.9018691588785047,
        "emission": 1.7668936321129054e-08
    },
    "Linear SVM": {
        "AVG-PR": 0.2922291450328834,
        "ROC-AUC": 0.6363378684807256,
        "Accuracy": 0.9345794392523364,
        "emission": 6.012463978763181e-09
    },
    "RBF SVM": {
        "AVG-PR": 0.08411214953271028,
        "ROC-AUC": 0.5,
        "Accuracy": 0.9158878504672897,
        "emission": 1.797116800659375e-08
    },
    "Gaussian Process": {
        "AVG-PR": 0.08411214953271028,
        "ROC-AUC": 0.5,
        "Accuracy": 0.9158878504672897,
        "emission": 2.863631757876293e-06
    },
    "Decision Tree": {
        "AVG-PR": 0.12891262423972705,
        "ROC-AUC": 0.5856009070294785,
        "Accuracy": 0.8878504672897196,
        "emission": 1.2237710426942403e-08
    },
    "Random Forest": {
        "AVG-PR": 0.08411214953271028,
        "ROC-AUC": 0.5,
        "Accuracy": 0.9158878504672897,
        "emission": 7.361721120898593e-07
    },
    "AdaBoost": {
        "AVG-PR": 0.18701028981402812,
        "ROC-AUC": 0.6235827664399093,
        "Accuracy": 0.9112149532710281,
        "emission": 1.0978891098914654e-07
    },
    "Naive Bayes": {
        "AVG-PR": 0.0905373831775701,
        "ROC-AUC": 0.5374149659863945,
        "Accuracy": 0.42990654205607476,
        "emission": 5.747685958170732e-09
    },
    "QDA": {
        "AVG-PR": 0.08411214953271028,
        "ROC-AUC": 0.5,
        "Accuracy": 0.9158878504672897,
        "emission": 2.008564191931415e-08
    },
    "PLS-DA": {
        "AVG-PR": 0.3169416486536909,
        "ROC-AUC": 0.7171201814058957,
        "Accuracy": 0.9252336448598131,
        "emission": 1.0904678774344704e-07
    },
    "DNN": {
        "AVG-PR": 0.2523687559924678,
        "ROC-AUC": 0.6060090702947846,
        "Accuracy": 0.9158878504672897,
        "emission": 1.9286147636346156e-05
    }
}