{
    "Nearest Neighbors": {
        "AVG-PR": 0.4827144686299616,
        "ROC-AUC": 0.7272727272727273,
        "Accuracy": 0.971830985915493,
        "emission": 1.2785634368091495e-08
    },
    "Linear SVM": {
        "AVG-PR": 0.13785744771660266,
        "ROC-AUC": 0.5454545454545454,
        "Accuracy": 0.9530516431924883,
        "emission": 6.912814654240883e-09
    },
    "RBF SVM": {
        "AVG-PR": 0.051643192488262914,
        "ROC-AUC": 0.5,
        "Accuracy": 0.9483568075117371,
        "emission": 1.9356544468287134e-08
    },
    "Gaussian Process": {
        "AVG-PR": 0.051643192488262914,
        "ROC-AUC": 0.5,
        "Accuracy": 0.9483568075117371,
        "emission": 1.9071076613637482e-06
    },
    "Decision Tree": {
        "AVG-PR": 0.43256508749466493,
        "ROC-AUC": 0.7677767776777678,
        "Accuracy": 0.9671361502347418,
        "emission": 9.980412581396025e-09
    },
    "Random Forest": {
        "AVG-PR": 0.051643192488262914,
        "ROC-AUC": 0.5,
        "Accuracy": 0.9483568075117371,
        "emission": 7.071449214578252e-07
    },
    "AdaBoost": {
        "AVG-PR": 0.13675995366136212,
        "ROC-AUC": 0.6570657065706571,
        "Accuracy": 0.92018779342723,
        "emission": 1.1040540714733897e-07
    },
    "Naive Bayes": {
        "AVG-PR": 0.05693771373928265,
        "ROC-AUC": 0.5441044104410442,
        "Accuracy": 0.6244131455399061,
        "emission": 5.341058389649288e-09
    },
    "QDA": {
        "AVG-PR": 0.051643192488262914,
        "ROC-AUC": 0.49504950495049505,
        "Accuracy": 0.9389671361502347,
        "emission": 1.696713832071954e-08
    },
    "PLS-DA": {
        "AVG-PR": 0.3520948405562037,
        "ROC-AUC": 0.8564356435643565,
        "Accuracy": 0.9483568075117371,
        "emission": 1.2304712657636292e-07
    },
    "DNN": {
        "AVG-PR": 0.5924326450773453,
        "ROC-AUC": 0.9392439243924393,
        "Accuracy": 0.9577464788732394,
        "emission": 1.9699551552665592e-05
    }
}