{
    "Nearest Neighbors": {
        "AVG-PR": 0.07042253521126761,
        "ROC-AUC": 0.494949494949495,
        "Accuracy": 0.92018779342723,
        "emission": 1.3395231501292582e-08
    },
    "Linear SVM": {
        "AVG-PR": 0.07042253521126761,
        "ROC-AUC": 0.48737373737373735,
        "Accuracy": 0.9061032863849765,
        "emission": 5.384255447054808e-09
    },
    "RBF SVM": {
        "AVG-PR": 0.07042253521126761,
        "ROC-AUC": 0.5,
        "Accuracy": 0.9295774647887324,
        "emission": 1.8572804248427184e-08
    },
    "Gaussian Process": {
        "AVG-PR": 0.07042253521126761,
        "ROC-AUC": 0.5,
        "Accuracy": 0.9295774647887324,
        "emission": 1.1548836725909065e-06
    },
    "Decision Tree": {
        "AVG-PR": 0.07406103286384977,
        "ROC-AUC": 0.5156565656565656,
        "Accuracy": 0.9014084507042254,
        "emission": 1.1492069619831361e-08
    },
    "Random Forest": {
        "AVG-PR": 0.07042253521126761,
        "ROC-AUC": 0.5,
        "Accuracy": 0.9295774647887324,
        "emission": 7.324646462643472e-07
    },
    "AdaBoost": {
        "AVG-PR": 0.0943661971830986,
        "ROC-AUC": 0.5515151515151515,
        "Accuracy": 0.9107981220657277,
        "emission": 1.10300908363599e-07
    },
    "Naive Bayes": {
        "AVG-PR": 0.09358372456964006,
        "ROC-AUC": 0.6308080808080808,
        "Accuracy": 0.37089201877934275,
        "emission": 5.450432638329336e-09
    },
    "QDA": {
        "AVG-PR": 0.07042253521126761,
        "ROC-AUC": 0.494949494949495,
        "Accuracy": 0.92018779342723,
        "emission": 1.859052801755354e-08
    },
    "PLS-DA": {
        "AVG-PR": 0.29961598288073665,
        "ROC-AUC": 0.8865319865319865,
        "Accuracy": 0.9154929577464789,
        "emission": 1.235665956057624e-07
    },
    "DNN": {
        "AVG-PR": 0.3600543572330423,
        "ROC-AUC": 0.9053872053872054,
        "Accuracy": 0.9154929577464789,
        "emission": 1.933627287526198e-05
    }
}