{
    "Nearest Neighbors": {
        "AVG-PR": 0.051643192488262914,
        "ROC-AUC": 0.4975247524752475,
        "Accuracy": 0.9436619718309859,
        "emission": 1.4064795861099683e-08
    },
    "Linear SVM": {
        "AVG-PR": 0.07725138711054205,
        "ROC-AUC": 0.5405040504050405,
        "Accuracy": 0.9436619718309859,
        "emission": 9.894520535356242e-09
    },
    "RBF SVM": {
        "AVG-PR": 0.051643192488262914,
        "ROC-AUC": 0.5,
        "Accuracy": 0.9483568075117371,
        "emission": 1.9702715137262092e-08
    },
    "Gaussian Process": {
        "AVG-PR": 0.051643192488262914,
        "ROC-AUC": 0.5,
        "Accuracy": 0.9483568075117371,
        "emission": 2.418885455691082e-06
    },
    "Decision Tree": {
        "AVG-PR": 0.08265756153080096,
        "ROC-AUC": 0.5735823582358236,
        "Accuracy": 0.9248826291079812,
        "emission": 1.073720667155887e-08
    },
    "Random Forest": {
        "AVG-PR": 0.051643192488262914,
        "ROC-AUC": 0.5,
        "Accuracy": 0.9483568075117371,
        "emission": 7.594869156722453e-07
    },
    "AdaBoost": {
        "AVG-PR": 0.059935369794524726,
        "ROC-AUC": 0.5306030603060305,
        "Accuracy": 0.9248826291079812,
        "emission": 1.110130343634856e-07
    },
    "Naive Bayes": {
        "AVG-PR": 0.07105183634432118,
        "ROC-AUC": 0.6401890189018902,
        "Accuracy": 0.39906103286384975,
        "emission": 4.563818515642914e-09
    },
    "QDA": {
        "AVG-PR": 0.051643192488262914,
        "ROC-AUC": 0.49257425742574257,
        "Accuracy": 0.9342723004694836,
        "emission": 2.0309651827166215e-08
    },
    "PLS-DA": {
        "AVG-PR": 0.09601273680213449,
        "ROC-AUC": 0.6561656165616562,
        "Accuracy": 0.9483568075117371,
        "emission": 1.2293144984273353e-07
    },
    "DNN": {
        "AVG-PR": 0.10177628978437248,
        "ROC-AUC": 0.5990099009900991,
        "Accuracy": 0.9483568075117371,
        "emission": 1.923493429930121e-05
    }
}