{
    "Nearest Neighbors": {
        "AVG-PR": 0.21021366292996072,
        "ROC-AUC": 0.6353194544149318,
        "Accuracy": 0.9389671361502347,
        "emission": 1.275544762090261e-08
    },
    "Linear SVM": {
        "AVG-PR": 0.3232729711602951,
        "ROC-AUC": 0.7067480258435033,
        "Accuracy": 0.9483568075117371,
        "emission": 6.462937026520004e-09
    },
    "RBF SVM": {
        "AVG-PR": 0.06572769953051644,
        "ROC-AUC": 0.5,
        "Accuracy": 0.9342723004694836,
        "emission": 1.6706954982202512e-08
    },
    "Gaussian Process": {
        "AVG-PR": 0.06572769953051644,
        "ROC-AUC": 0.5,
        "Accuracy": 0.9342723004694836,
        "emission": 2.7550999668147654e-06
    },
    "Decision Tree": {
        "AVG-PR": 0.14218645204560698,
        "ROC-AUC": 0.62275664034458,
        "Accuracy": 0.9154929577464789,
        "emission": 1.2100434360504391e-08
    },
    "Random Forest": {
        "AVG-PR": 0.06572769953051644,
        "ROC-AUC": 0.5,
        "Accuracy": 0.9342723004694836,
        "emission": 7.624094667515765e-07
    },
    "AdaBoost": {
        "AVG-PR": 0.37981736573285874,
        "ROC-AUC": 0.7731514716439339,
        "Accuracy": 0.9483568075117371,
        "emission": 1.0825978063435085e-07
    },
    "Naive Bayes": {
        "AVG-PR": 0.08571113481785568,
        "ROC-AUC": 0.6225771715721464,
        "Accuracy": 0.3568075117370892,
        "emission": 4.924609619327017e-09
    },
    "QDA": {
        "AVG-PR": 0.06572769953051644,
        "ROC-AUC": 0.49748743718592964,
        "Accuracy": 0.9295774647887324,
        "emission": 1.6723546037775124e-08
    },
    "PLS-DA": {
        "AVG-PR": 0.4339138735991791,
        "ROC-AUC": 0.8600143575017947,
        "Accuracy": 0.9436619718309859,
        "emission": 1.1727319652945509e-07
    },
    "DNN": {
        "AVG-PR": 0.5332665946677327,
        "ROC-AUC": 0.8743718592964824,
        "Accuracy": 0.9342723004694836,
        "emission": 1.925743373259032e-05
    }
}