{
    "Nearest Neighbors": {
        "AVG-PR": 0.195902228612509,
        "ROC-AUC": 0.6438959050899349,
        "Accuracy": 0.9392523364485982,
        "emission": 1.3966677219714932e-08
    },
    "Linear SVM": {
        "AVG-PR": 0.19763958782650373,
        "ROC-AUC": 0.6748947569843092,
        "Accuracy": 0.9299065420560748,
        "emission": 5.314006347262678e-09
    },
    "RBF SVM": {
        "AVG-PR": 0.06074766355140187,
        "ROC-AUC": 0.5,
        "Accuracy": 0.9392523364485982,
        "emission": 1.8478417241008348e-08
    },
    "Gaussian Process": {
        "AVG-PR": 0.09453630481667866,
        "ROC-AUC": 0.5359739762724837,
        "Accuracy": 0.9392523364485982,
        "emission": 5.62883205740269e-06
    },
    "Decision Tree": {
        "AVG-PR": 0.08316621892617956,
        "ROC-AUC": 0.5755836203597399,
        "Accuracy": 0.8785046728971962,
        "emission": 1.0947158385530673e-08
    },
    "Random Forest": {
        "AVG-PR": 0.06074766355140187,
        "ROC-AUC": 0.5,
        "Accuracy": 0.9392523364485982,
        "emission": 7.43691502668297e-07
    },
    "AdaBoost": {
        "AVG-PR": 0.12365204888569375,
        "ROC-AUC": 0.6004592422502871,
        "Accuracy": 0.9252336448598131,
        "emission": 1.0988476903673781e-07
    },
    "Naive Bayes": {
        "AVG-PR": 0.06439012700694943,
        "ROC-AUC": 0.5290853425181783,
        "Accuracy": 0.4532710280373832,
        "emission": 4.20492874662602e-09
    },
    "QDA": {
        "AVG-PR": 0.06074766355140187,
        "ROC-AUC": 0.4900497512437811,
        "Accuracy": 0.9205607476635514,
        "emission": 1.547533853328762e-08
    },
    "PLS-DA": {
        "AVG-PR": 0.37950166463839485,
        "ROC-AUC": 0.8342900880214313,
        "Accuracy": 0.9392523364485982,
        "emission": 8.867568611066931e-08
    },
    "DNN": {
        "AVG-PR": 0.2960153047323466,
        "ROC-AUC": 0.7034060466896287,
        "Accuracy": 0.9392523364485982,
        "emission": 1.9252257482211555e-05
    }
}