{
    "Nearest Neighbors": {
        "AVG-PR": 0.38008607198748046,
        "ROC-AUC": 0.7058457711442786,
        "Accuracy": 0.9624413145539906,
        "emission": 1.4831915679460466e-08
    },
    "Linear SVM": {
        "AVG-PR": 0.30422535211267604,
        "ROC-AUC": 0.664179104477612,
        "Accuracy": 0.9577464788732394,
        "emission": 6.753992605514355e-09
    },
    "RBF SVM": {
        "AVG-PR": 0.056338028169014086,
        "ROC-AUC": 0.5,
        "Accuracy": 0.9436619718309859,
        "emission": 1.74353516173343e-08
    },
    "Gaussian Process": {
        "AVG-PR": 0.22975352112676056,
        "ROC-AUC": 0.6225124378109453,
        "Accuracy": 0.9530516431924883,
        "emission": 4.963344300411853e-06
    },
    "Decision Tree": {
        "AVG-PR": 0.24119718309859156,
        "ROC-AUC": 0.6958955223880597,
        "Accuracy": 0.9436619718309859,
        "emission": 1.0540774717907981e-08
    },
    "Random Forest": {
        "AVG-PR": 0.13497652582159625,
        "ROC-AUC": 0.5416666666666666,
        "Accuracy": 0.9483568075117371,
        "emission": 7.495425846149782e-07
    },
    "AdaBoost": {
        "AVG-PR": 0.2643453312467397,
        "ROC-AUC": 0.6983830845771145,
        "Accuracy": 0.9483568075117371,
        "emission": 1.1382859130771634e-07
    },
    "Naive Bayes": {
        "AVG-PR": 0.06163617217322627,
        "ROC-AUC": 0.5429104477611941,
        "Accuracy": 0.5070422535211268,
        "emission": 3.1480602699055882e-09
    },
    "QDA": {
        "AVG-PR": 0.056338028169014086,
        "ROC-AUC": 0.4925373134328358,
        "Accuracy": 0.9295774647887324,
        "emission": 1.5012636513956352e-08
    },
    "PLS-DA": {
        "AVG-PR": 0.4232807487843033,
        "ROC-AUC": 0.7209784411276949,
        "Accuracy": 0.9530516431924883,
        "emission": 8.858878503228584e-08
    },
    "DNN": {
        "AVG-PR": 0.41702856096642177,
        "ROC-AUC": 0.7093698175787727,
        "Accuracy": 0.9577464788732394,
        "emission": 2.153557180941915e-05
    }
}