{
    "Nearest Neighbors": {
        "AVG-PR": 0.06705607476635514,
        "ROC-AUC": 0.5426470588235295,
        "Accuracy": 0.9439252336448598,
        "emission": 1.380179907374226e-08
    },
    "Linear SVM": {
        "AVG-PR": 0.09205607476635513,
        "ROC-AUC": 0.5475490196078432,
        "Accuracy": 0.9532710280373832,
        "emission": 7.505342312754367e-09
    },
    "RBF SVM": {
        "AVG-PR": 0.04672897196261682,
        "ROC-AUC": 0.5,
        "Accuracy": 0.9532710280373832,
        "emission": 1.95052796099954e-08
    },
    "Gaussian Process": {
        "AVG-PR": 0.04672897196261682,
        "ROC-AUC": 0.5,
        "Accuracy": 0.9532710280373832,
        "emission": 2.117586748196439e-06
    },
    "Decision Tree": {
        "AVG-PR": 0.07374681393372982,
        "ROC-AUC": 0.5779411764705882,
        "Accuracy": 0.9205607476635514,
        "emission": 1.2603432292197365e-08
    },
    "Random Forest": {
        "AVG-PR": 0.04672897196261682,
        "ROC-AUC": 0.5,
        "Accuracy": 0.9532710280373832,
        "emission": 7.42879812459742e-07
    },
    "AdaBoost": {
        "AVG-PR": 0.0945260347129506,
        "ROC-AUC": 0.5877450980392156,
        "Accuracy": 0.9392523364485982,
        "emission": 1.1408132729527699e-07
    },
    "Naive Bayes": {
        "AVG-PR": 0.049960230662159474,
        "ROC-AUC": 0.5318627450980392,
        "Accuracy": 0.5607476635514018,
        "emission": 4.083174361030929e-09
    },
    "QDA": {
        "AVG-PR": 0.04672897196261682,
        "ROC-AUC": 0.4950980392156863,
        "Accuracy": 0.9439252336448598,
        "emission": 1.9622775742594623e-08
    },
    "PLS-DA": {
        "AVG-PR": 0.12413064014152794,
        "ROC-AUC": 0.705392156862745,
        "Accuracy": 0.9532710280373832,
        "emission": 1.3413413009231923e-07
    },
    "DNN": {
        "AVG-PR": 0.16660045579339688,
        "ROC-AUC": 0.8049019607843138,
        "Accuracy": 0.9439252336448598,
        "emission": 2.066691989021557e-05
    }
}