{
    "Nearest Neighbors": {
        "AVG-PR": 0.07556879739978331,
        "ROC-AUC": 0.5309615384615384,
        "Accuracy": 0.9295774647887324,
        "emission": 1.311846126857659e-08
    },
    "Linear SVM": {
        "AVG-PR": 0.15420729505236547,
        "ROC-AUC": 0.5744230769230769,
        "Accuracy": 0.9436619718309859,
        "emission": 6.709188428351045e-09
    },
    "RBF SVM": {
        "AVG-PR": 0.06103286384976526,
        "ROC-AUC": 0.5,
        "Accuracy": 0.9389671361502347,
        "emission": 1.7342545170266525e-08
    },
    "Gaussian Process": {
        "AVG-PR": 0.06103286384976526,
        "ROC-AUC": 0.5,
        "Accuracy": 0.9389671361502347,
        "emission": 2.041944660234208e-06
    },
    "Decision Tree": {
        "AVG-PR": 0.14584945570861063,
        "ROC-AUC": 0.6053846153846154,
        "Accuracy": 0.9342723004694836,
        "emission": 1.0182722550068415e-08
    },
    "Random Forest": {
        "AVG-PR": 0.06103286384976526,
        "ROC-AUC": 0.5,
        "Accuracy": 0.9389671361502347,
        "emission": 7.590100182617936e-07
    },
    "AdaBoost": {
        "AVG-PR": 0.11617912603828097,
        "ROC-AUC": 0.5978846153846155,
        "Accuracy": 0.92018779342723,
        "emission": 1.1675013661582309e-07
    },
    "Naive Bayes": {
        "AVG-PR": 0.061637565404352175,
        "ROC-AUC": 0.5051923076923077,
        "Accuracy": 0.4084507042253521,
        "emission": 4.06526445376225e-09
    },
    "QDA": {
        "AVG-PR": 0.09479956663055256,
        "ROC-AUC": 0.5359615384615385,
        "Accuracy": 0.9389671361502347,
        "emission": 1.8857755106493208e-08
    },
    "PLS-DA": {
        "AVG-PR": 0.21130139347218457,
        "ROC-AUC": 0.813076923076923,
        "Accuracy": 0.9248826291079812,
        "emission": 1.3407796594547366e-07
    },
    "DNN": {
        "AVG-PR": 0.2045962486248871,
        "ROC-AUC": 0.7569230769230769,
        "Accuracy": 0.9389671361502347,
        "emission": 2.1104573999350705e-05
    }
}