{
    "Nearest Neighbors": {
        "AVG-PR": 0.056074766355140186,
        "ROC-AUC": 0.49504950495049505,
        "Accuracy": 0.9345794392523364,
        "emission": 1.4448369679520431e-08
    },
    "Linear SVM": {
        "AVG-PR": 0.056074766355140186,
        "ROC-AUC": 0.5,
        "Accuracy": 0.9439252336448598,
        "emission": 5.49304565168382e-09
    },
    "RBF SVM": {
        "AVG-PR": 0.056074766355140186,
        "ROC-AUC": 0.5,
        "Accuracy": 0.9439252336448598,
        "emission": 1.8169372918536744e-08
    },
    "Gaussian Process": {
        "AVG-PR": 0.056074766355140186,
        "ROC-AUC": 0.5,
        "Accuracy": 0.9439252336448598,
        "emission": 1.675486217100937e-06
    },
    "Decision Tree": {
        "AVG-PR": 0.056074766355140186,
        "ROC-AUC": 0.49504950495049505,
        "Accuracy": 0.9345794392523364,
        "emission": 1.1077859971925657e-08
    },
    "Random Forest": {
        "AVG-PR": 0.056074766355140186,
        "ROC-AUC": 0.5,
        "Accuracy": 0.9439252336448598,
        "emission": 7.484312763227703e-07
    },
    "AdaBoost": {
        "AVG-PR": 0.0633066310636404,
        "ROC-AUC": 0.5268151815181518,
        "Accuracy": 0.9205607476635514,
        "emission": 1.1614711651441085e-07
    },
    "Naive Bayes": {
        "AVG-PR": 0.06310923525273841,
        "ROC-AUC": 0.5577557755775578,
        "Accuracy": 0.3130841121495327,
        "emission": 5.016111308988728e-09
    },
    "QDA": {
        "AVG-PR": 0.056074766355140186,
        "ROC-AUC": 0.4876237623762376,
        "Accuracy": 0.9205607476635514,
        "emission": 2.044947683956055e-08
    },
    "PLS-DA": {
        "AVG-PR": 0.1328909655133774,
        "ROC-AUC": 0.7060643564356436,
        "Accuracy": 0.9439252336448598,
        "emission": 1.343975659692842e-07
    },
    "DNN": {
        "AVG-PR": 0.11491780521395883,
        "ROC-AUC": 0.6953382838283828,
        "Accuracy": 0.9439252336448598,
        "emission": 2.1345635151037897e-05
    }
}