{
    "Nearest Neighbors": {
        "AVG-PR": 0.15771028037383178,
        "ROC-AUC": 0.5625,
        "Accuracy": 0.9672897196261683,
        "emission": 6.008974691641583e-08
    },
    "Linear SVM": {
        "AVG-PR": 0.15771028037383178,
        "ROC-AUC": 0.5625,
        "Accuracy": 0.9672897196261683,
        "emission": 5.695773445247915e-09
    },
    "RBF SVM": {
        "AVG-PR": 0.037383177570093455,
        "ROC-AUC": 0.5,
        "Accuracy": 0.9626168224299065,
        "emission": 1.9461890329354713e-08
    },
    "Gaussian Process": {
        "AVG-PR": 0.037383177570093455,
        "ROC-AUC": 0.5,
        "Accuracy": 0.9626168224299065,
        "emission": 1.3202974984355089e-06
    },
    "Decision Tree": {
        "AVG-PR": 0.09521028037383178,
        "ROC-AUC": 0.5600728155339806,
        "Accuracy": 0.9626168224299065,
        "emission": 1.2167311580448399e-08
    },
    "Random Forest": {
        "AVG-PR": 0.037383177570093455,
        "ROC-AUC": 0.5,
        "Accuracy": 0.9626168224299065,
        "emission": 7.528805409529463e-07
    },
    "AdaBoost": {
        "AVG-PR": 0.06396028037383178,
        "ROC-AUC": 0.5552184466019418,
        "Accuracy": 0.9532710280373832,
        "emission": 1.2181183011651107e-07
    },
    "Naive Bayes": {
        "AVG-PR": 0.033531888672075585,
        "ROC-AUC": 0.40898058252427183,
        "Accuracy": 0.5560747663551402,
        "emission": 5.208390027745378e-09
    },
    "QDA": {
        "AVG-PR": 0.037383177570093455,
        "ROC-AUC": 0.49029126213592233,
        "Accuracy": 0.9439252336448598,
        "emission": 2.090520733115666e-08
    },
    "PLS-DA": {
        "AVG-PR": 0.11406996353375902,
        "ROC-AUC": 0.7175364077669902,
        "Accuracy": 0.9626168224299065,
        "emission": 1.3056336853271187e-07
    },
    "DNN": {
        "AVG-PR": 0.14156514255092573,
        "ROC-AUC": 0.5148665048543689,
        "Accuracy": 0.9626168224299065,
        "emission": 2.0384920465933685e-05
    }
}