{
    "Nearest Neighbors": {
        "AVG-PR": 0.1530373831775701,
        "ROC-AUC": 0.6201456310679613,
        "Accuracy": 0.9626168224299065,
        "emission": 1.401872494240139e-08
    },
    "Linear SVM": {
        "AVG-PR": 0.037383177570093455,
        "ROC-AUC": 0.5,
        "Accuracy": 0.9626168224299065,
        "emission": 6.727251938738586e-09
    },
    "RBF SVM": {
        "AVG-PR": 0.037383177570093455,
        "ROC-AUC": 0.5,
        "Accuracy": 0.9626168224299065,
        "emission": 1.6879214452544406e-08
    },
    "Gaussian Process": {
        "AVG-PR": 0.15771028037383178,
        "ROC-AUC": 0.5625,
        "Accuracy": 0.9672897196261683,
        "emission": 6.692933183786004e-06
    },
    "Decision Tree": {
        "AVG-PR": 0.11137071651090341,
        "ROC-AUC": 0.6152912621359223,
        "Accuracy": 0.9532710280373832,
        "emission": 1.3330879348671129e-08
    },
    "Random Forest": {
        "AVG-PR": 0.037383177570093455,
        "ROC-AUC": 0.5,
        "Accuracy": 0.9626168224299065,
        "emission": 7.739583265597943e-07
    },
    "AdaBoost": {
        "AVG-PR": 0.057710280373831774,
        "ROC-AUC": 0.5527912621359224,
        "Accuracy": 0.9485981308411215,
        "emission": 1.1573431968557353e-07
    },
    "Naive Bayes": {
        "AVG-PR": 0.052969749139203146,
        "ROC-AUC": 0.6025485436893203,
        "Accuracy": 0.8130841121495327,
        "emission": 4.831879165013215e-09
    },
    "QDA": {
        "AVG-PR": 0.037383177570093455,
        "ROC-AUC": 0.47815533980582525,
        "Accuracy": 0.9205607476635514,
        "emission": 1.6270185168994384e-08
    },
    "PLS-DA": {
        "AVG-PR": 0.3387293753780021,
        "ROC-AUC": 0.7967233009708738,
        "Accuracy": 0.9626168224299065,
        "emission": 9.084599151996305e-08
    },
    "DNN": {
        "AVG-PR": 0.30627231097074037,
        "ROC-AUC": 0.8270631067961165,
        "Accuracy": 0.9672897196261683,
        "emission": 2.076022867274119e-05
    }
}