{
    "Nearest Neighbors": {
        "AVG-PR": 0.03271028037383177,
        "ROC-AUC": 0.5,
        "Accuracy": 0.9672897196261683,
        "emission": 1.3460223148423837e-08
    },
    "Linear SVM": {
        "AVG-PR": 0.3090787716955941,
        "ROC-AUC": 0.6428571428571428,
        "Accuracy": 0.9766355140186916,
        "emission": 5.765897961609459e-09
    },
    "RBF SVM": {
        "AVG-PR": 0.03271028037383177,
        "ROC-AUC": 0.5,
        "Accuracy": 0.9672897196261683,
        "emission": 1.981732235355692e-08
    },
    "Gaussian Process": {
        "AVG-PR": 0.03271028037383177,
        "ROC-AUC": 0.5,
        "Accuracy": 0.9672897196261683,
        "emission": 2.1822636249924215e-06
    },
    "Decision Tree": {
        "AVG-PR": 0.3090787716955941,
        "ROC-AUC": 0.6428571428571428,
        "Accuracy": 0.9766355140186916,
        "emission": 1.4374747917214382e-08
    },
    "Random Forest": {
        "AVG-PR": 0.17089452603471295,
        "ROC-AUC": 0.5714285714285714,
        "Accuracy": 0.9719626168224299,
        "emission": 7.602174210280258e-07
    },
    "AdaBoost": {
        "AVG-PR": 0.21384067645749888,
        "ROC-AUC": 0.6404416839199447,
        "Accuracy": 0.9719626168224299,
        "emission": 1.1734348589234243e-07
    },
    "Naive Bayes": {
        "AVG-PR": 0.0337540963709188,
        "ROC-AUC": 0.5148378191856452,
        "Accuracy": 0.7289719626168224,
        "emission": 6.441532504912505e-09
    },
    "QDA": {
        "AVG-PR": 0.03271028037383177,
        "ROC-AUC": 0.49516908212560384,
        "Accuracy": 0.9579439252336449,
        "emission": 3.6117533206483054e-08
    },
    "PLS-DA": {
        "AVG-PR": 0.36149353021841146,
        "ROC-AUC": 0.7584541062801932,
        "Accuracy": 0.9672897196261683,
        "emission": 1.302410528914109e-07
    },
    "DNN": {
        "AVG-PR": 0.11664087405914476,
        "ROC-AUC": 0.7853692201518289,
        "Accuracy": 0.9672897196261683,
        "emission": 2.1445494374702548e-05
    }
}