{
    "Nearest Neighbors": {
        "AVG-PR": 0.2973555619430871,
        "ROC-AUC": 0.6735463029432879,
        "Accuracy": 0.9483568075117371,
        "emission": 1.4792410529686388e-08
    },
    "Linear SVM": {
        "AVG-PR": 0.15878604963112006,
        "ROC-AUC": 0.5996051687006462,
        "Accuracy": 0.9342723004694836,
        "emission": 5.9077567943071256e-09
    },
    "RBF SVM": {
        "AVG-PR": 0.1324614352783367,
        "ROC-AUC": 0.5357142857142857,
        "Accuracy": 0.9389671361502347,
        "emission": 1.8017722090763544e-08
    },
    "Gaussian Process": {
        "AVG-PR": 0.2123574782025486,
        "ROC-AUC": 0.6046302943287868,
        "Accuracy": 0.9436619718309859,
        "emission": 2.4182379903353513e-06
    },
    "Decision Tree": {
        "AVG-PR": 0.23874620270643468,
        "ROC-AUC": 0.7248743718592965,
        "Accuracy": 0.92018779342723,
        "emission": 1.509650406558443e-08
    },
    "Random Forest": {
        "AVG-PR": 0.1324614352783367,
        "ROC-AUC": 0.5357142857142857,
        "Accuracy": 0.9389671361502347,
        "emission": 7.475361744664574e-07
    },
    "AdaBoost": {
        "AVG-PR": 0.1898054996646546,
        "ROC-AUC": 0.6328068916008615,
        "Accuracy": 0.9342723004694836,
        "emission": 1.1901436097625415e-07
    },
    "Naive Bayes": {
        "AVG-PR": 0.09092941487307685,
        "ROC-AUC": 0.6335247666905959,
        "Accuracy": 0.5633802816901409,
        "emission": 4.715835314779114e-09
    },
    "QDA": {
        "AVG-PR": 0.06572769953051644,
        "ROC-AUC": 0.5,
        "Accuracy": 0.9342723004694836,
        "emission": 1.9572535880194797e-08
    },
    "PLS-DA": {
        "AVG-PR": 0.3584804267421046,
        "ROC-AUC": 0.7950466618808327,
        "Accuracy": 0.9342723004694836,
        "emission": 1.286287130887235e-07
    },
    "DNN": {
        "AVG-PR": 0.3809335394252202,
        "ROC-AUC": 0.7950466618808327,
        "Accuracy": 0.9342723004694836,
        "emission": 2.010447129532761e-05
    }
}