{
    "Nearest Neighbors": {
        "AVG-PR": 0.2516688918558077,
        "ROC-AUC": 0.6992857142857143,
        "Accuracy": 0.9345794392523364,
        "emission": 1.5215394395727458e-08
    },
    "Linear SVM": {
        "AVG-PR": 0.18958611481975968,
        "ROC-AUC": 0.6328571428571428,
        "Accuracy": 0.9345794392523364,
        "emission": 7.795714743150744e-09
    },
    "RBF SVM": {
        "AVG-PR": 0.13217623497997327,
        "ROC-AUC": 0.5357142857142857,
        "Accuracy": 0.9392523364485982,
        "emission": 2.1107109430564426e-08
    },
    "Gaussian Process": {
        "AVG-PR": 0.06542056074766354,
        "ROC-AUC": 0.5,
        "Accuracy": 0.9345794392523364,
        "emission": 1.7996776535144658e-06
    },
    "Decision Tree": {
        "AVG-PR": 0.301941049604601,
        "ROC-AUC": 0.735,
        "Accuracy": 0.9392523364485982,
        "emission": 1.1989786788680664e-08
    },
    "Random Forest": {
        "AVG-PR": 0.13217623497997327,
        "ROC-AUC": 0.5357142857142857,
        "Accuracy": 0.9392523364485982,
        "emission": 8.490225872585667e-07
    },
    "AdaBoost": {
        "AVG-PR": 0.20439373710401748,
        "ROC-AUC": 0.6635714285714286,
        "Accuracy": 0.9299065420560748,
        "emission": 1.174707745416128e-07
    },
    "Naive Bayes": {
        "AVG-PR": 0.0995713583022978,
        "ROC-AUC": 0.6735714285714286,
        "Accuracy": 0.514018691588785,
        "emission": 5.044717239099319e-09
    },
    "QDA": {
        "AVG-PR": 0.06542056074766354,
        "ROC-AUC": 0.4925,
        "Accuracy": 0.9205607476635514,
        "emission": 2.1321631208690636e-08
    },
    "PLS-DA": {
        "AVG-PR": 0.4445350037067546,
        "ROC-AUC": 0.8864285714285713,
        "Accuracy": 0.9299065420560748,
        "emission": 1.259564882059252e-07
    },
    "DNN": {
        "AVG-PR": 0.525629075983767,
        "ROC-AUC": 0.9546428571428571,
        "Accuracy": 0.9299065420560748,
        "emission": 2.059689251479157e-05
    }
}