{
    "Nearest Neighbors": {
        "AVG-PR": 0.33994994275368107,
        "ROC-AUC": 0.7271736977619331,
        "Accuracy": 0.883177570093458,
        "emission": 1.400682881285257e-08
    },
    "Linear SVM": {
        "AVG-PR": 0.28411214953271025,
        "ROC-AUC": 0.6506238859180036,
        "Accuracy": 0.8878504672897196,
        "emission": 6.918999051109463e-09
    },
    "RBF SVM": {
        "AVG-PR": 0.1261682242990654,
        "ROC-AUC": 0.5,
        "Accuracy": 0.8738317757009346,
        "emission": 1.9818375781989647e-08
    },
    "Gaussian Process": {
        "AVG-PR": 0.1261682242990654,
        "ROC-AUC": 0.5,
        "Accuracy": 0.8738317757009346,
        "emission": 1.044019322962658e-06
    },
    "Decision Tree": {
        "AVG-PR": 0.3367601246105919,
        "ROC-AUC": 0.7008318478906714,
        "Accuracy": 0.8925233644859814,
        "emission": 1.0551794736134882e-08
    },
    "Random Forest": {
        "AVG-PR": 0.1261682242990654,
        "ROC-AUC": 0.5,
        "Accuracy": 0.8738317757009346,
        "emission": 7.524396870499766e-07
    },
    "AdaBoost": {
        "AVG-PR": 0.2145469321414059,
        "ROC-AUC": 0.6292335115864527,
        "Accuracy": 0.8504672897196262,
        "emission": 1.24913807896474e-07
    },
    "Naive Bayes": {
        "AVG-PR": 0.15370287955957737,
        "ROC-AUC": 0.6018023370964547,
        "Accuracy": 0.3317757009345794,
        "emission": 3.8895362954495776e-09
    },
    "QDA": {
        "AVG-PR": 0.1261682242990654,
        "ROC-AUC": 0.4946524064171123,
        "Accuracy": 0.8644859813084113,
        "emission": 1.835125525746418e-08
    },
    "PLS-DA": {
        "AVG-PR": 0.5488788340201116,
        "ROC-AUC": 0.8417508417508416,
        "Accuracy": 0.897196261682243,
        "emission": 1.2608815924441269e-07
    },
    "DNN": {
        "AVG-PR": 0.6214787843848822,
        "ROC-AUC": 0.8837393543275895,
        "Accuracy": 0.9018691588785047,
        "emission": 2.049521674335368e-05
    }
}