{
    "Nearest Neighbors": {
        "AVG-PR": 0.3422535211267606,
        "ROC-AUC": 0.694949494949495,
        "Accuracy": 0.9483568075117371,
        "emission": 1.511132739408384e-08
    },
    "Linear SVM": {
        "AVG-PR": 0.1323943661971831,
        "ROC-AUC": 0.5333333333333333,
        "Accuracy": 0.9342723004694836,
        "emission": 6.476305084578891e-09
    },
    "RBF SVM": {
        "AVG-PR": 0.07042253521126761,
        "ROC-AUC": 0.5,
        "Accuracy": 0.9295774647887324,
        "emission": 1.9738859276187312e-08
    },
    "Gaussian Process": {
        "AVG-PR": 0.1323943661971831,
        "ROC-AUC": 0.5333333333333333,
        "Accuracy": 0.9342723004694836,
        "emission": 4.14099290712685e-06
    },
    "Decision Tree": {
        "AVG-PR": 0.15805946791862285,
        "ROC-AUC": 0.6414141414141414,
        "Accuracy": 0.9061032863849765,
        "emission": 1.0520591801959724e-08
    },
    "Random Forest": {
        "AVG-PR": 0.1323943661971831,
        "ROC-AUC": 0.5333333333333333,
        "Accuracy": 0.9342723004694836,
        "emission": 7.344618333306495e-07
    },
    "AdaBoost": {
        "AVG-PR": 0.2136150234741784,
        "ROC-AUC": 0.654040404040404,
        "Accuracy": 0.9295774647887324,
        "emission": 1.1352224474982832e-07
    },
    "Naive Bayes": {
        "AVG-PR": 0.08535327189474294,
        "ROC-AUC": 0.592929292929293,
        "Accuracy": 0.3004694835680751,
        "emission": 5.233705752147562e-09
    },
    "QDA": {
        "AVG-PR": 0.07042253521126761,
        "ROC-AUC": 0.4898989898989899,
        "Accuracy": 0.9107981220657277,
        "emission": 1.861462068317796e-08
    },
    "PLS-DA": {
        "AVG-PR": 0.38582942785935864,
        "ROC-AUC": 0.8161616161616161,
        "Accuracy": 0.9295774647887324,
        "emission": 1.0689841136472955e-07
    },
    "DNN": {
        "AVG-PR": 0.5950200900018318,
        "ROC-AUC": 0.8252525252525252,
        "Accuracy": 0.9530516431924883,
        "emission": 2.0291447447992665e-05
    }
}