{
    "Nearest Neighbors": {
        "AVG-PR": 0.11618521665250636,
        "ROC-AUC": 0.5298295454545454,
        "Accuracy": 0.8785046728971962,
        "emission": 2.841465220825699e-08
    },
    "Linear SVM": {
        "AVG-PR": 0.11328235627301048,
        "ROC-AUC": 0.5175189393939394,
        "Accuracy": 0.8925233644859814,
        "emission": 9.79913644422175e-09
    },
    "RBF SVM": {
        "AVG-PR": 0.102803738317757,
        "ROC-AUC": 0.5,
        "Accuracy": 0.897196261682243,
        "emission": 1.8424775906584008e-08
    },
    "Gaussian Process": {
        "AVG-PR": 0.102803738317757,
        "ROC-AUC": 0.5,
        "Accuracy": 0.897196261682243,
        "emission": 1.6955172375084873e-06
    },
    "Decision Tree": {
        "AVG-PR": 0.11284921785196661,
        "ROC-AUC": 0.5317234848484849,
        "Accuracy": 0.8457943925233645,
        "emission": 1.0673109102096897e-08
    },
    "Random Forest": {
        "AVG-PR": 0.102803738317757,
        "ROC-AUC": 0.5,
        "Accuracy": 0.897196261682243,
        "emission": 7.537746569958635e-07
    },
    "AdaBoost": {
        "AVG-PR": 0.12597512937360006,
        "ROC-AUC": 0.5473484848484848,
        "Accuracy": 0.8738317757009346,
        "emission": 1.1285472492245112e-07
    },
    "Naive Bayes": {
        "AVG-PR": 0.11468796096971087,
        "ROC-AUC": 0.5568181818181819,
        "Accuracy": 0.3130841121495327,
        "emission": 4.229801484853698e-09
    },
    "QDA": {
        "AVG-PR": 0.102803738317757,
        "ROC-AUC": 0.4921875,
        "Accuracy": 0.883177570093458,
        "emission": 2.0392894331016673e-08
    },
    "PLS-DA": {
        "AVG-PR": 0.27743775351944117,
        "ROC-AUC": 0.6924715909090909,
        "Accuracy": 0.8925233644859814,
        "emission": 1.3007271534888525e-07
    },
    "DNN": {
        "AVG-PR": 0.3657923442187971,
        "ROC-AUC": 0.7698863636363636,
        "Accuracy": 0.8878504672897196,
        "emission": 2.0174988571785694e-05
    }
}