{
    "Nearest Neighbors": {
        "AVG-PR": 0.1456300708637157,
        "ROC-AUC": 0.6054343666283964,
        "Accuracy": 0.9345794392523364,
        "emission": 1.3617236549403347e-08
    },
    "Linear SVM": {
        "AVG-PR": 0.2198058950395399,
        "ROC-AUC": 0.6128970531955608,
        "Accuracy": 0.9485981308411215,
        "emission": 5.1838579413833345e-09
    },
    "RBF SVM": {
        "AVG-PR": 0.06074766355140187,
        "ROC-AUC": 0.5,
        "Accuracy": 0.9392523364485982,
        "emission": 1.9213450411685606e-08
    },
    "Gaussian Process": {
        "AVG-PR": 0.06074766355140187,
        "ROC-AUC": 0.5,
        "Accuracy": 0.9392523364485982,
        "emission": 9.795041025218612e-07
    },
    "Decision Tree": {
        "AVG-PR": 0.10442127965492451,
        "ROC-AUC": 0.5929965556831228,
        "Accuracy": 0.9112149532710281,
        "emission": 1.2456566984121108e-08
    },
    "Random Forest": {
        "AVG-PR": 0.2774982027318476,
        "ROC-AUC": 0.6153846153846154,
        "Accuracy": 0.9532710280373832,
        "emission": 7.358398628357471e-07
    },
    "AdaBoost": {
        "AVG-PR": 0.08986340762041697,
        "ROC-AUC": 0.5619977037887485,
        "Accuracy": 0.9205607476635514,
        "emission": 1.1507725875391442e-07
    },
    "Naive Bayes": {
        "AVG-PR": 0.056854805185913335,
        "ROC-AUC": 0.46192116341370076,
        "Accuracy": 0.32710280373831774,
        "emission": 4.2082847833750264e-09
    },
    "QDA": {
        "AVG-PR": 0.08171579199616583,
        "ROC-AUC": 0.533486414083429,
        "Accuracy": 0.9345794392523364,
        "emission": 1.8703244131059334e-08
    },
    "PLS-DA": {
        "AVG-PR": 0.35191663821780356,
        "ROC-AUC": 0.7313432835820896,
        "Accuracy": 0.9392523364485982,
        "emission": 1.257375527728547e-07
    },
    "DNN": {
        "AVG-PR": 0.35463143152768595,
        "ROC-AUC": 0.8090317642556449,
        "Accuracy": 0.9485981308411215,
        "emission": 2.0007670460830355e-05
    }
}