{
    "Nearest Neighbors": {
        "AVG-PR": 0.15771028037383178,
        "ROC-AUC": 0.5625,
        "Accuracy": 0.9672897196261683,
        "emission": 1.3917360713944916e-08
    },
    "Linear SVM": {
        "AVG-PR": 0.15771028037383178,
        "ROC-AUC": 0.5625,
        "Accuracy": 0.9672897196261683,
        "emission": 6.23878383403052e-09
    },
    "RBF SVM": {
        "AVG-PR": 0.037383177570093455,
        "ROC-AUC": 0.5,
        "Accuracy": 0.9626168224299065,
        "emission": 1.9166967418816686e-08
    },
    "Gaussian Process": {
        "AVG-PR": 0.15771028037383178,
        "ROC-AUC": 0.5625,
        "Accuracy": 0.9672897196261683,
        "emission": 5.457459039118804e-06
    },
    "Decision Tree": {
        "AVG-PR": 0.07437694704049844,
        "ROC-AUC": 0.5576456310679612,
        "Accuracy": 0.9579439252336449,
        "emission": 1.2041752681205591e-08
    },
    "Random Forest": {
        "AVG-PR": 0.15771028037383178,
        "ROC-AUC": 0.5625,
        "Accuracy": 0.9672897196261683,
        "emission": 7.408549520919192e-07
    },
    "AdaBoost": {
        "AVG-PR": 0.09521028037383178,
        "ROC-AUC": 0.5600728155339806,
        "Accuracy": 0.9626168224299065,
        "emission": 1.1139384370831159e-07
    },
    "Naive Bayes": {
        "AVG-PR": 0.08311628619580205,
        "ROC-AUC": 0.7415048543689321,
        "Accuracy": 0.7336448598130841,
        "emission": 4.8722104571730015e-09
    },
    "QDA": {
        "AVG-PR": 0.037383177570093455,
        "ROC-AUC": 0.4878640776699029,
        "Accuracy": 0.9392523364485982,
        "emission": 1.7926378677939045e-08
    },
    "PLS-DA": {
        "AVG-PR": 0.2762815045508783,
        "ROC-AUC": 0.7936893203883495,
        "Accuracy": 0.9626168224299065,
        "emission": 8.733080509286513e-08
    },
    "DNN": {
        "AVG-PR": 0.2801279583783019,
        "ROC-AUC": 0.8968446601941746,
        "Accuracy": 0.9672897196261683,
        "emission": 1.970905778225777e-05
    }
}