{
    "Nearest Neighbors": {
        "AVG-PR": 0.11339563862928348,
        "ROC-AUC": 0.5759075907590759,
        "Accuracy": 0.9392523364485982,
        "emission": 1.2812141340889776e-08
    },
    "Linear SVM": {
        "AVG-PR": 0.15784008307372793,
        "ROC-AUC": 0.5808580858085809,
        "Accuracy": 0.9485981308411215,
        "emission": 4.804680100662409e-09
    },
    "RBF SVM": {
        "AVG-PR": 0.056074766355140186,
        "ROC-AUC": 0.5,
        "Accuracy": 0.9439252336448598,
        "emission": 1.6786315377754324e-08
    },
    "Gaussian Process": {
        "AVG-PR": 0.056074766355140186,
        "ROC-AUC": 0.5,
        "Accuracy": 0.9439252336448598,
        "emission": 1.2680157957020046e-06
    },
    "Decision Tree": {
        "AVG-PR": 0.15859529878221468,
        "ROC-AUC": 0.6493399339933993,
        "Accuracy": 0.9299065420560748,
        "emission": 1.0016433311876291e-08
    },
    "Random Forest": {
        "AVG-PR": 0.056074766355140186,
        "ROC-AUC": 0.5,
        "Accuracy": 0.9439252336448598,
        "emission": 7.420511858436241e-07
    },
    "AdaBoost": {
        "AVG-PR": 0.11339563862928348,
        "ROC-AUC": 0.5759075907590759,
        "Accuracy": 0.9392523364485982,
        "emission": 1.1247115590638387e-07
    },
    "Naive Bayes": {
        "AVG-PR": 0.05633926997002292,
        "ROC-AUC": 0.5024752475247525,
        "Accuracy": 0.5046728971962616,
        "emission": 3.758988550233962e-09
    },
    "QDA": {
        "AVG-PR": 0.056074766355140186,
        "ROC-AUC": 0.49504950495049505,
        "Accuracy": 0.9345794392523364,
        "emission": 1.775413678704877e-08
    },
    "PLS-DA": {
        "AVG-PR": 0.2665267514071948,
        "ROC-AUC": 0.6716171617161716,
        "Accuracy": 0.9485981308411215,
        "emission": 1.28649950644646e-07
    },
    "DNN": {
        "AVG-PR": 0.31664839154945157,
        "ROC-AUC": 0.6662541254125413,
        "Accuracy": 0.9439252336448598,
        "emission": 1.9851363889160764e-05
    }
}