{
    "Nearest Neighbors": {
        "AVG-PR": 0.2550066755674232,
        "ROC-AUC": 0.6085164835164835,
        "Accuracy": 0.8598130841121495,
        "emission": 1.725542516675753e-08
    },
    "Linear SVM": {
        "AVG-PR": 0.21214953271028036,
        "ROC-AUC": 0.592032967032967,
        "Accuracy": 0.8317757009345794,
        "emission": 7.609046414594168e-09
    },
    "RBF SVM": {
        "AVG-PR": 0.14953271028037382,
        "ROC-AUC": 0.5,
        "Accuracy": 0.8504672897196262,
        "emission": 1.8000498902847464e-08
    },
    "Gaussian Process": {
        "AVG-PR": 0.20689595931830673,
        "ROC-AUC": 0.5819024725274725,
        "Accuracy": 0.8364485981308412,
        "emission": 2.6572365706789147e-06
    },
    "Decision Tree": {
        "AVG-PR": 0.1750667556742323,
        "ROC-AUC": 0.5525412087912088,
        "Accuracy": 0.8084112149532711,
        "emission": 1.0058508845884236e-08
    },
    "Random Forest": {
        "AVG-PR": 0.14953271028037382,
        "ROC-AUC": 0.5,
        "Accuracy": 0.8504672897196262,
        "emission": 7.635525080243658e-07
    },
    "AdaBoost": {
        "AVG-PR": 0.25417222963951935,
        "ROC-AUC": 0.6435439560439561,
        "Accuracy": 0.8317757009345794,
        "emission": 1.1720959142451289e-07
    },
    "Naive Bayes": {
        "AVG-PR": 0.16419726301735646,
        "ROC-AUC": 0.5520260989010989,
        "Accuracy": 0.3037383177570093,
        "emission": 3.838981238591192e-09
    },
    "QDA": {
        "AVG-PR": 0.15267231308411214,
        "ROC-AUC": 0.5073832417582418,
        "Accuracy": 0.8411214953271028,
        "emission": 1.935408808537569e-08
    },
    "PLS-DA": {
        "AVG-PR": 0.3681504452701826,
        "ROC-AUC": 0.7560096153846154,
        "Accuracy": 0.8457943925233645,
        "emission": 1.1234324692491906e-07
    },
    "DNN": {
        "AVG-PR": 0.14350983749737037,
        "ROC-AUC": 0.3662431318681319,
        "Accuracy": 0.8504672897196262,
        "emission": 1.989097725025971e-05
    }
}