{
    "Nearest Neighbors": {
        "AVG-PR": 0.21947345916559768,
        "ROC-AUC": 0.6369065392654524,
        "Accuracy": 0.9252336448598131,
        "emission": 1.3634597057997003e-08
    },
    "Linear SVM": {
        "AVG-PR": 0.2631665750412314,
        "ROC-AUC": 0.6663183039713348,
        "Accuracy": 0.9299065420560748,
        "emission": 8.493341149260634e-09
    },
    "RBF SVM": {
        "AVG-PR": 0.10417811984606926,
        "ROC-AUC": 0.5268736936398924,
        "Accuracy": 0.9205607476635514,
        "emission": 1.79497257511556e-08
    },
    "Gaussian Process": {
        "AVG-PR": 0.0794392523364486,
        "ROC-AUC": 0.5,
        "Accuracy": 0.9205607476635514,
        "emission": 1.7840076744085832e-06
    },
    "Decision Tree": {
        "AVG-PR": 0.12797455430770438,
        "ROC-AUC": 0.592266348163631,
        "Accuracy": 0.8925233644859814,
        "emission": 1.2512644302211904e-08
    },
    "Random Forest": {
        "AVG-PR": 0.0794392523364486,
        "ROC-AUC": 0.5,
        "Accuracy": 0.9205607476635514,
        "emission": 7.613429816553315e-07
    },
    "AdaBoost": {
        "AVG-PR": 0.3161077515118197,
        "ROC-AUC": 0.6713944461033144,
        "Accuracy": 0.9392523364485982,
        "emission": 1.207743149073632e-07
    },
    "Naive Bayes": {
        "AVG-PR": 0.0832446827499054,
        "ROC-AUC": 0.524484920871902,
        "Accuracy": 0.32242990654205606,
        "emission": 6.227297323230153e-09
    },
    "QDA": {
        "AVG-PR": 0.0794392523364486,
        "ROC-AUC": 0.49746192893401014,
        "Accuracy": 0.9158878504672897,
        "emission": 1.8134663161668426e-08
    },
    "PLS-DA": {
        "AVG-PR": 0.28876049394668607,
        "ROC-AUC": 0.7246939384891012,
        "Accuracy": 0.9252336448598131,
        "emission": 1.3152536914323218e-07
    },
    "DNN": {
        "AVG-PR": 0.4545565742239846,
        "ROC-AUC": 0.7882950134368468,
        "Accuracy": 0.9345794392523364,
        "emission": 2.0683440268417963e-05
    }
}