{
    "Nearest Neighbors": {
        "AVG-PR": 0.17648840429214263,
        "ROC-AUC": 0.6210317460317459,
        "Accuracy": 0.9065420560747663,
        "emission": 1.7004667725326405e-08
    },
    "Linear SVM": {
        "AVG-PR": 0.15430944963655244,
        "ROC-AUC": 0.5958049886621315,
        "Accuracy": 0.9065420560747663,
        "emission": 6.7670068022957935e-09
    },
    "RBF SVM": {
        "AVG-PR": 0.08411214953271028,
        "ROC-AUC": 0.5,
        "Accuracy": 0.9158878504672897,
        "emission": 1.7821431005416365e-08
    },
    "Gaussian Process": {
        "AVG-PR": 0.08411214953271028,
        "ROC-AUC": 0.5,
        "Accuracy": 0.9158878504672897,
        "emission": 1.199052910179034e-06
    },
    "Decision Tree": {
        "AVG-PR": 0.1338470787560802,
        "ROC-AUC": 0.6031746031746031,
        "Accuracy": 0.8738317757009346,
        "emission": 1.1761583967642626e-08
    },
    "Random Forest": {
        "AVG-PR": 0.08411214953271028,
        "ROC-AUC": 0.5,
        "Accuracy": 0.9158878504672897,
        "emission": 7.643362025110851e-07
    },
    "AdaBoost": {
        "AVG-PR": 0.20992092020129405,
        "ROC-AUC": 0.6488095238095237,
        "Accuracy": 0.9112149532710281,
        "emission": 1.1734010934602371e-07
    },
    "Naive Bayes": {
        "AVG-PR": 0.12133179614230463,
        "ROC-AUC": 0.661281179138322,
        "Accuracy": 0.4719626168224299,
        "emission": 3.82772126484993e-09
    },
    "QDA": {
        "AVG-PR": 0.08411214953271028,
        "ROC-AUC": 0.4846938775510204,
        "Accuracy": 0.8878504672897196,
        "emission": 1.844376794620742e-08
    },
    "PLS-DA": {
        "AVG-PR": 0.35335121354799975,
        "ROC-AUC": 0.7865646258503403,
        "Accuracy": 0.9205607476635514,
        "emission": 1.3159883115676852e-07
    },
    "DNN": {
        "AVG-PR": 0.40166258841208125,
        "ROC-AUC": 0.8276643990929705,
        "Accuracy": 0.9112149532710281,
        "emission": 2.0515901916523477e-05
    }
}