{
    "Nearest Neighbors": {
        "AVG-PR": 0.1037069033220765,
        "ROC-AUC": 0.5461331740818155,
        "Accuracy": 0.9065420560747663,
        "emission": 1.4862062806371778e-08
    },
    "Linear SVM": {
        "AVG-PR": 0.10417811984606926,
        "ROC-AUC": 0.5268736936398924,
        "Accuracy": 0.9205607476635514,
        "emission": 5.720439225741338e-09
    },
    "RBF SVM": {
        "AVG-PR": 0.0794392523364486,
        "ROC-AUC": 0.5,
        "Accuracy": 0.9205607476635514,
        "emission": 1.7630928836107825e-08
    },
    "Gaussian Process": {
        "AVG-PR": 0.0794392523364486,
        "ROC-AUC": 0.5,
        "Accuracy": 0.9205607476635514,
        "emission": 2.102418340792727e-06
    },
    "Decision Tree": {
        "AVG-PR": 0.12797455430770438,
        "ROC-AUC": 0.592266348163631,
        "Accuracy": 0.8925233644859814,
        "emission": 1.5410950851968313e-08
    },
    "Random Forest": {
        "AVG-PR": 0.13358988455195162,
        "ROC-AUC": 0.5294117647058824,
        "Accuracy": 0.9252336448598131,
        "emission": 8.154015423340761e-07
    },
    "AdaBoost": {
        "AVG-PR": 0.11715228147333699,
        "ROC-AUC": 0.5512093162137952,
        "Accuracy": 0.9158878504672897,
        "emission": 1.182762075767723e-07
    },
    "Naive Bayes": {
        "AVG-PR": 0.07384561562681409,
        "ROC-AUC": 0.4565541952821738,
        "Accuracy": 0.34579439252336447,
        "emission": 5.17816631410348e-09
    },
    "QDA": {
        "AVG-PR": 0.0794392523364486,
        "ROC-AUC": 0.49238578680203043,
        "Accuracy": 0.9065420560747663,
        "emission": 1.9360514606596356e-08
    },
    "PLS-DA": {
        "AVG-PR": 0.2747159174375052,
        "ROC-AUC": 0.6563153180053748,
        "Accuracy": 0.9205607476635514,
        "emission": 1.0468397429348875e-07
    },
    "DNN": {
        "AVG-PR": 0.31379398739246556,
        "ROC-AUC": 0.7255897282770976,
        "Accuracy": 0.9205607476635514,
        "emission": 2.2011087478395773e-05
    }
}