{
    "Nearest Neighbors": {
        "AVG-PR": 0.08878504672897196,
        "ROC-AUC": 0.5,
        "Accuracy": 0.9112149532710281,
        "emission": 1.512748560819189e-08
    },
    "Linear SVM": {
        "AVG-PR": 0.08878504672897196,
        "ROC-AUC": 0.49743589743589745,
        "Accuracy": 0.9065420560747663,
        "emission": 5.79952218932513e-09
    },
    "RBF SVM": {
        "AVG-PR": 0.1367437284800787,
        "ROC-AUC": 0.5263157894736842,
        "Accuracy": 0.9158878504672897,
        "emission": 1.9788606472654148e-08
    },
    "Gaussian Process": {
        "AVG-PR": 0.08878504672897196,
        "ROC-AUC": 0.5,
        "Accuracy": 0.9112149532710281,
        "emission": 1.2738864729577273e-06
    },
    "Decision Tree": {
        "AVG-PR": 0.09463846532218397,
        "ROC-AUC": 0.516059379217274,
        "Accuracy": 0.897196261682243,
        "emission": 1.3337210153084402e-08
    },
    "Random Forest": {
        "AVG-PR": 0.08878504672897196,
        "ROC-AUC": 0.5,
        "Accuracy": 0.9112149532710281,
        "emission": 8.087257126087372e-07
    },
    "AdaBoost": {
        "AVG-PR": 0.09288407935727168,
        "ROC-AUC": 0.5134952766531713,
        "Accuracy": 0.8925233644859814,
        "emission": 1.3143628871101235e-07
    },
    "Naive Bayes": {
        "AVG-PR": 0.10267652696032702,
        "ROC-AUC": 0.5736842105263158,
        "Accuracy": 0.26635514018691586,
        "emission": 4.274516121482931e-09
    },
    "QDA": {
        "AVG-PR": 0.08878504672897196,
        "ROC-AUC": 0.4948717948717949,
        "Accuracy": 0.9018691588785047,
        "emission": 2.6517369554622778e-08
    },
    "PLS-DA": {
        "AVG-PR": 0.16046415598996144,
        "ROC-AUC": 0.617004048582996,
        "Accuracy": 0.9018691588785047,
        "emission": 1.3768687608861133e-07
    },
    "DNN": {
        "AVG-PR": 0.18433000207252165,
        "ROC-AUC": 0.6701754385964913,
        "Accuracy": 0.9018691588785047,
        "emission": 2.184339148157431e-05
    }
}