{
    "Nearest Neighbors": {
        "AVG-PR": 0.2176104086494411,
        "ROC-AUC": 0.6125709166915497,
        "Accuracy": 0.9299065420560748,
        "emission": 1.3764170405220648e-08
    },
    "Linear SVM": {
        "AVG-PR": 0.09437419827744181,
        "ROC-AUC": 0.5243356225739026,
        "Accuracy": 0.9158878504672897,
        "emission": 7.618612908720986e-09
    },
    "RBF SVM": {
        "AVG-PR": 0.0794392523364486,
        "ROC-AUC": 0.5,
        "Accuracy": 0.9205607476635514,
        "emission": 2.1067928269009317e-08
    },
    "Gaussian Process": {
        "AVG-PR": 0.0794392523364486,
        "ROC-AUC": 0.5,
        "Accuracy": 0.9205607476635514,
        "emission": 1.8276296228628394e-06
    },
    "Decision Tree": {
        "AVG-PR": 0.0801139487230746,
        "ROC-AUC": 0.5040310540459838,
        "Accuracy": 0.8785046728971962,
        "emission": 1.1136308463508378e-08
    },
    "Random Forest": {
        "AVG-PR": 0.0794392523364486,
        "ROC-AUC": 0.5,
        "Accuracy": 0.9205607476635514,
        "emission": 7.952668527885695e-07
    },
    "AdaBoost": {
        "AVG-PR": 0.14105081284850388,
        "ROC-AUC": 0.5780830098536878,
        "Accuracy": 0.9158878504672897,
        "emission": 1.1991241468599996e-07
    },
    "Naive Bayes": {
        "AVG-PR": 0.08178233587988853,
        "ROC-AUC": 0.5153777246939385,
        "Accuracy": 0.35514018691588783,
        "emission": 4.407156441438364e-09
    },
    "QDA": {
        "AVG-PR": 0.0794392523364486,
        "ROC-AUC": 0.49238578680203043,
        "Accuracy": 0.9065420560747663,
        "emission": 1.956021135199853e-08
    },
    "PLS-DA": {
        "AVG-PR": 0.12707252402371727,
        "ROC-AUC": 0.563750373245745,
        "Accuracy": 0.9205607476635514,
        "emission": 1.4382612136243835e-07
    },
    "DNN": {
        "AVG-PR": 0.27107549111426,
        "ROC-AUC": 0.6906539265452374,
        "Accuracy": 0.9205607476635514,
        "emission": 2.105855572817977e-05
    }
}