{
    "Nearest Neighbors": {
        "AVG-PR": 0.10678435444790585,
        "ROC-AUC": 0.6013550135501355,
        "Accuracy": 0.9485981308411215,
        "emission": 1.3171171197693092e-08
    },
    "Linear SVM": {
        "AVG-PR": 0.04205607476635514,
        "ROC-AUC": 0.4951219512195122,
        "Accuracy": 0.9485981308411215,
        "emission": 4.477804810348707e-09
    },
    "RBF SVM": {
        "AVG-PR": 0.04205607476635514,
        "ROC-AUC": 0.5,
        "Accuracy": 0.9579439252336449,
        "emission": 1.7716336996743902e-08
    },
    "Gaussian Process": {
        "AVG-PR": 0.04205607476635514,
        "ROC-AUC": 0.4951219512195122,
        "Accuracy": 0.9485981308411215,
        "emission": 4.6627476665382905e-06
    },
    "Decision Tree": {
        "AVG-PR": 0.0744202146071305,
        "ROC-AUC": 0.5506775067750678,
        "Accuracy": 0.9532710280373832,
        "emission": 1.0681634523591405e-08
    },
    "Random Forest": {
        "AVG-PR": 0.04205607476635514,
        "ROC-AUC": 0.5,
        "Accuracy": 0.9579439252336449,
        "emission": 7.725830242727685e-07
    },
    "AdaBoost": {
        "AVG-PR": 0.04205607476635514,
        "ROC-AUC": 0.4951219512195122,
        "Accuracy": 0.9485981308411215,
        "emission": 1.1771282191841995e-07
    },
    "Naive Bayes": {
        "AVG-PR": 0.04196953963309103,
        "ROC-AUC": 0.49891598915989166,
        "Accuracy": 0.7523364485981309,
        "emission": 4.392268944478672e-09
    },
    "QDA": {
        "AVG-PR": 0.04205607476635514,
        "ROC-AUC": 0.4878048780487805,
        "Accuracy": 0.9345794392523364,
        "emission": 1.8656355614314648e-08
    },
    "PLS-DA": {
        "AVG-PR": 0.10827992882041511,
        "ROC-AUC": 0.6466124661246612,
        "Accuracy": 0.9579439252336449,
        "emission": 1.0073313745966824e-07
    },
    "DNN": {
        "AVG-PR": 0.15937324750688803,
        "ROC-AUC": 0.7317073170731707,
        "Accuracy": 0.9485981308411215,
        "emission": 2.0936996259329673e-05
    }
}