{
    "Nearest Neighbors": {
        "AVG-PR": 0.14205607476635515,
        "ROC-AUC": 0.55,
        "Accuracy": 0.9579439252336449,
        "emission": 1.532512486654346e-08
    },
    "Linear SVM": {
        "AVG-PR": 0.14205607476635515,
        "ROC-AUC": 0.55,
        "Accuracy": 0.9579439252336449,
        "emission": 7.295952246690984e-09
    },
    "RBF SVM": {
        "AVG-PR": 0.04672897196261682,
        "ROC-AUC": 0.5,
        "Accuracy": 0.9532710280373832,
        "emission": 2.0601866140311406e-08
    },
    "Gaussian Process": {
        "AVG-PR": 0.04672897196261682,
        "ROC-AUC": 0.5,
        "Accuracy": 0.9532710280373832,
        "emission": 2.3607374882172815e-06
    },
    "Decision Tree": {
        "AVG-PR": 0.06205607476635514,
        "ROC-AUC": 0.5401960784313725,
        "Accuracy": 0.9392523364485982,
        "emission": 1.2390847596320654e-08
    },
    "Random Forest": {
        "AVG-PR": 0.04672897196261682,
        "ROC-AUC": 0.5,
        "Accuracy": 0.9532710280373832,
        "emission": 7.771157216963463e-07
    },
    "AdaBoost": {
        "AVG-PR": 0.23738317757009347,
        "ROC-AUC": 0.6,
        "Accuracy": 0.9626168224299065,
        "emission": 1.1924474874977712e-07
    },
    "Naive Bayes": {
        "AVG-PR": 0.04499725123694337,
        "ROC-AUC": 0.4691176470588236,
        "Accuracy": 0.8037383177570093,
        "emission": 5.825456308615059e-09
    },
    "QDA": {
        "AVG-PR": 0.04672897196261682,
        "ROC-AUC": 0.49754901960784315,
        "Accuracy": 0.9485981308411215,
        "emission": 1.9635835531349513e-08
    },
    "PLS-DA": {
        "AVG-PR": 0.20769500056357623,
        "ROC-AUC": 0.6534313725490196,
        "Accuracy": 0.9532710280373832,
        "emission": 1.335745039877029e-07
    },
    "DNN": {
        "AVG-PR": 0.21783442595723845,
        "ROC-AUC": 0.6666666666666666,
        "Accuracy": 0.9579439252336449,
        "emission": 2.0884442040509484e-05
    }
}