{
    "Nearest Neighbors": {
        "AVG-PR": 0.1710261569416499,
        "ROC-AUC": 0.5714285714285714,
        "Accuracy": 0.971830985915493,
        "emission": 2.5895694686044632e-08
    },
    "Linear SVM": {
        "AVG-PR": 0.1710261569416499,
        "ROC-AUC": 0.5714285714285714,
        "Accuracy": 0.971830985915493,
        "emission": 5.388298854349283e-09
    },
    "RBF SVM": {
        "AVG-PR": 0.03286384976525822,
        "ROC-AUC": 0.5,
        "Accuracy": 0.9671361502347418,
        "emission": 1.6867668938959407e-08
    },
    "Gaussian Process": {
        "AVG-PR": 0.03286384976525822,
        "ROC-AUC": 0.5,
        "Accuracy": 0.9671361502347418,
        "emission": 1.0900471778489344e-06
    },
    "Decision Tree": {
        "AVG-PR": 0.03286384976525822,
        "ROC-AUC": 0.49514563106796117,
        "Accuracy": 0.9577464788732394,
        "emission": 1.2641971140290142e-08
    },
    "Random Forest": {
        "AVG-PR": 0.03286384976525822,
        "ROC-AUC": 0.5,
        "Accuracy": 0.9671361502347418,
        "emission": 7.677891327294605e-07
    },
    "AdaBoost": {
        "AVG-PR": 0.03286384976525822,
        "ROC-AUC": 0.49514563106796117,
        "Accuracy": 0.9577464788732394,
        "emission": 1.1862791807054155e-07
    },
    "Naive Bayes": {
        "AVG-PR": 0.0501382277404263,
        "ROC-AUC": 0.6220527045769764,
        "Accuracy": 0.8028169014084507,
        "emission": 4.2272852611594195e-09
    },
    "QDA": {
        "AVG-PR": 0.03286384976525822,
        "ROC-AUC": 0.49029126213592233,
        "Accuracy": 0.9483568075117371,
        "emission": 1.9732768899503986e-08
    },
    "PLS-DA": {
        "AVG-PR": 0.14673879362972211,
        "ROC-AUC": 0.658113730929265,
        "Accuracy": 0.9671361502347418,
        "emission": 1.3040391955288578e-07
    },
    "DNN": {
        "AVG-PR": 0.25249588353799207,
        "ROC-AUC": 0.6581137309292648,
        "Accuracy": 0.9671361502347418,
        "emission": 2.0408409046144828e-05
    }
}