{
    "Nearest Neighbors": {
        "AVG-PR": 0.25531011045029733,
        "ROC-AUC": 0.7149574563367667,
        "Accuracy": 0.9485981308411215,
        "emission": 1.3919096157199547e-08
    },
    "Linear SVM": {
        "AVG-PR": 0.11478334749362787,
        "ROC-AUC": 0.5835199283475146,
        "Accuracy": 0.9439252336448598,
        "emission": 5.589678115489116e-09
    },
    "RBF SVM": {
        "AVG-PR": 0.0514018691588785,
        "ROC-AUC": 0.5,
        "Accuracy": 0.9485981308411215,
        "emission": 1.8151887606090554e-08
    },
    "Gaussian Process": {
        "AVG-PR": 0.0514018691588785,
        "ROC-AUC": 0.5,
        "Accuracy": 0.9485981308411215,
        "emission": 8.623271795780955e-07
    },
    "Decision Tree": {
        "AVG-PR": 0.12967997734352874,
        "ROC-AUC": 0.6547245857590686,
        "Accuracy": 0.9158878504672897,
        "emission": 1.2270566378013123e-08
    },
    "Random Forest": {
        "AVG-PR": 0.0514018691588785,
        "ROC-AUC": 0.4975369458128079,
        "Accuracy": 0.9439252336448598,
        "emission": 7.606762444773896e-07
    },
    "AdaBoost": {
        "AVG-PR": 0.22790994052676294,
        "ROC-AUC": 0.7480967308553516,
        "Accuracy": 0.9299065420560748,
        "emission": 1.1932741767697427e-07
    },
    "Naive Bayes": {
        "AVG-PR": 0.06323704333050127,
        "ROC-AUC": 0.5891177787729511,
        "Accuracy": 0.5467289719626168,
        "emission": 4.1343050182199546e-09
    },
    "QDA": {
        "AVG-PR": 0.0514018691588785,
        "ROC-AUC": 0.49261083743842365,
        "Accuracy": 0.9345794392523364,
        "emission": 1.9554238021803688e-08
    },
    "PLS-DA": {
        "AVG-PR": 0.20058487112572268,
        "ROC-AUC": 0.7563815494849977,
        "Accuracy": 0.9485981308411215,
        "emission": 1.318626332553276e-07
    },
    "DNN": {
        "AVG-PR": 0.298081564814146,
        "ROC-AUC": 0.7944469323779668,
        "Accuracy": 0.9439252336448598,
        "emission": 2.055023203597181e-05
    }
}