{
    "Nearest Neighbors": {
        "AVG-PR": 0.2235758789497107,
        "ROC-AUC": 0.6112755983222304,
        "Accuracy": 0.9112149532710281,
        "emission": 1.510559511997568e-08
    },
    "Linear SVM": {
        "AVG-PR": 0.10933095979824951,
        "ROC-AUC": 0.5186281766592648,
        "Accuracy": 0.897196261682243,
        "emission": 6.153116647116216e-09
    },
    "RBF SVM": {
        "AVG-PR": 0.14107699154428127,
        "ROC-AUC": 0.5238095238095238,
        "Accuracy": 0.9065420560747663,
        "emission": 1.6954598454509425e-08
    },
    "Gaussian Process": {
        "AVG-PR": 0.09813084112149532,
        "ROC-AUC": 0.5,
        "Accuracy": 0.9018691588785047,
        "emission": 1.0431759394175278e-06
    },
    "Decision Tree": {
        "AVG-PR": 0.11472439443066947,
        "ROC-AUC": 0.5429311621021465,
        "Accuracy": 0.8644859813084113,
        "emission": 1.0544748725533756e-08
    },
    "Random Forest": {
        "AVG-PR": 0.09813084112149532,
        "ROC-AUC": 0.5,
        "Accuracy": 0.9018691588785047,
        "emission": 7.955298738197478e-07
    },
    "AdaBoost": {
        "AVG-PR": 0.19381397418780594,
        "ROC-AUC": 0.6060942511719714,
        "Accuracy": 0.9018691588785047,
        "emission": 1.6122306760112797e-07
    },
    "Naive Bayes": {
        "AVG-PR": 0.11883927331275387,
        "ROC-AUC": 0.5948679990130767,
        "Accuracy": 0.34579439252336447,
        "emission": 6.539201335329134e-09
    },
    "QDA": {
        "AVG-PR": 0.09813084112149532,
        "ROC-AUC": 0.5,
        "Accuracy": 0.9018691588785047,
        "emission": 1.9999356120734707e-08
    },
    "PLS-DA": {
        "AVG-PR": 0.20812433523665513,
        "ROC-AUC": 0.7078707130520603,
        "Accuracy": 0.9018691588785047,
        "emission": 1.2969529865220043e-07
    },
    "DNN": {
        "AVG-PR": 0.36388968930574495,
        "ROC-AUC": 0.8662718973599802,
        "Accuracy": 0.8878504672897196,
        "emission": 2.050064993271266e-05
    }
}