{
    "Nearest Neighbors": {
        "AVG-PR": 0.3060747663551402,
        "ROC-AUC": 0.625,
        "Accuracy": 0.9439252336448598,
        "emission": 2.324577220304776e-08
    },
    "Linear SVM": {
        "AVG-PR": 0.3639018691588785,
        "ROC-AUC": 0.65625,
        "Accuracy": 0.9485981308411215,
        "emission": 6.6642057245616695e-09
    },
    "RBF SVM": {
        "AVG-PR": 0.07476635514018691,
        "ROC-AUC": 0.5,
        "Accuracy": 0.9252336448598131,
        "emission": 1.714245760622704e-08
    },
    "Gaussian Process": {
        "AVG-PR": 0.07476635514018691,
        "ROC-AUC": 0.5,
        "Accuracy": 0.9252336448598131,
        "emission": 2.107159135073429e-06
    },
    "Decision Tree": {
        "AVG-PR": 0.3040498442367601,
        "ROC-AUC": 0.7323232323232324,
        "Accuracy": 0.9299065420560748,
        "emission": 1.245021623197058e-08
    },
    "Random Forest": {
        "AVG-PR": 0.07476635514018691,
        "ROC-AUC": 0.5,
        "Accuracy": 0.9252336448598131,
        "emission": 7.669002247131487e-07
    },
    "AdaBoost": {
        "AVG-PR": 0.23346232476635514,
        "ROC-AUC": 0.6960227272727273,
        "Accuracy": 0.9158878504672897,
        "emission": 1.22044041136495e-07
    },
    "Naive Bayes": {
        "AVG-PR": 0.08396902271461286,
        "ROC-AUC": 0.5577651515151515,
        "Accuracy": 0.3411214953271028,
        "emission": 5.113661827289087e-09
    },
    "QDA": {
        "AVG-PR": 0.07476635514018691,
        "ROC-AUC": 0.48737373737373735,
        "Accuracy": 0.9018691588785047,
        "emission": 1.9454777630832806e-08
    },
    "PLS-DA": {
        "AVG-PR": 0.5304723150239454,
        "ROC-AUC": 0.7793560606060606,
        "Accuracy": 0.9532710280373832,
        "emission": 1.2747693556551398e-07
    },
    "DNN": {
        "AVG-PR": 0.5862107166413568,
        "ROC-AUC": 0.8923611111111112,
        "Accuracy": 0.9579439252336449,
        "emission": 2.0033615331742715e-05
    }
}