{
    "Nearest Neighbors": {
        "AVG-PR": 0.03271028037383177,
        "ROC-AUC": 0.4975845410628019,
        "Accuracy": 0.9626168224299065,
        "emission": 1.4690487022469575e-08
    },
    "Linear SVM": {
        "AVG-PR": 0.03271028037383177,
        "ROC-AUC": 0.5,
        "Accuracy": 0.9672897196261683,
        "emission": 6.92953605220297e-09
    },
    "RBF SVM": {
        "AVG-PR": 0.03271028037383177,
        "ROC-AUC": 0.5,
        "Accuracy": 0.9672897196261683,
        "emission": 1.6798966766006715e-08
    },
    "Gaussian Process": {
        "AVG-PR": 0.03271028037383177,
        "ROC-AUC": 0.5,
        "Accuracy": 0.9672897196261683,
        "emission": 1.373424712628702e-06
    },
    "Decision Tree": {
        "AVG-PR": 0.03271028037383177,
        "ROC-AUC": 0.5,
        "Accuracy": 0.9672897196261683,
        "emission": 1.071028838260208e-08
    },
    "Random Forest": {
        "AVG-PR": 0.03271028037383177,
        "ROC-AUC": 0.5,
        "Accuracy": 0.9672897196261683,
        "emission": 7.391129602070797e-07
    },
    "AdaBoost": {
        "AVG-PR": 0.03271028037383177,
        "ROC-AUC": 0.4975845410628019,
        "Accuracy": 0.9626168224299065,
        "emission": 1.1737117523562559e-07
    },
    "Naive Bayes": {
        "AVG-PR": 0.030500437364762212,
        "ROC-AUC": 0.43374741200828154,
        "Accuracy": 0.705607476635514,
        "emission": 4.258461954810527e-09
    },
    "QDA": {
        "AVG-PR": 0.03271028037383177,
        "ROC-AUC": 0.5,
        "Accuracy": 0.9672897196261683,
        "emission": 3.5876010963315986e-08
    },
    "PLS-DA": {
        "AVG-PR": 0.024016685902730494,
        "ROC-AUC": 0.27122153209109734,
        "Accuracy": 0.9672897196261683,
        "emission": 1.4585057515540666e-07
    },
    "DNN": {
        "AVG-PR": 0.02597875082788549,
        "ROC-AUC": 0.3216011042097998,
        "Accuracy": 0.9672897196261683,
        "emission": 1.966430545031711e-05
    }
}