{
    "Nearest Neighbors": {
        "AVG-PR": 0.15771028037383178,
        "ROC-AUC": 0.5625,
        "Accuracy": 0.9672897196261683,
        "emission": 1.4298628558643244e-08
    },
    "Linear SVM": {
        "AVG-PR": 0.15771028037383178,
        "ROC-AUC": 0.5625,
        "Accuracy": 0.9672897196261683,
        "emission": 5.221105192445101e-09
    },
    "RBF SVM": {
        "AVG-PR": 0.037383177570093455,
        "ROC-AUC": 0.5,
        "Accuracy": 0.9626168224299065,
        "emission": 1.8402679182105727e-08
    },
    "Gaussian Process": {
        "AVG-PR": 0.037383177570093455,
        "ROC-AUC": 0.5,
        "Accuracy": 0.9626168224299065,
        "emission": 1.6982340479505762e-06
    },
    "Decision Tree": {
        "AVG-PR": 0.037383177570093455,
        "ROC-AUC": 0.49271844660194175,
        "Accuracy": 0.9485981308411215,
        "emission": 1.2877494169784717e-08
    },
    "Random Forest": {
        "AVG-PR": 0.037383177570093455,
        "ROC-AUC": 0.5,
        "Accuracy": 0.9626168224299065,
        "emission": 7.423481633514755e-07
    },
    "AdaBoost": {
        "AVG-PR": 0.037383177570093455,
        "ROC-AUC": 0.5,
        "Accuracy": 0.9626168224299065,
        "emission": 1.1570414400323956e-07
    },
    "Naive Bayes": {
        "AVG-PR": 0.055264161739462137,
        "ROC-AUC": 0.6516990291262136,
        "Accuracy": 0.5607476635514018,
        "emission": 4.703669123060621e-09
    },
    "QDA": {
        "AVG-PR": 0.037383177570093455,
        "ROC-AUC": 0.5,
        "Accuracy": 0.9626168224299065,
        "emission": 1.762217386867931e-08
    },
    "PLS-DA": {
        "AVG-PR": 0.25349843094813856,
        "ROC-AUC": 0.7141990291262135,
        "Accuracy": 0.9626168224299065,
        "emission": 1.2647322437554457e-07
    },
    "DNN": {
        "AVG-PR": 0.323069655314791,
        "ROC-AUC": 0.7760922330097086,
        "Accuracy": 0.9672897196261683,
        "emission": 2.0545695018289984e-05
    }
}