{
    "Nearest Neighbors": {
        "AVG-PR": 0.33271028037383177,
        "ROC-AUC": 0.65,
        "Accuracy": 0.9672897196261683,
        "emission": 1.4257445518206946e-08
    },
    "Linear SVM": {
        "AVG-PR": 0.1707165109034268,
        "ROC-AUC": 0.5975490196078431,
        "Accuracy": 0.9579439252336449,
        "emission": 6.808031374322201e-09
    },
    "RBF SVM": {
        "AVG-PR": 0.04672897196261682,
        "ROC-AUC": 0.5,
        "Accuracy": 0.9532710280373832,
        "emission": 1.7126976630046817e-08
    },
    "Gaussian Process": {
        "AVG-PR": 0.04672897196261682,
        "ROC-AUC": 0.5,
        "Accuracy": 0.9532710280373832,
        "emission": 3.131648224561798e-06
    },
    "Decision Tree": {
        "AVG-PR": 0.04672897196261682,
        "ROC-AUC": 0.48284313725490197,
        "Accuracy": 0.9205607476635514,
        "emission": 1.070896410601905e-08
    },
    "Random Forest": {
        "AVG-PR": 0.04672897196261682,
        "ROC-AUC": 0.5,
        "Accuracy": 0.9532710280373832,
        "emission": 7.570041645565052e-07
    },
    "AdaBoost": {
        "AVG-PR": 0.11738317757009348,
        "ROC-AUC": 0.5926470588235294,
        "Accuracy": 0.9485981308411215,
        "emission": 1.1636288940316135e-07
    },
    "Naive Bayes": {
        "AVG-PR": 0.07671421544515494,
        "ROC-AUC": 0.6867647058823529,
        "Accuracy": 0.5841121495327103,
        "emission": 4.442252177987549e-09
    },
    "QDA": {
        "AVG-PR": 0.04672897196261682,
        "ROC-AUC": 0.5,
        "Accuracy": 0.9532710280373832,
        "emission": 1.8765980529032964e-08
    },
    "PLS-DA": {
        "AVG-PR": 0.06419279261437402,
        "ROC-AUC": 0.5397058823529413,
        "Accuracy": 0.9532710280373832,
        "emission": 1.1369182195940904e-07
    },
    "DNN": {
        "AVG-PR": 0.35689227152849445,
        "ROC-AUC": 0.7372549019607844,
        "Accuracy": 0.9532710280373832,
        "emission": 1.9899251888730513e-05
    }
}