{
    "Nearest Neighbors": {
        "AVG-PR": 0.2560747663551402,
        "ROC-AUC": 0.6224747474747475,
        "Accuracy": 0.9392523364485982,
        "emission": 1.5640663752444946e-08
    },
    "Linear SVM": {
        "AVG-PR": 0.12324766355140186,
        "ROC-AUC": 0.5785984848484849,
        "Accuracy": 0.9112149532710281,
        "emission": 6.705822739597275e-09
    },
    "RBF SVM": {
        "AVG-PR": 0.07476635514018691,
        "ROC-AUC": 0.5,
        "Accuracy": 0.9252336448598131,
        "emission": 2.0482712239382433e-08
    },
    "Gaussian Process": {
        "AVG-PR": 0.07476635514018691,
        "ROC-AUC": 0.5,
        "Accuracy": 0.9252336448598131,
        "emission": 1.4463472213540514e-06
    },
    "Decision Tree": {
        "AVG-PR": 0.1810747663551402,
        "ROC-AUC": 0.6148989898989898,
        "Accuracy": 0.9252336448598131,
        "emission": 1.0526695291429417e-08
    },
    "Random Forest": {
        "AVG-PR": 0.19042056074766356,
        "ROC-AUC": 0.5625,
        "Accuracy": 0.9345794392523364,
        "emission": 7.34036967804125e-07
    },
    "AdaBoost": {
        "AVG-PR": 0.2076518691588785,
        "ROC-AUC": 0.6436237373737373,
        "Accuracy": 0.9252336448598131,
        "emission": 1.3766086099291616e-07
    },
    "Naive Bayes": {
        "AVG-PR": 0.08690973930152483,
        "ROC-AUC": 0.5748106060606061,
        "Accuracy": 0.26635514018691586,
        "emission": 3.784192845319968e-09
    },
    "QDA": {
        "AVG-PR": 0.07476635514018691,
        "ROC-AUC": 0.5,
        "Accuracy": 0.9252336448598131,
        "emission": 1.9012641742854377e-08
    },
    "PLS-DA": {
        "AVG-PR": 0.3777966343957015,
        "ROC-AUC": 0.8112373737373737,
        "Accuracy": 0.9112149532710281,
        "emission": 1.2640405185030853e-07
    },
    "DNN": {
        "AVG-PR": 0.48457080816836506,
        "ROC-AUC": 0.867739898989899,
        "Accuracy": 0.9392523364485982,
        "emission": 1.9857030419018812e-05
    }
}