{
    "Nearest Neighbors": {
        "AVG-PR": 0.3711139315154545,
        "ROC-AUC": 0.6261574074074073,
        "Accuracy": 0.780373831775701,
        "emission": 1.4845961143488051e-08
    },
    "Linear SVM": {
        "AVG-PR": 0.33210107303565245,
        "ROC-AUC": 0.5952546296296296,
        "Accuracy": 0.7616822429906542,
        "emission": 8.655981528598879e-09
    },
    "RBF SVM": {
        "AVG-PR": 0.2523364485981308,
        "ROC-AUC": 0.5,
        "Accuracy": 0.7476635514018691,
        "emission": 1.6880170181272033e-08
    },
    "Gaussian Process": {
        "AVG-PR": 0.2523364485981308,
        "ROC-AUC": 0.5,
        "Accuracy": 0.7476635514018691,
        "emission": 1.3884896413914602e-06
    },
    "Decision Tree": {
        "AVG-PR": 0.329595015576324,
        "ROC-AUC": 0.5861111111111111,
        "Accuracy": 0.7663551401869159,
        "emission": 9.777186810926456e-09
    },
    "Random Forest": {
        "AVG-PR": 0.29387331256490135,
        "ROC-AUC": 0.5277777777777778,
        "Accuracy": 0.7616822429906542,
        "emission": 7.334505546363968e-07
    },
    "AdaBoost": {
        "AVG-PR": 0.35004248088360235,
        "ROC-AUC": 0.6197916666666666,
        "Accuracy": 0.7616822429906542,
        "emission": 1.1198308554563265e-07
    },
    "Naive Bayes": {
        "AVG-PR": 0.2690162150584518,
        "ROC-AUC": 0.5412037037037037,
        "Accuracy": 0.3598130841121495,
        "emission": 3.8034624178419876e-09
    },
    "QDA": {
        "AVG-PR": 0.30771893388715815,
        "ROC-AUC": 0.537037037037037,
        "Accuracy": 0.7663551401869159,
        "emission": 2.1500379940387945e-08
    },
    "PLS-DA": {
        "AVG-PR": 0.49675091951202843,
        "ROC-AUC": 0.7111689814814816,
        "Accuracy": 0.7663551401869159,
        "emission": 1.249971073226002e-07
    },
    "DNN": {
        "AVG-PR": 0.5224469131831108,
        "ROC-AUC": 0.7405671296296297,
        "Accuracy": 0.7757009345794392,
        "emission": 1.9637496082524616e-05
    }
}