{
    "Nearest Neighbors": {
        "AVG-PR": 0.44179070035767853,
        "ROC-AUC": 0.719671201814059,
        "Accuracy": 0.9485981308411215,
        "emission": 1.4735646693858374e-08
    },
    "Linear SVM": {
        "AVG-PR": 0.2591603619641003,
        "ROC-AUC": 0.6337868480725624,
        "Accuracy": 0.9299065420560748,
        "emission": 5.820185358534585e-09
    },
    "RBF SVM": {
        "AVG-PR": 0.08411214953271028,
        "ROC-AUC": 0.5,
        "Accuracy": 0.9158878504672897,
        "emission": 1.8198787588373865e-08
    },
    "Gaussian Process": {
        "AVG-PR": 0.08411214953271028,
        "ROC-AUC": 0.5,
        "Accuracy": 0.9158878504672897,
        "emission": 1.0053586893838253e-06
    },
    "Decision Tree": {
        "AVG-PR": 0.237892948173322,
        "ROC-AUC": 0.6539115646258503,
        "Accuracy": 0.9205607476635514,
        "emission": 1.2624411797488898e-08
    },
    "Random Forest": {
        "AVG-PR": 0.23676012461059187,
        "ROC-AUC": 0.5833333333333334,
        "Accuracy": 0.9299065420560748,
        "emission": 7.301301861316269e-07
    },
    "AdaBoost": {
        "AVG-PR": 0.3882099209202013,
        "ROC-AUC": 0.7397959183673468,
        "Accuracy": 0.9392523364485982,
        "emission": 1.2288656465242807e-07
    },
    "Naive Bayes": {
        "AVG-PR": 0.09414689671699018,
        "ROC-AUC": 0.5569727891156464,
        "Accuracy": 0.32710280373831774,
        "emission": 4.8916090066843914e-09
    },
    "QDA": {
        "AVG-PR": 0.08411214953271028,
        "ROC-AUC": 0.49489795918367346,
        "Accuracy": 0.9065420560747663,
        "emission": 1.980108330139882e-08
    },
    "PLS-DA": {
        "AVG-PR": 0.5793973489994629,
        "ROC-AUC": 0.8585600907029479,
        "Accuracy": 0.9205607476635514,
        "emission": 1.2570196735940567e-07
    },
    "DNN": {
        "AVG-PR": 0.6537741135733963,
        "ROC-AUC": 0.8526077097505668,
        "Accuracy": 0.9485981308411215,
        "emission": 2.0706481115281168e-05
    }
}