{
    "Nearest Neighbors": {
        "AVG-PR": 0.43310022704877427,
        "ROC-AUC": 0.7096412580743913,
        "Accuracy": 0.8338381652964085,
        "emission": 1.396631375456967e-07
    },
    "Linear SVM": {
        "AVG-PR": 0.3803384950509994,
        "ROC-AUC": 0.6596114161375505,
        "Accuracy": 0.8208567719601904,
        "emission": 2.90378588076918e-07
    },
    "RBF SVM": {
        "AVG-PR": 0.24473859214806717,
        "ROC-AUC": 0.520087147265003,
        "Accuracy": 0.7905668541756815,
        "emission": 1.2615067369158146e-06
    },
    "Gaussian Process": {
        "AVG-PR": 0.21722198182604932,
        "ROC-AUC": 0.5,
        "Accuracy": 0.7827780181739507,
        "emission": 4.440589005698889e-05
    },
    "Decision Tree": {
        "AVG-PR": 0.35885617194040464,
        "ROC-AUC": 0.668767164619576,
        "Accuracy": 0.7957594115101687,
        "emission": 5.579558021108595e-08
    },
    "Random Forest": {
        "AVG-PR": 0.218781300587352,
        "ROC-AUC": 0.500996015936255,
        "Accuracy": 0.783210731285158,
        "emission": 8.626161731937927e-07
    },
    "AdaBoost": {
        "AVG-PR": 0.3875900623453025,
        "ROC-AUC": 0.6731746314906213,
        "Accuracy": 0.8195586326265686,
        "emission": 5.845766152389696e-07
    },
    "Naive Bayes": {
        "AVG-PR": 0.34507431083019063,
        "ROC-AUC": 0.7173720816017302,
        "Accuracy": 0.6668109043704025,
        "emission": 1.0659566597424472e-08
    },
    "QDA": {
        "AVG-PR": 0.23485368882223645,
        "ROC-AUC": 0.5478588685611341,
        "Accuracy": 0.3067935958459541,
        "emission": 6.189886214837336e-08
    },
    "PLS-DA": {
        "AVG-PR": 0.5475115761940783,
        "ROC-AUC": 0.8137158386905666,
        "Accuracy": 0.8039809606231069,
        "emission": 1.1637280678824114e-06
    },
    "DNN": {
        "AVG-PR": 0.614857645430082,
        "ROC-AUC": 0.8450608841582261,
        "Accuracy": 0.8277801817395067,
        "emission": 0.0001132217652016796
    }
}