{
    "Nearest Neighbors": {
        "AVG-PR": 0.2865569095319285,
        "ROC-AUC": 0.5753833752882335,
        "Accuracy": 0.7948939852877542,
        "emission": 3.0581542197622943e-07
    },
    "Linear SVM": {
        "AVG-PR": 0.33896291367057374,
        "ROC-AUC": 0.6666330807229898,
        "Accuracy": 0.7676330592816962,
        "emission": 4.337430675486593e-06
    },
    "RBF SVM": {
        "AVG-PR": 0.22689913803736317,
        "ROC-AUC": 0.5104606449822601,
        "Accuracy": 0.7845088706187797,
        "emission": 1.1624720437824175e-05
    },
    "Gaussian Process": {
        "AVG-PR": 0.37052915582710755,
        "ROC-AUC": 0.6595068041818354,
        "Accuracy": 0.8139333621808741,
        "emission": 0.0003372169728865113
    },
    "Decision Tree": {
        "AVG-PR": 0.2978788924230758,
        "ROC-AUC": 0.5904953981751271,
        "Accuracy": 0.7948939852877542,
        "emission": 1.9721574285001646e-07
    },
    "Random Forest": {
        "AVG-PR": 0.21722198182604932,
        "ROC-AUC": 0.5,
        "Accuracy": 0.7827780181739507,
        "emission": 1.0283432769599027e-06
    },
    "AdaBoost": {
        "AVG-PR": 0.33328355968640233,
        "ROC-AUC": 0.6309559991102478,
        "Accuracy": 0.7996538295110341,
        "emission": 2.64324642156536e-06
    },
    "Naive Bayes": {
        "AVG-PR": 0.21541009933010624,
        "ROC-AUC": 0.49460973133447417,
        "Accuracy": 0.36650800519255733,
        "emission": 1.6340930375212536e-07
    },
    "QDA": {
        "AVG-PR": 0.2767737562527495,
        "ROC-AUC": 0.5797159620225566,
        "Accuracy": 0.7780181739506707,
        "emission": 7.271504715682029e-06
    },
    "PLS-DA": {
        "AVG-PR": 0.5617211183875354,
        "ROC-AUC": 0.7964691813178463,
        "Accuracy": 0.8109043704024232,
        "emission": 1.5978149522841562e-05
    },
    "DNN": {
        "AVG-PR": 0.4513675449699535,
        "ROC-AUC": 0.737541817252824,
        "Accuracy": 0.7862397230636088,
        "emission": 0.00013067699180689202
    }
}